phrase,source,researcher,verified,corpus_role,target_value,package_cluster,availability_state,confidence,reason_rule,sensitivity,notes_provenance
(ב)אור משיח בן יוסף יזרח,excel_import,,False,research_vocabulary,2368,none,deep_research,MEDIUM,unverified_with_notes,normal,גדול
(חמור בן מאה גוונים משיח בן דוד)=891!,excel_import,,False,research_vocabulary,,none,deep_research,LOW,unverified_bare,normal,(חמור בן מאה גוונים משיח בן דוד)=891!
11111 דרגת היחידה- לפי אחת,excel_import,,False,research_vocabulary,2701,none,deep_research,MEDIUM,unverified_with_notes,normal,11111 דרגת היחידה - לפי אחת
11111 דרגת מלך-לפי אחת,excel_import,,False,research_vocabulary,2015,none,deep_research,MEDIUM,unverified_with_notes,normal,11111 דרגת מלך - לפי אחת
11111 דרגת משיח -- אטבח -66 אטבח לפי אחת,excel_import,,False,research_vocabulary,26600,none,deep_research,MEDIUM,unverified_with_notes,normal,11111 דרגת משיח - אטבח - 66 אטבח לפי אחת
1118 ביאת המשיח בעתה - מסתתר,excel_import,,False,research_vocabulary,2212,none,deep_research,LOW,unverified_bare,normal,1118 ביאת המשיח בעתה - מסתתר
1118 כי ליהוה המלוכה המשיח -ראשי תיבות,excel_import,,False,research_vocabulary,363,none,deep_research,MEDIUM,unverified_with_notes,normal,1118 כי ליהוה המלוכה המשיח - ראשי תיבות
1335 1290 22 12 - רת -7810-גדול ומלים -1202- סת,excel_import,,False,research_vocabulary,2212,none,deep_research,MEDIUM,unverified_with_notes,normal,1335 1290 22 12 - רת - 7810 - גדול ומלים - 1202 - סת
1335 1290 סוד מיכאל בספר דניאל - לפני -לפי אחת,excel_import,,False,research_vocabulary,5330,none,deep_research,MEDIUM,unverified_with_notes,normal,1335 1290 סוד מיכאל בספר דניאל - לפני - לפי אחת
1335- מילוי ללא -לפי אחד,excel_import,,False,research_vocabulary,1820,none,deep_research,MEDIUM,unverified_with_notes,normal,1335 - מילוי ללא - לפי אחד
2216 סוד המשיח- סת -4240-רגיל ומסתתר,excel_import,,False,research_vocabulary,396,none,deep_research,MEDIUM,unverified_with_notes,normal,2216 סוד המשיח - סת - 4240 - רגיל ומסתתר
266 הנבחר למשיח בימינו - אתבש,excel_import,,False,research_vocabulary,1134,none,deep_research,LOW,unverified_bare,normal,266 הנבחר למשיח בימינו - אתבש
266 יהיה גואלנו בשנה הבאה - מסתתר,excel_import,,False,research_vocabulary,1237,none,deep_research,LOW,unverified_bare,normal,266 יהיה גואלנו בשנה הבאה - מסתתר
2660 3370 המשיח האחרון - אחרי,excel_import,,False,research_vocabulary,6440,none,deep_research,LOW,unverified_bare,normal,2660 3370 המשיח האחרון - אחרי
337 עוזר המשיח 266- אתבש,excel_import,,False,research_vocabulary,,none,deep_research,MEDIUM,unverified_with_notes,normal,337 עוזר המשיח 266 - אתבש
363 צומח למשיח בן דויד אמיתי אחרון - מילוי,excel_import,,False,research_vocabulary,7170,none,deep_research,LOW,unverified_bare,normal,363 צומח למשיח בן דויד אמיתי אחרון - מילוי
396 גואל אחרון - אות שניה,excel_import,,False,research_vocabulary,644,none,deep_research,LOW,unverified_bare,normal,396 גואל אחרון - אות שניה
396 גואל האחרון ב2015- לפי אחת,excel_import,,False,research_vocabulary,3960,none,deep_research,MEDIUM,unverified_with_notes,normal,396 גואל האחרון ב2015 - לפי אחת
396 משיח בן דוד בזמן הזה -משולש -14370-מסתתר =פי 5,excel_import,,False,research_vocabulary,78100,none,deep_research,MEDIUM,unverified_with_notes,normal,396 משיח בן דוד בזמן הזה - משולש - 14370 - מסתתר =פי 5
396 שם המשיח -לפני בן איש חי -1717 מסתתר,excel_import,,False,research_vocabulary,2330,none,deep_research,MEDIUM,unverified_with_notes,normal,396 שם המשיח - לפני בן איש חי - 1717 מסתתר
3960 המשיח האמיתי האחרון - מסתתר גדול =- 2440- אטבח,excel_import,,False,research_vocabulary,3500,none,deep_research,MEDIUM,unverified_with_notes,normal,3960 המשיח האמיתי האחרון - מסתתר גדול = - 2440 - אטבח
477 המשיח -מילוי -2480מילוי ללא,excel_import,,False,research_vocabulary,3860,none,deep_research,MEDIUM,unverified_with_notes,normal,477 המשיח - מילוי - 2480מילוי ללא
533 יודע סוד ביאת המשיח - מילוי ללא,excel_import,,False,research_vocabulary,2936,none,deep_research,LOW,unverified_bare,normal,533 יודע סוד ביאת המשיח - מילוי ללא
590 המשיח האחרון -לפני,excel_import,,False,research_vocabulary,1335,none,deep_research,MEDIUM,unverified_with_notes,normal,590 המשיח האחרון - לפני
644 המשיח בעתה -רגיל ריבוע משולש,excel_import,,False,research_vocabulary,14000,none,deep_research,MEDIUM,unverified_with_notes,normal,644 המשיח בעתה - רגיל ריבוע משולש
644 המשיח האחרון - לפני,excel_import,,False,research_vocabulary,1134,none,deep_research,LOW,unverified_bare,normal,644 המשיח האחרון - לפני
644 המשיח האחרון -לפני,excel_import,,False,research_vocabulary,1134,none,deep_research,MEDIUM,unverified_with_notes,normal,644 המשיח האחרון - לפני
644 הנבחר למשיח האחרון - אתבש,excel_import,,False,research_vocabulary,2660,none,deep_research,LOW,unverified_bare,normal,644 הנבחר למשיח האחרון - אתבש
644 משיח בן דוד- לפני,excel_import,,False,research_vocabulary,1820,none,deep_research,MEDIUM,unverified_with_notes,normal,644 משיח בן דוד - לפני
644 משיחי - מדבר רבה 1266,excel_import,,False,research_vocabulary,1514,none,deep_research,LOW,unverified_bare,normal,644 משיחי - מדבר רבה 1266
644 משיחי האחרון האמיתי - מילוי גדול,excel_import,,False,research_vocabulary,22220,none,deep_research,LOW,unverified_bare,normal,644 משיחי האחרון האמיתי - מילוי גדול
644 צומח למשיח יהוה - לפני,excel_import,,False,research_vocabulary,1134,none,deep_research,LOW,unverified_bare,normal,644 צומח למשיח יהוה - לפני
644 צומח למשיח יהוה בזמן הזה,excel_import,,False,research_vocabulary,1820,none,deep_research,LOW,unverified_bare,normal,644 צומח למשיח יהוה בזמן הזה
644 שם המשיח -אות שלישית,excel_import,,False,research_vocabulary,644,none,deep_research,MEDIUM,unverified_with_notes,normal,644 שם המשיח - אות שלישית
717 משיח בן דויד אתבש,excel_import,,False,research_vocabulary,1820,none,deep_research,LOW,unverified_bare,normal,717 משיח בן דויד אתבש
א אב אבר אברה אברהם ה המ המש המשי המשיח,excel_import,,False,research_vocabulary,1776,none,deep_research,LOW,unverified_bare,normal,(none)
אבוא כמשיח האחרון בהיסח הדעת,excel_import,,False,research_vocabulary,1222,none,deep_research,MEDIUM,unverified_with_notes,normal,אתבש - 2180 - מסתתר
אבוא כמשיח יהוה עני ורכב על חמור,excel_import,,False,research_vocabulary,1126,none,deep_research,MEDIUM,unverified_with_notes,normal,מילוי
אבוא כמשיחך השנה,excel_import,,True,thematic_corpus,768,none,public_expanded,MEDIUM,verified_default,normal,לפני - 2660 - לפני - פי 5
אהוי אני משיח אמתי,excel_import,,True,thematic_corpus,892,none,public_expanded,MEDIUM,verified_default,normal,(none)
אהוי התגלות משיח,excel_import,,True,thematic_corpus,1224,none,public_expanded,MEDIUM,verified_default,normal,רגיל ומשולש
אהוי מי המשיח האחרון,excel_import,,True,thematic_corpus,705,none,public_expanded,MEDIUM,verified_default,normal,(none)
אהיה המשיח האחרון,excel_import,,True,thematic_corpus,654,none,public_expanded,MEDIUM,verified_default,normal,מסתתר גדול - 1335 - מדבר רבה
אהיה לחזקת משיח ב 12 22 - פי 5 - ראשי תיבות,excel_import,,False,research_vocabulary,3370,none,deep_research,LOW,unverified_bare,normal,אהיה לחזקת משיח ב 12 22 - פי 5 - ראשי תיבות
אהיה מלך המשיח בזמן הזה,excel_import,,False,research_vocabulary,590,none,deep_research,MEDIUM,unverified_with_notes,normal,2660 - רגיל ומילוי
אהיה משיח אחרון,excel_import,,True,thematic_corpus,644,none,public_expanded,MEDIUM,verified_default,normal,(none)
אהיה משיח בן דויד בעשירי בטבת השנה,excel_import,,False,research_vocabulary,1820,none,deep_research,LOW,unverified_bare,normal,(none)
אהיה משיח יהוה,excel_import,,True,thematic_corpus,405,none,public_expanded,MEDIUM,verified_default,normal,מילוי רגיל
אהיה משיח יהוה האחרון ב2015 -אטבח - 3383 איק בכר,excel_import,,False,research_vocabulary,2015,none,deep_research,MEDIUM,unverified_with_notes,normal,אהיה משיח יהוה האחרון ב2015 - אטבח - 3383 איק בכר
אהיה שלח את המשיח האחרון,excel_import,,False,research_vocabulary,1393,none,deep_research,MEDIUM,unverified_with_notes,normal,מילוי ללא
אובאמה הנחש עמלק נגד יהוה ומשיחו,excel_import,,False,research_vocabulary,1111,none,deep_research,LOW,unverified_bare,normal,(none)
אובמה שרש נחש מלך המשיח ר ת,excel_import,,False,research_vocabulary,2265,none,deep_research,LOW,unverified_bare,normal,(none)
אופיע כמשיח - מסתתר - 800 לפני,excel_import,,False,research_vocabulary,781,none,deep_research,LOW,unverified_bare,normal,אופיע כמשיח - מסתתר - 800 לפני
אופיע כמשיח יהוה האחרון = משולש,excel_import,,False,research_vocabulary,3382,none,deep_research,LOW,unverified_bare,normal,אופיע כמשיח יהוה האחרון = משולש
אופיע כמשיח יהוה האחרון בעתה - אתבש,excel_import,,False,research_vocabulary,2015,none,deep_research,LOW,unverified_bare,normal,אופיע כמשיח יהוה האחרון בעתה - אתבש
אור הגאולה בנוסף ל1237,excel_import,,False,research_vocabulary,257,none,deep_research,LOW,unverified_bare,normal,אור הגאולה בנוסף ל1237
אור מלך המשיח,excel_import,,True,thematic_corpus,660,none,public_expanded,MEDIUM,verified_default,normal,מילוי ללא
אור מלך המשיח מילוי ללא,excel_import,,False,research_vocabulary,817,none,deep_research,LOW,unverified_bare,normal,אור מלך המשיח מילוי ללא
אור מלך המשיח שאול מסתתר 1363 אחרי,excel_import,,False,research_vocabulary,1134,none,deep_research,LOW,unverified_bare,normal,אור מלך המשיח שאול מסתתר 1363 אחרי
אור משיח ויהוה,excel_import,,True,thematic_corpus,597,none,public_expanded,MEDIUM,verified_default,normal,רגיל ומילוי
אורגזמה לשמש מירח בגאולה,excel_import,,True,thematic_corpus,1237,none,public_expanded,MEDIUM,verified_default,normal,בלי בגאולה 1190 1000
אורן עברון יעזור למשיח 3630 מילוי,excel_import,,False,research_vocabulary,1266,none,deep_research,LOW,unverified_bare,normal,אורן עברון יעזור למשיח 3630 מילוי
אותו ייעדת למשיח,excel_import,,True,thematic_corpus,1295,none,public_expanded,MEDIUM,verified_default,normal,אחרי
אותית העברית למשיח,excel_import,,True,thematic_corpus,1892,none,public_expanded,MEDIUM,verified_default,normal,מסתתר
אחדות יהוה בגאולה,excel_import,,True,thematic_corpus,492,none,public_expanded,MEDIUM,verified_default,normal,משולש - + 4142
אחשף כמשיח יהוה,excel_import,,True,thematic_corpus,793,none,public_expanded,MEDIUM,verified_default,normal,מילוי גדול
איך קוראים למשיח,excel_import,,True,thematic_corpus,776,none,public_expanded,MEDIUM,verified_default,normal,(none)
אימפרית המשיח,excel_import,,True,thematic_corpus,1104,none,public_expanded,MEDIUM,verified_default,normal,רגיל
אִישׁ הָאֱלֹהִים משיחך,excel_import,,False,research_vocabulary,780,none,deep_research,LOW,unverified_bare,normal,(none)
אליה יגלה את הגואל בעתה,excel_import,,False,research_vocabulary,1017,none,deep_research,LOW,unverified_bare,normal,(none)
אליהו הנביא גאולה,excel_import,,True,thematic_corpus,165,none,public_expanded,MEDIUM,verified_default,normal,רגיל ומשולש
אליהו הנביא המלאך מיכאל ומלך המשיח,excel_import,,False,research_vocabulary,776,none,deep_research,MEDIUM,unverified_with_notes,normal,מסתתר - 2880
אליהו הנביא והמשיח לדור האחרון,excel_import,,False,research_vocabulary,999,none,deep_research,LOW,unverified_bare,normal,(none)
אליהו הנביא והמשיח מילוי,excel_import,,True,thematic_corpus,585,none,public_expanded,MEDIUM,verified_default,normal,אליהו הנביא והמשיח מילוי
אליהו הנביא ומשיח יהוה האחרון,excel_import,,False,research_vocabulary,780,none,deep_research,MEDIUM,unverified_with_notes,normal,מילוי
אליהו הנביא יגלה את המשיח האחרון,excel_import,,False,research_vocabulary,1202,none,deep_research,LOW,unverified_bare,normal,(none)
אליהו הנביא ימשח אותי למשיח,excel_import,,False,research_vocabulary,1283,none,deep_research,MEDIUM,unverified_with_notes,normal,רגיל ומלים - פי 5
אליהו הנביא ימשח אותי למשיח אחרון,excel_import,,False,research_vocabulary,1548,none,deep_research,MEDIUM,unverified_with_notes,normal,ריבוע
אליהו הנביא ימשח אותי למשיח בימינו,excel_import,,False,research_vocabulary,1401,none,deep_research,MEDIUM,unverified_with_notes,normal,לפני
אליהו והמשיח בזמן הזה,excel_import,,True,thematic_corpus,537,none,public_expanded,MEDIUM,verified_default,normal,לפני הפליאה - 1551 אתבש
אליהו יבשר למשיח ר ישרפוך,excel_import,,False,research_vocabulary,1768,none,deep_research,LOW,unverified_bare,normal,(none)
אליהו יבשר משיח בן יוסף,excel_import,,False,research_vocabulary,1130,none,deep_research,MEDIUM,unverified_with_notes,normal,מסתתר
אליהו יגלה את הגואל 1266 במלוי,excel_import,,False,research_vocabulary,546,none,deep_research,LOW,unverified_bare,normal,אליהו יגלה את הגואל 1266 במלוי
אליהו יגלה את הגואל בעתה,excel_import,,False,research_vocabulary,1023,none,deep_research,LOW,unverified_bare,normal,(none)
אליהו יגלה את הגואל האחרון,excel_import,,False,research_vocabulary,816,none,deep_research,MEDIUM,unverified_with_notes,normal,מילוי רגיל
אליהו יכתיר אותי למלך המשיח,excel_import,,False,research_vocabulary,1592,none,deep_research,MEDIUM,unverified_with_notes,normal,מדבר רבה
אליהו מבשר הגאולה,excel_import,,True,thematic_corpus,644,none,public_expanded,MEDIUM,verified_default,normal,(none)
אליהו משיח בן דויד בדרך,excel_import,,False,research_vocabulary,712,none,deep_research,LOW,unverified_bare,normal,(none)
אליוט קצבמן משיח בן דויד =פי 5,excel_import,,False,research_vocabulary,3860,none,deep_research,LOW,unverified_bare,normal,אליוט קצבמן משיח בן דויד =פי 5
אלף שמונה מאות ועשרים משיח,excel_import,,False,research_vocabulary,1943,none,deep_research,MEDIUM,unverified_with_notes,normal,סופי תיבות
אמשח למלך המשיח בחודש הבא,excel_import,,False,research_vocabulary,1160,none,deep_research,MEDIUM,unverified_with_notes,normal,לפני
אמשח למשיח בחודש הבא,excel_import,,True,thematic_corpus,1065,none,public_expanded,MEDIUM,verified_default,normal,מילוי - 3630 - לפני
אמשח למשיח בעוד שלשים ושבעה יום,excel_import,,False,research_vocabulary,1938,none,deep_research,MEDIUM,unverified_with_notes,normal,מסתתר =פי 5
אמשח למשיח בעת קץ,excel_import,,True,thematic_corpus,1399,none,public_expanded,MEDIUM,verified_default,normal,פי 5 - לפני
אמשח למשיח ישראל האחרון,excel_import,,True,thematic_corpus,1548,none,public_expanded,MEDIUM,verified_default,normal,מסתתר
אנחנו בזמן הגאולה האמיתית השלמה,excel_import,,False,research_vocabulary,1510,none,deep_research,MEDIUM,unverified_with_notes,normal,מילוי
אנחנו בזמן הגאולה השלמה,excel_import,,True,thematic_corpus,644,none,public_expanded,MEDIUM,verified_default,normal,(none)
אנחנו דוהרים לעבר הגאולה,excel_import,,True,thematic_corpus,732,none,public_expanded,MEDIUM,verified_default,normal,2880 משולש
אנחנו דור הגאולה האמיתית האחרונה,excel_import,,False,research_vocabulary,1516,none,deep_research,MEDIUM,unverified_with_notes,normal,משולש
אנחנו דור הגאולה האמיתית האחרונה ∆,excel_import,,False,research_vocabulary,5776,none,deep_research,LOW,unverified_bare,normal,(none)
אנחנו הגואלים,excel_import,,True,thematic_corpus,210,none,public_expanded,MEDIUM,verified_default,normal,מסתתר
אני הגואל האמיתי,excel_import,,True,thematic_corpus,572,none,public_expanded,MEDIUM,verified_default,normal,אתבש
אני הגואל האמתי האחרון,excel_import,,True,thematic_corpus,832,none,public_expanded,MEDIUM,verified_default,normal,לפני
אני הנבחר לגואל,excel_import,,True,thematic_corpus,396,none,public_expanded,MEDIUM,verified_default,normal,717 - אלבם
אני הנבחר לגואל האמתי האחרון,excel_import,,False,research_vocabulary,1122,none,deep_research,MEDIUM,unverified_with_notes,normal,אחרי רגיל
אני הנבחר למשיחך,excel_import,,True,thematic_corpus,734,none,public_expanded,MEDIUM,verified_default,normal,מילוי ללא מילה
אני הנבחר למשיחך האמיתי,excel_import,,True,thematic_corpus,1200,none,public_expanded,MEDIUM,verified_default,normal,מילוי ללא מילה
אני הנבחר למשיחם,excel_import,,True,thematic_corpus,754,none,public_expanded,MEDIUM,verified_default,normal,רגיל ומשולש
אני מלך המשיח,excel_import,,True,thematic_corpus,514,none,public_expanded,MEDIUM,verified_default,normal,מסתתר
אני מלך המשיח בזמן הזה,excel_import,,False,research_vocabulary,630,none,deep_research,MEDIUM,unverified_with_notes,normal,לפני
אני מלך המשיח בעתה,excel_import,,True,thematic_corpus,991,none,public_expanded,MEDIUM,verified_default,normal,משולש
אני משיח אחרון,excel_import,,True,thematic_corpus,684,none,public_expanded,MEDIUM,verified_default,normal,אטבח - 358 אות שניה
אני משיח אמיתי,excel_import,,True,thematic_corpus,880,none,public_expanded,MEDIUM,verified_default,normal,מקור עם ∆ (סימן משולש/קדמי)
אני משיח בן דויד,excel_import,,True,thematic_corpus,495,none,public_expanded,MEDIUM,verified_default,normal,לפני פליאה
אני משיח בן דויד ∆,excel_import,,False,research_vocabulary,1821,none,deep_research,LOW,unverified_bare,normal,(none)
אני משיח יהוה לפני,excel_import,,True,thematic_corpus,615,none,public_expanded,MEDIUM,verified_default,normal,אני משיח יהוה לפני
אני משיח עבד יהוה לפני-11340- מילוי דה מילוי,excel_import,,False,research_vocabulary,781,none,deep_research,MEDIUM,unverified_with_notes,normal,אני משיח עבד יהוה לפני - 11340 - מילוי דה מילוי
אני משיחו האמיתי האחרון,excel_import,,True,thematic_corpus,1161,none,public_expanded,MEDIUM,verified_default,normal,משולש=פי 5
אני משיחו האמתי רגיל ומילוי,excel_import,,False,research_vocabulary,1226,none,deep_research,LOW,unverified_bare,normal,אני משיחו האמתי רגיל ומילוי
אני משיחך מילו ללא,excel_import,,True,thematic_corpus,586,none,public_expanded,MEDIUM,verified_default,normal,(none)
אני משיחם האמתי,excel_import,,True,thematic_corpus,915,none,public_expanded,MEDIUM,verified_default,normal,אטבח
אני נבחר יהוה האחרון למשיח,excel_import,,False,research_vocabulary,1005,none,deep_research,MEDIUM,unverified_with_notes,normal,אחרי
אני נבחר יהוה האחרון למשיחו,excel_import,,False,research_vocabulary,1011,none,deep_research,MEDIUM,unverified_with_notes,normal,משולש
אני נבחר יהוה האחרון למשיחו האמיתי,excel_import,,False,research_vocabulary,1477,none,deep_research,MEDIUM,unverified_with_notes,normal,מילוי ללא
אני נבחר יהוה האחרון למשיחך,excel_import,,False,research_vocabulary,1025,none,deep_research,MEDIUM,unverified_with_notes,normal,משולש
אני נביאך משיחך בימינו ועוד אותיות,excel_import,,False,research_vocabulary,1549,none,deep_research,LOW,unverified_bare,normal,(none)
אני סוד משיח יהוה,excel_import,,True,thematic_corpus,515,none,public_expanded,MEDIUM,verified_default,normal,לפני
אני עבדך משיחך,excel_import,,True,thematic_corpus,535,none,public_expanded,MEDIUM,verified_default,normal,אתבש - פי 5
אני צומח למשיח ישראל,excel_import,,True,thematic_corpus,1134,none,public_expanded,MEDIUM,verified_default,normal,396 - אות שניה
אני צמח המשיח,excel_import,,True,thematic_corpus,562,none,public_expanded,MEDIUM,verified_default,normal,אתבש - אחרי - 3630 - 6440 - רגיל ואתבש - 6600 - רגיל ומסתתר
אני צמח המשיח האמתי,excel_import,,True,thematic_corpus,1018,none,public_expanded,MEDIUM,verified_default,normal,מילוי בלבד גדול - מיקום האות 358 - מילוי 3580
אני צמח המשיח האמתי האחרון,excel_import,,False,research_vocabulary,1288,none,deep_research,MEDIUM,unverified_with_notes,normal,1134 - מילוי =פי 5
אני צמח המשיח מזרע דוד,excel_import,,False,research_vocabulary,893,none,deep_research,MEDIUM,unverified_with_notes,normal,מסתתר
אני צמח המשיח מזרע דוד בזמן הזה,excel_import,,False,research_vocabulary,1009,none,deep_research,MEDIUM,unverified_with_notes,normal,מסתתר
אני צמח המשיח מזרע דוד בימינו,excel_import,,False,research_vocabulary,1011,none,deep_research,MEDIUM,unverified_with_notes,normal,לפני
אני שורש משיח אחרון,excel_import,,True,thematic_corpus,1490,none,public_expanded,MEDIUM,verified_default,normal,אטבח
אנכי משיח אחרון כל אות שניה,excel_import,,False,research_vocabulary,1526,none,deep_research,LOW,unverified_bare,normal,(none)
ארבע שלוש ארבע ∆ (434 = משיח בן דויד),excel_import,,False,research_vocabulary,4456,none,deep_research,LOW,unverified_bare,normal,ארבע שלוש ארבע ∆ (434 = משיח בן דויד)
אשלח לכם את מלך המשיח,excel_import,,False,research_vocabulary,1283,none,deep_research,MEDIUM,unverified_with_notes,normal,רגיל ומלים=פי 5
אשרי המחכה ל1335 -רת,excel_import,,False,research_vocabulary,644,none,deep_research,MEDIUM,unverified_with_notes,normal,אשרי המחכה ל1335 - רת
אשרי המחכה לביאת המשיח,excel_import,,True,thematic_corpus,1395,none,public_expanded,MEDIUM,verified_default,normal,מילוי ללא=פי 5
אשרי המחכה למשיח ל1335-רת --פי 5-אחרי גדול 20160,excel_import,,False,research_vocabulary,3370,none,deep_research,MEDIUM,unverified_with_notes,normal,אשרי המחכה למשיח ל1335 - רת - פי 5 - אחרי גדול 20160
אשרי המשיח האמיתי בא בעתה,excel_import,,False,research_vocabulary,1820,none,deep_research,LOW,unverified_bare,normal,(none)
אשריך אתה המשיח 4240,excel_import,,False,research_vocabulary,18200,none,deep_research,LOW,unverified_bare,normal,אשריך אתה המשיח 4240
את מי בחרת למלך המשיח בזמן הזה - אחרי,excel_import,,False,research_vocabulary,3480,none,deep_research,LOW,unverified_bare,normal,את מי בחרת למלך המשיח בזמן הזה - אחרי
אתגלה כמשיח בעוד שבועיים,excel_import,,True,thematic_corpus,1337,none,public_expanded,MEDIUM,verified_default,normal,(none)
אתגלה כמשיח בשנה הנוכחית,excel_import,,True,thematic_corpus,1673,none,public_expanded,MEDIUM,verified_default,normal,לפני
אתה גואלי האחרון,excel_import,,True,thematic_corpus,726,none,public_expanded,MEDIUM,verified_default,normal,(none)
אתה גואלי האחרון =פי 5 2510-לפני,excel_import,,False,research_vocabulary,3630,none,deep_research,MEDIUM,unverified_with_notes,normal,אתה גואלי האחרון =פי 5 2510 - לפני
אתה המשיח האחרון,excel_import,,True,thematic_corpus,1039,none,public_expanded,MEDIUM,verified_default,normal,אתבש
אתה השליח שלי לגאולה האמתית האחרונה,excel_import,,False,research_vocabulary,2305,none,deep_research,MEDIUM,unverified_with_notes,normal,מילוי
אתה משיחי האחרון,excel_import,,True,thematic_corpus,1044,none,public_expanded,MEDIUM,verified_default,normal,(none)
אתה נבחרי למשיח האחרון,excel_import,,True,thematic_corpus,1334,none,public_expanded,MEDIUM,verified_default,normal,רגיל לפני אחרי =פי 5
אתה נבחרי למשיח האמתי,excel_import,,True,thematic_corpus,1520,none,public_expanded,MEDIUM,verified_default,normal,(none)
אתה נבחרת למשיח בזמן הזה - אחרי =פי 5,excel_import,,False,research_vocabulary,15200,none,deep_research,LOW,unverified_bare,normal,אתה נבחרת למשיח בזמן הזה - אחרי =פי 5
אתה נבחרת למשיח בזמן הזה - משולש,excel_import,,False,research_vocabulary,5900,none,deep_research,LOW,unverified_bare,normal,אתה נבחרת למשיח בזמן הזה - משולש
אתה נבחרת למשיחי -לפני פי 5,excel_import,,False,research_vocabulary,5140,none,deep_research,MEDIUM,unverified_with_notes,normal,אתה נבחרת למשיחי - לפני פי 5
אתה רוצה אותי כמשיחך,excel_import,,True,thematic_corpus,1522,none,public_expanded,MEDIUM,verified_default,normal,משולש
אתה רוצה אותי כמשיחך האחרון,excel_import,,False,research_vocabulary,1792,none,deep_research,MEDIUM,unverified_with_notes,normal,מיקום - פי 5
אתה תהיה המשיח האמיתי האחרון,excel_import,,False,research_vocabulary,1925,none,deep_research,MEDIUM,unverified_with_notes,normal,מילוי - 363 - אות שלישית
אתה תהיה מלך המשיח האמיתי האחרון,excel_import,,False,research_vocabulary,2015,none,deep_research,MEDIUM,unverified_with_notes,normal,477 - אות שניה
אתעבר ברוחו של משיח ביטבת,excel_import,,False,research_vocabulary,2006,none,deep_research,MEDIUM,unverified_with_notes,normal,סופי תיבות
אתעבר ברוחו של משיח בימינו,excel_import,,False,research_vocabulary,1701,none,deep_research,MEDIUM,unverified_with_notes,normal,לפני - 6500 משולש
אתר המשיח כי לה המלוכה,excel_import,,False,research_vocabulary,1135,none,deep_research,MEDIUM,unverified_with_notes,normal,רגיל + מילוי
ב״שית אלף שנין תבוא הגאולה״ = 1692 רגיל !!,excel_import,,False,research_vocabulary,,none,deep_research,LOW,unverified_bare,normal,ב״שית אלף שנין תבוא הגאולה״ = 1692 רגיל !!
בדרגת מלך המשיח,excel_import,,True,thematic_corpus,1062,none,public_expanded,MEDIUM,verified_default,normal,משולש גדול
בוא המשיח עד עת קץ,excel_import,,False,research_vocabulary,1106,none,deep_research,MEDIUM,unverified_with_notes,normal,רגיל ואתבש
בוא משיח שתים אפס אחת חמש,excel_import,,False,research_vocabulary,2015,none,deep_research,MEDIUM,unverified_with_notes,normal,781 - אות שלישית
בזמן הזה משיח,excel_import,,True,thematic_corpus,474,none,public_expanded,MEDIUM,verified_default,normal,(none)
בחמש שבע שבע שש משיח בן יוסף,excel_import,,False,research_vocabulary,2260,none,deep_research,MEDIUM,unverified_with_notes,normal,משולש
בחרת אותי לגואל ישראל האחרון -אחרי,excel_import,,False,research_vocabulary,3580,none,deep_research,MEDIUM,unverified_with_notes,normal,בחרת אותי לגואל ישראל האחרון - אחרי
בחרת את עבדך משיחך,excel_import,,True,thematic_corpus,1485,none,public_expanded,MEDIUM,verified_default,normal,בחרת את עבדך משיחך
בחרתי בך למשיחי ב2015 - מסתתר,excel_import,,False,research_vocabulary,3630,none,deep_research,LOW,unverified_bare,normal,בחרתי בך למשיחי ב2015 - מסתתר
בטו ניסן אהיה בחזקת משיח,excel_import,,False,research_vocabulary,1083,none,deep_research,MEDIUM,unverified_with_notes,normal,מילוי ללא - גדול ואותיות 1738
ביאת אליהו והמשיח בהיסח הדעת,excel_import,,False,research_vocabulary,1398,none,deep_research,MEDIUM,unverified_with_notes,normal,מסתתר - 1212 אטבח
ביאת אליהו והמשיח האמיתי בהיסח הדעת,excel_import,,False,research_vocabulary,1864,none,deep_research,MEDIUM,unverified_with_notes,normal,לפני
ביאת הגאל 1335 1290- גדול ואותיות -לפי אחד,excel_import,,False,research_vocabulary,4340,none,deep_research,MEDIUM,unverified_with_notes,normal,ביאת הגאל 1335 1290 - גדול ואותיות - לפי אחד
ביאת הגואל במוצאי השמיטה הזה,excel_import,,False,research_vocabulary,993,none,deep_research,MEDIUM,unverified_with_notes,normal,משולש
ביאת הגואל במצאי השמיטה הזה,excel_import,,False,research_vocabulary,987,none,deep_research,MEDIUM,unverified_with_notes,normal,ריבוע
ביאת הגואל בשנה הנוכחית,excel_import,,True,thematic_corpus,1314,none,public_expanded,MEDIUM,verified_default,normal,פי 5 - רגיל לפני אחרי
ביאת הגואל האחרון במצאי שמיטה,excel_import,,False,research_vocabulary,1235,none,deep_research,MEDIUM,unverified_with_notes,normal,מדבר רבה
ביאת הגואל האמיתי,excel_import,,True,thematic_corpus,924,none,public_expanded,MEDIUM,verified_default,normal,פי 5 - ריבוע לפני 3480
ביאת הגואל האמיתי האחרון בשנה הבאה,excel_import,,False,research_vocabulary,1564,none,deep_research,MEDIUM,unverified_with_notes,normal,לפני
ביאת הגואל השנה,excel_import,,True,thematic_corpus,818,none,public_expanded,MEDIUM,verified_default,normal,(none)
ביאת הגואל עני ורכב על חמור,excel_import,,False,research_vocabulary,1170,none,deep_research,MEDIUM,unverified_with_notes,normal,לפני - פי 5
ביאת המשיח 1335 1290- לפי אחד - אתבש,excel_import,,False,research_vocabulary,2660,none,deep_research,MEDIUM,unverified_with_notes,normal,ביאת המשיח 1335 1290 - לפי אחד - אתבש
ביאת המשיח 2756- סת,excel_import,,False,research_vocabulary,1118,none,deep_research,MEDIUM,unverified_with_notes,normal,ביאת המשיח 2756 - סת
ביאת המשיח 644 בזמן הזה - מילוי,excel_import,,False,research_vocabulary,5660,none,deep_research,LOW,unverified_bare,normal,ביאת המשיח 644 בזמן הזה - מילוי
ביאת המשיח אלף שלש מאות שלשים וחמשה,excel_import,,False,research_vocabulary,3003,none,deep_research,MEDIUM,unverified_with_notes,normal,מילוי
ביאת המשיח בהיסח הדעת ב776- מדבר רבה,excel_import,,False,research_vocabulary,2448,none,deep_research,MEDIUM,unverified_with_notes,normal,ביאת המשיח בהיסח הדעת ב776 - מדבר רבה
ביאת המשיח בהיסח הדעת בזמן הזה,excel_import,,False,research_vocabulary,1456,none,deep_research,MEDIUM,unverified_with_notes,normal,מסתתר
ביאת המשיח בהיסח הדעת בעתה,excel_import,,False,research_vocabulary,1817,none,deep_research,MEDIUM,unverified_with_notes,normal,לפני - 781 אות שלישית
ביאת המשיח בזמן הזה בעתה אחישנה,excel_import,,False,research_vocabulary,1743,none,deep_research,MEDIUM,unverified_with_notes,normal,ריבוע
ביאת המשיח במצאי השמיטה,excel_import,,True,thematic_corpus,1288,none,public_expanded,MEDIUM,verified_default,normal,6440 - רגיל - 26000 - רגיל לפני אחרי - פי 5
ביאת המשיח בקרוב מאד,excel_import,,True,thematic_corpus,1131,none,public_expanded,MEDIUM,verified_default,normal,לפני =פי 5
ביאת המשיח בשבע מאות שבעים ושש,excel_import,,False,research_vocabulary,2625,none,deep_research,MEDIUM,unverified_with_notes,normal,אטבח - 5660 אטבח
ביאת המשיח בשנה הבאה,excel_import,,True,thematic_corpus,1146,none,public_expanded,MEDIUM,verified_default,normal,רגיל ואתבש
ביאת המשיח בשנה הנוכחית,excel_import,,True,thematic_corpus,1632,none,public_expanded,MEDIUM,verified_default,normal,פי 5 - לפני
ביאת המשיח בשנת אלפיים חמש עשרה - אחרי,excel_import,,False,research_vocabulary,4440,none,deep_research,LOW,unverified_bare,normal,ביאת המשיח בשנת אלפיים חמש עשרה - אחרי
ביאת המשיח האחרון 3963 ב ∆,excel_import,,False,research_vocabulary,3963,none,deep_research,LOW,unverified_bare,normal,ביאת המשיח האחרון 3963 ב ∆
ביאת המשיח האחרון ואליהו,excel_import,,True,thematic_corpus,1104,none,public_expanded,MEDIUM,verified_default,normal,(none)
ביאת המשיח האחרון מכי ליהוה המלוכה,excel_import,,False,research_vocabulary,1278,none,deep_research,MEDIUM,unverified_with_notes,normal,אחרי רגיל
ביאת המשיח האחרונה בעתה,excel_import,,True,thematic_corpus,1528,none,public_expanded,MEDIUM,verified_default,normal,ריבוע
ביאת המשיח האמיתי בזמן הזה,excel_import,,False,research_vocabulary,1358,none,deep_research,LOW,unverified_bare,normal,(none)
ביאת המשיח האמיתי בימינו,excel_import,,True,thematic_corpus,1360,none,public_expanded,MEDIUM,verified_default,normal,משולש - 424 - רת
ביאת המשיח האמיתי האחרון ו 120 בימינו,excel_import,,False,research_vocabulary,2936,none,deep_research,LOW,unverified_bare,normal,ביאת המשיח האמיתי האחרון ו 120 בימינו
ביאת המשיח האמיתי האחרן לציון,excel_import,,False,research_vocabulary,1692,none,deep_research,LOW,unverified_bare,normal,(none)
ביאת המשיח האמתי בעתה ∆,excel_import,,False,research_vocabulary,6449,none,deep_research,LOW,unverified_bare,normal,(none)
ביאת המשיח מוצאי שביעית,excel_import,,True,thematic_corpus,1715,none,public_expanded,MEDIUM,verified_default,normal,אחרי גדול
ביאת המשיח מכי ליהוה המלוכה,excel_import,,False,research_vocabulary,1008,none,deep_research,MEDIUM,unverified_with_notes,normal,רגיל ומשולש - 3960 - רגיל - לפני - אחרי
ביאת מלך המשיח אותיות לפני,excel_import,,False,research_vocabulary,1859,none,deep_research,LOW,unverified_bare,normal,ביאת מלך המשיח אותיות לפני
ביאת מלך המשיח האחרון בהפתעה,excel_import,,False,research_vocabulary,1698,none,deep_research,MEDIUM,unverified_with_notes,normal,לפני
ביאת מלך המשיח האמיתי האחרון,excel_import,,False,research_vocabulary,1602,none,deep_research,MEDIUM,unverified_with_notes,normal,גדול ואותיות - 1134 - לפני - 266 מיקום
ביאת משיח אחרון ב 477- מיקום האות,excel_import,,False,research_vocabulary,266,none,deep_research,MEDIUM,unverified_with_notes,normal,ביאת משיח אחרון ב 477 - מיקום האות
ביאת משיח בן דוד בעתה,excel_import,,False,research_vocabulary,1314,none,deep_research,MEDIUM,unverified_with_notes,normal,לפני הבן איש חי 776 אטבח
ביאת משיח יהוה ב 477- רגיל ועוד משולש,excel_import,,False,research_vocabulary,8780,none,deep_research,MEDIUM,unverified_with_notes,normal,ביאת משיח יהוה ב 477 - רגיל ועוד משולש
ביאת משיח יהוה האמיתי האחרון,excel_import,,False,research_vocabulary,1533,none,deep_research,LOW,unverified_bare,normal,(none)
ביאתו של מלך המשיח,excel_import,,True,thematic_corpus,1202,none,public_expanded,MEDIUM,verified_default,normal,(none)
ביאתו של מלך המשיח בהיסח הדעת,excel_import,,False,research_vocabulary,1766,none,deep_research,MEDIUM,unverified_with_notes,normal,רגיל ומסתתר - 266 - מיקום האות
ביאתו של משיח בהיסח הדעת,excel_import,,False,research_vocabulary,1671,none,deep_research,MEDIUM,unverified_with_notes,normal,רגיל לפני אחרי
ביאתי כגואל האחרון,excel_import,,True,thematic_corpus,753,none,public_expanded,MEDIUM,verified_default,normal,משולש
ביאתי כמלך המשיח האחרון בזמן הזה,excel_import,,False,research_vocabulary,1282,none,deep_research,MEDIUM,unverified_with_notes,normal,רגיל ומילים - פי 5
ביאתי כמשיח בזמן הזה לפני - פי 5 - - אתבש 7810,excel_import,,False,research_vocabulary,5330,none,deep_research,MEDIUM,unverified_with_notes,normal,ביאתי כמשיח בזמן הזה לפני - פי 5 - אתבש 7810
ביאתי כמשיח בעתה אחישנה,excel_import,,True,thematic_corpus,1652,none,public_expanded,MEDIUM,verified_default,normal,מילוי - 1202 - לפני
ביאתי כמשיח יהוה,excel_import,,True,thematic_corpus,827,none,public_expanded,MEDIUM,verified_default,normal,מילוי ללא - 2212 - רגיל ומסתתר
ביאתי כמשיח לציון ירושלם מילוי ללא,excel_import,,False,research_vocabulary,1730,none,deep_research,LOW,unverified_bare,normal,ביאתי כמשיח לציון ירושלם מילוי ללא
ביאתי כמשיחך האמיתי בעתה אחישנה,excel_import,,False,research_vocabulary,2138,none,deep_research,MEDIUM,unverified_with_notes,normal,מסתתר רגיל
בימינו גאולה ברחמים,excel_import,,True,thematic_corpus,463,none,public_expanded,MEDIUM,verified_default,normal,אתבש
בית מקדש משיח,excel_import,,True,thematic_corpus,1214,none,public_expanded,MEDIUM,verified_default,normal,(none)
בן דוד בא 644 -פליאה- 1335 -לפני,excel_import,,False,research_vocabulary,,none,deep_research,MEDIUM,unverified_with_notes,normal,בן דוד בא 644 - פליאה - 1335 - לפני
בן דויד בשנת הגאולה ∆ רגיל 878,excel_import,,False,research_vocabulary,3245,none,deep_research,LOW,unverified_bare,normal,בן דויד בשנת הגאולה ∆ רגיל 878
בן דויד המשיח האמיתי יבוא בימינו,excel_import,,False,research_vocabulary,1042,none,deep_research,MEDIUM,unverified_with_notes,normal,אטבח פי 5
בן דויד יצמח למשיח אחרון עד 22 12 = סת,excel_import,,False,research_vocabulary,644,none,deep_research,LOW,unverified_bare,normal,בן דויד יצמח למשיח אחרון עד 22 12 = סת
בן יוסף נסתר משיח - רגיל ומילים,excel_import,,False,research_vocabulary,2660,none,deep_research,LOW,unverified_bare,normal,בן יוסף נסתר משיח - רגיל ומילים
בעתה אחישנה ביאתי כמשיחך האמיתי,excel_import,,False,research_vocabulary,2138,none,deep_research,MEDIUM,unverified_with_notes,normal,מסתתר
בצלם אלהים עשה את האדם המשיח,excel_import,,False,research_vocabulary,1437,none,deep_research,MEDIUM,unverified_with_notes,normal,אחרי 533
בראשית משיח בן דוד ∆,excel_import,,False,research_vocabulary,5014,none,deep_research,LOW,unverified_bare,normal,(none)
בשורת הגאולה -אתבש,excel_import,,False,research_vocabulary,1266,none,deep_research,MEDIUM,unverified_with_notes,normal,בשורת הגאולה - אתבש
בשורת הגאולה אתבש,excel_import,,True,thematic_corpus,1661,none,public_expanded,MEDIUM,verified_default,normal,בשורת הגאולה אתבש
בשורת הגאולה ב 776- מסתתר,excel_import,,False,research_vocabulary,1776,none,deep_research,MEDIUM,unverified_with_notes,normal,בשורת הגאולה ב 776 - מסתתר
בשורת הגאולה לפני,excel_import,,True,thematic_corpus,1128,none,public_expanded,MEDIUM,verified_default,normal,בשורת הגאולה לפני
בשורת הגאולה על ידי אליהו הנביא,excel_import,,False,research_vocabulary,1202,none,deep_research,LOW,unverified_bare,normal,בשורת הגאולה על ידי אליהו הנביא
בשורת הגאולה על ידי אליהו הנביא - רת,excel_import,,False,research_vocabulary,1202,none,deep_research,LOW,unverified_bare,normal,בשורת הגאולה על ידי אליהו הנביא - רת
בשורת המשיח - אתבש,excel_import,,False,research_vocabulary,588,none,deep_research,LOW,unverified_bare,normal,בשורת המשיח - אתבש
בשורת המשיח מאליהו,excel_import,,True,thematic_corpus,1363,none,public_expanded,MEDIUM,verified_default,normal,בשורת המשיח מאליהו
בשורת מלך המשיח בימינו-לפני - 434- סת,excel_import,,False,research_vocabulary,1400,none,deep_research,MEDIUM,unverified_with_notes,normal,בשורת מלך המשיח בימינו - לפני - 434 - סת
בשעה טובה משיח יבוא = 776,excel_import,,False,research_vocabulary,,none,deep_research,LOW,unverified_bare,normal,בשעה טובה משיח יבוא = 776
גאולה 2212-מסתתר רגיל,excel_import,,False,research_vocabulary,2015,none,deep_research,MEDIUM,unverified_with_notes,normal,גאולה 2212 - מסתתר רגיל
גאולה אחרונה ∆,excel_import,,False,research_vocabulary,1211,none,deep_research,LOW,unverified_bare,normal,(none)
גאולה אחרונה הגואל האחרון ∆,excel_import,,False,research_vocabulary,1211,none,deep_research,LOW,unverified_bare,normal,(none)
גאולה בהיסח הדעת,excel_import,,True,thematic_corpus,609,none,public_expanded,MEDIUM,verified_default,normal,(none)
גאולה בעתה בחמש שבע שבע שש,excel_import,,False,research_vocabulary,2216,none,deep_research,LOW,unverified_bare,normal,(none)
גאולה בעתה תהיה שנת?,excel_import,,False,research_vocabulary,1692,none,deep_research,MEDIUM,unverified_with_notes,normal,מילוי 2626
גאולת ישראל על ידי מלך המשיח,excel_import,,False,research_vocabulary,1558,none,deep_research,MEDIUM,unverified_with_notes,normal,משולש
גאל ראשון כגואל אחרון,excel_import,,True,thematic_corpus,916,none,public_expanded,MEDIUM,verified_default,normal,(none)
גואל בעד עת קץ,excel_import,,True,thematic_corpus,776,none,public_expanded,MEDIUM,verified_default,normal,(none)
גואל בעת ההיא,excel_import,,True,thematic_corpus,533,none,public_expanded,MEDIUM,verified_default,normal,(none)
גואל חמש שש שש,excel_import,,True,thematic_corpus,1588,none,public_expanded,MEDIUM,verified_default,normal,רגיל ואתבש
גואל יבוא לציון בימינו,excel_import,,True,thematic_corpus,363,none,public_expanded,MEDIUM,verified_default,normal,1212 - אחרי
גואל יהוה מטה,excel_import,,True,thematic_corpus,120,none,public_expanded,MEDIUM,verified_default,normal,(none)
גואל ישראל אמיתי,excel_import,,True,thematic_corpus,1042,none,public_expanded,MEDIUM,verified_default,normal,מילוי ללא
גואל ישראל אמיתי מלוי ללא,excel_import,,False,research_vocabulary,1189,none,deep_research,LOW,unverified_bare,normal,(none)
גואל ישראל יתגלה בהיסח הדעת,excel_import,,False,research_vocabulary,1593,none,deep_research,MEDIUM,unverified_with_notes,normal,אתבש
גואל לבני בניהם למען שמו,excel_import,,False,research_vocabulary,775,none,deep_research,LOW,unverified_bare,normal,(none)
גופו של מלך המשיח,excel_import,,True,thematic_corpus,878,none,public_expanded,MEDIUM,verified_default,normal,1358 - 878
גילוי משיח ואליהו,excel_import,,True,thematic_corpus,475,none,public_expanded,MEDIUM,verified_default,normal,אתבש
גילוי משיח ואליהו בי טבת,excel_import,,False,research_vocabulary,898,none,deep_research,MEDIUM,unverified_with_notes,normal,מילוי
גילוי שכינה ליהודי הגאולה 599,excel_import,,False,research_vocabulary,2660,none,deep_research,LOW,unverified_bare,normal,גילוי שכינה ליהודי הגאולה 599
גלוי גדול למשיח יהוה,excel_import,,True,thematic_corpus,506,none,public_expanded,MEDIUM,verified_default,normal,גלוי גדול למשיח יהוה
גלוי המשיח האמיתי,excel_import,,True,thematic_corpus,878,none,public_expanded,MEDIUM,verified_default,normal,(none)
גלוי המשיח האמיתי האחרון,excel_import,,True,thematic_corpus,1148,none,public_expanded,MEDIUM,verified_default,normal,מילוי רגיל
גלוי סוד המשיח,excel_import,,True,thematic_corpus,482,none,public_expanded,MEDIUM,verified_default,normal,(none)
דבר סוד הגאולה יתגלה ב ?,excel_import,,False,research_vocabulary,2936,none,deep_research,MEDIUM,unverified_with_notes,normal,משולש רגיל 776
דוד יקבל דרגת יחידה 11111 בעשירי בטבת,excel_import,,False,research_vocabulary,3850,none,deep_research,LOW,unverified_bare,normal,דוד יקבל דרגת יחידה 11111 בעשירי בטבת
דוד עבדך משיחך,excel_import,,True,thematic_corpus,488,none,public_expanded,MEDIUM,verified_default,normal,אחרי
דוד שלמה משיח,excel_import,,True,thematic_corpus,747,none,public_expanded,MEDIUM,verified_default,normal,אתבש
דוהרים לעבר הגאולה,excel_import,,True,thematic_corpus,617,none,public_expanded,MEDIUM,verified_default,normal,מסתתר ועוד הרבה יפים\
דויד בן ישי בשנת הגאולה ∆,excel_import,,False,research_vocabulary,4450,none,deep_research,LOW,unverified_bare,normal,(none)
דויד בן ישי משיח הויה,excel_import,,False,public_core,780,none,public_core,HIGH,node_linked,normal,(none)
דויד בנ ישי משיח הויה ∆ ברגיל 780,excel_import,,False,research_vocabulary,2936,none,deep_research,LOW,unverified_bare,normal,דויד בנ ישי משיח הויה ∆ ברגיל 780
דויד רוחו של משיח,excel_import,,True,thematic_corpus,932,none,public_expanded,MEDIUM,verified_default,normal,משולש רגיל
דויד שלמה המשיח,excel_import,,True,thematic_corpus,762,none,public_expanded,MEDIUM,verified_default,normal,אתבש
דור המשיח האמיתי,excel_import,,True,thematic_corpus,1039,none,public_expanded,MEDIUM,verified_default,normal,פי 5 - מילוי דמילוי
דור משיח אחרון 781,excel_import,,False,research_vocabulary,2015,none,deep_research,LOW,unverified_bare,normal,דור משיח אחרון 781
דמשק תפל בימות המשיח אתבש 1775 רגיל,excel_import,,False,research_vocabulary,776,none,deep_research,LOW,unverified_bare,normal,דמשק תפל בימות המשיח אתבש 1775 רגיל
דניאל הנביא יגלה סוד המשיח ∆,excel_import,,False,research_vocabulary,2448,none,deep_research,MEDIUM,unverified_with_notes,normal,רגיל 644 - 566 - מדבר רבה
דניאל הנביא יגלה סוד המשיח ב ∆ 2448 = מתן תורה,excel_import,,False,research_vocabulary,644,none,deep_research,LOW,unverified_bare,normal,דניאל הנביא יגלה סוד המשיח ב ∆ 2448 = מתן תורה
דעאש שליחי יהוה לגאולה,excel_import,,True,thematic_corpus,834,none,public_expanded,MEDIUM,verified_default,normal,מדבר רבה
דעאש שליחי יהוה לגאולה בזמן הזה,excel_import,,False,research_vocabulary,950,none,deep_research,MEDIUM,unverified_with_notes,normal,רגיל ומסתתר - 3370 - רגיל ואתבש - 676 - לפני
דעת משיח בן דוד,excel_import,,True,thematic_corpus,898,none,public_expanded,MEDIUM,verified_default,normal,מילוי בלבד 333
דעת עליון 11111- מיקום,excel_import,,False,research_vocabulary,266,none,deep_research,MEDIUM,unverified_with_notes,normal,דעת עליון 11111 - מיקום
דרגת גואל אחרון 111110 -אתבש - 1118 - 1118 - 1958,excel_import,,False,research_vocabulary,4770,none,deep_research,MEDIUM,unverified_with_notes,normal,דרגת גואל אחרון 111110 - אתבש - 1118 - 1118 - 1958
דרגת היחידה 11111,excel_import,,False,research_vocabulary,649,none,deep_research,LOW,unverified_bare,normal,דרגת היחידה 11111
דרגת היחידה צמח המשיח,excel_import,,True,thematic_corpus,1150,none,public_expanded,MEDIUM,verified_default,normal,מילוי רגיל
דרגת המשיח,excel_import,,True,thematic_corpus,970,none,public_expanded,MEDIUM,verified_default,normal,אתבש
דרגת הנבואה למשיח,excel_import,,True,thematic_corpus,1064,none,public_expanded,MEDIUM,verified_default,normal,לפני - פי 5
דרגת קודש 11111 -7170-מילוי רגיל -לפי אחת,excel_import,,False,research_vocabulary,7170,none,deep_research,MEDIUM,unverified_with_notes,normal,דרגת קודש 11111 - 7170 - מילוי רגיל - לפי אחת
דרגתו בעתה 11111- אחרי גדול,excel_import,,False,research_vocabulary,3960,none,deep_research,MEDIUM,unverified_with_notes,normal,דרגתו בעתה 11111 - אחרי גדול
האות למשיח יהוה מפלת דמשק,excel_import,,False,research_vocabulary,1820,none,deep_research,LOW,unverified_bare,normal,(none)
האסיר יגאל מחכה למשיח,excel_import,,True,thematic_corpus,781,none,public_expanded,MEDIUM,verified_default,normal,(none)
האספו ואגידה לכם ביאת המשיח,excel_import,,False,research_vocabulary,1047,none,deep_research,MEDIUM,unverified_with_notes,normal,משולש - פי 5
האספו ואגידה לכם מי המשיח האחרון,excel_import,,False,research_vocabulary,954,none,deep_research,MEDIUM,unverified_with_notes,normal,רגיל - פי 5
הבשורה למשיח אחרון האמיתי,excel_import,,True,thematic_corpus,1637,none,public_expanded,MEDIUM,verified_default,normal,לפני
הגאולה באחישנה עד ט בטבת,excel_import,,False,research_vocabulary,922,none,deep_research,MEDIUM,unverified_with_notes,normal,אחרי =פי 5
הגאולה באחישנה עד ט בטבת השנה,excel_import,,False,research_vocabulary,1282,none,deep_research,MEDIUM,unverified_with_notes,normal,רגיל ומלים=פי 5
הגאולה באחרית הימים,excel_import,,True,thematic_corpus,776,none,public_expanded,MEDIUM,verified_default,normal,הגאולה באחרית הימים
הגאולה ביניים בעתה אחישנה 3096 ∆,excel_import,,False,research_vocabulary,3096,none,deep_research,LOW,unverified_bare,normal,הגאולה ביניים בעתה אחישנה 3096 ∆
הגאולה בסוף העקבתא,excel_import,,True,thematic_corpus,776,none,public_expanded,MEDIUM,verified_default,normal,(none)
הגאולה בעתה אותיות לפני,excel_import,,True,thematic_corpus,1520,none,public_expanded,MEDIUM,verified_default,normal,הגאולה בעתה אותיות לפני
הגאולה ברחמים (רגיל ו ∆ ) ריבוע 1331,excel_import,,False,research_vocabulary,1692,none,deep_research,LOW,unverified_bare,normal,הגאולה ברחמים (רגיל ו ∆ ) ריבוע 1331
הגאולה ברחמים בימינו,excel_import,,True,thematic_corpus,468,none,public_expanded,MEDIUM,verified_default,normal,לפני
הגאולה האחרונה בזמן הזה,excel_import,,True,thematic_corpus,441,none,public_expanded,MEDIUM,verified_default,normal,משולש גדול
הגאולה האחרונה בעתה מסתתר,excel_import,,True,thematic_corpus,1902,none,public_expanded,MEDIUM,verified_default,normal,הגאולה האחרונה בעתה מסתתר
הגאולה האחרונה ברחמים,excel_import,,True,thematic_corpus,625,none,public_expanded,MEDIUM,verified_default,normal,רגיל ואותיות - 2660 - רגיל ואתבש
הגאולה האחרונה ברחמים בימינו,excel_import,,True,thematic_corpus,743,none,public_expanded,MEDIUM,verified_default,normal,רגיל ומילוי
הגאולה האמיתית,excel_import,,True,thematic_corpus,916,none,public_expanded,MEDIUM,verified_default,normal,רגיל ומסתתר
הגאולה האמיתית בעת ההיא,excel_import,,True,thematic_corpus,1409,none,public_expanded,MEDIUM,verified_default,normal,משולש
הגאולה האמיתית האחרונה בימינו,excel_import,,True,thematic_corpus,1309,none,public_expanded,MEDIUM,verified_default,normal,(none)
הגאולה הישועה ב,excel_import,,True,thematic_corpus,448,none,public_expanded,MEDIUM,verified_default,normal,משולש - מסתתר 776
הגאולה המיוחלת בזמן הז,excel_import,,True,thematic_corpus,660,none,public_expanded,MEDIUM,verified_default,normal,אתבש - 1335 - גדול ואותיות
הגאולה תבא בהיסח הדעת,excel_import,,True,thematic_corpus,1017,none,public_expanded,MEDIUM,verified_default,normal,לפני
הגאולה תהיה בעתה לפני,excel_import,,True,thematic_corpus,1117,none,public_expanded,MEDIUM,verified_default,normal,הגאולה תהיה בעתה לפני
הגאולה תכון בימינו,excel_import,,True,thematic_corpus,644,none,public_expanded,MEDIUM,verified_default,normal,ריבוע 2212 - מילוי דמילוי 4440
הגאל המשיח יבא בימינו,excel_import,,True,thematic_corpus,533,none,public_expanded,MEDIUM,verified_default,normal,781 מסתתר
הגאלה האחרונה 1335- אתבש,excel_import,,False,research_vocabulary,2212,none,deep_research,MEDIUM,unverified_with_notes,normal,הגאלה האחרונה 1335 - אתבש
הגואל 396 -רגיל ועוד מילוי - 4340 אטבח,excel_import,,False,research_vocabulary,4770,none,deep_research,MEDIUM,unverified_with_notes,normal,הגואל 396 - רגיל ועוד מילוי - 4340 אטבח
הגואל ב2015 - מילוי גדול,excel_import,,False,research_vocabulary,8780,none,deep_research,LOW,unverified_bare,normal,הגואל ב2015 - מילוי גדול
הגואל בכי ליהוה המלוכה יפני רזא,excel_import,,False,research_vocabulary,597,none,deep_research,LOW,unverified_bare,normal,(none)
הגואל במועד בעתה,excel_import,,True,thematic_corpus,644,none,public_expanded,MEDIUM,verified_default,normal,(none)
הגואל האחרון,excel_import,,True,thematic_corpus,315,none,public_expanded,MEDIUM,verified_default,normal,משולש
הגואל האחרון בעתה,excel_import,,True,thematic_corpus,792,none,public_expanded,MEDIUM,verified_default,normal,פי 5
הגואל האחרון צדיק נסתר - מסתתר,excel_import,,False,research_vocabulary,1212,none,deep_research,LOW,unverified_bare,normal,הגואל האחרון צדיק נסתר - מסתתר
הגואל האמיתי האחרון,excel_import,,True,thematic_corpus,781,none,public_expanded,MEDIUM,verified_default,normal,(none)
הגואל האמיתי יבוא לציון ב2015 - מיקום האות,excel_import,,False,research_vocabulary,363,none,deep_research,LOW,unverified_bare,normal,הגואל האמיתי יבוא לציון ב2015 - מיקום האות
הגואל האמיתי משיח יהוה יתגלה בעתה,excel_import,,False,research_vocabulary,1820,none,deep_research,LOW,unverified_bare,normal,(none)
הגואל האמתי יבא בעתה ר ישרפוך,excel_import,,False,research_vocabulary,1807,none,deep_research,LOW,unverified_bare,normal,(none)
הגואל יבא לציון,excel_import,,True,thematic_corpus,244,none,public_expanded,MEDIUM,verified_default,normal,(none)
הגואל יבוא בהיסח הדעת,excel_import,,True,thematic_corpus,628,none,public_expanded,MEDIUM,verified_default,normal,אחרי רגיל
הגואל יבוא בעתה ( ∆ ),excel_import,,False,research_vocabulary,2066,none,deep_research,LOW,unverified_bare,normal,(none)
הגואל יבוא עני ורכב על חמור,excel_import,,False,research_vocabulary,776,none,deep_research,LOW,unverified_bare,normal,(none)
הגואל מזרע רות המאביה,excel_import,,True,thematic_corpus,1031,none,public_expanded,MEDIUM,verified_default,normal,ריבוע
הוא גואלי האחרון בזמן הזה,excel_import,,False,research_vocabulary,448,none,deep_research,MEDIUM,unverified_with_notes,normal,משולש
הוא גואלי האמיתי בזמן הזה,excel_import,,False,research_vocabulary,644,none,deep_research,LOW,unverified_bare,normal,(none)
הוא גואלי האמתי בימינו,excel_import,,True,thematic_corpus,636,none,public_expanded,MEDIUM,verified_default,normal,אתבש - 1644 - רגיל מסתתר
הוא דוד בן ישי עבדך משיחך,excel_import,,False,research_vocabulary,872,none,deep_research,MEDIUM,unverified_with_notes,normal,אתבש
הוא הגואל האחרון לפני,excel_import,,True,thematic_corpus,497,none,public_expanded,MEDIUM,verified_default,normal,הוא הגואל האחרון לפני
הוא המיועד למשיחי,excel_import,,True,thematic_corpus,545,none,public_expanded,MEDIUM,verified_default,normal,לפני
הוא המשיח בזמן הזה,excel_import,,True,thematic_corpus,491,none,public_expanded,MEDIUM,verified_default,normal,אטבח
הוא המשיח האמיתי האחרון,excel_import,,True,thematic_corpus,1111,none,public_expanded,MEDIUM,verified_default,normal,(none)
הוא המשיח המיועד,excel_import,,True,thematic_corpus,510,none,public_expanded,MEDIUM,verified_default,normal,מסתתר - פי 5 - 8710 - מילוי
הוא המשיח העתידי מילוי ללא מילה,excel_import,,False,research_vocabulary,1116,none,deep_research,LOW,unverified_bare,normal,הוא המשיח העתידי מילוי ללא מילה
הוא הנבחר למשיח אחרון,excel_import,,True,thematic_corpus,930,none,public_expanded,MEDIUM,verified_default,normal,לפני
הוא הנבחר למשיח האחרון,excel_import,,True,thematic_corpus,935,none,public_expanded,MEDIUM,verified_default,normal,משולש
הוא הנבחר למשיחך בימינו,excel_import,,True,thematic_corpus,803,none,public_expanded,MEDIUM,verified_default,normal,לפני
הוא יביא גואל בעתה,excel_import,,True,thematic_corpus,552,none,public_expanded,MEDIUM,verified_default,normal,(none)
הוא יהיה במשיח במילוי,excel_import,,True,thematic_corpus,500,none,public_expanded,MEDIUM,verified_default,normal,הוא יהיה במשיח במילוי
הוא יהיה המשיח בזמן הזה,excel_import,,False,research_vocabulary,521,none,deep_research,MEDIUM,unverified_with_notes,normal,לפני
הוא יהיה מלך המשיח האמתי = אחרי,excel_import,,False,research_vocabulary,1820,none,deep_research,LOW,unverified_bare,normal,הוא יהיה מלך המשיח האמתי = אחרי
הוא יהיה משיח יהוה האחרון,excel_import,,False,research_vocabulary,696,none,deep_research,MEDIUM,unverified_with_notes,normal,רגיל - פי 5
הוא יהיה משיח יהוה האמיתי,excel_import,,False,research_vocabulary,892,none,deep_research,MEDIUM,unverified_with_notes,normal,אטבח - 20150 - רגיל לפניאחרי - פי 5
הוא יהיה משיחך מילוי ללא,excel_import,,False,research_vocabulary,577,none,deep_research,LOW,unverified_bare,normal,הוא יהיה משיחך מילוי ללא
הוא יודע סוד המשיח,excel_import,,True,thematic_corpus,535,none,public_expanded,MEDIUM,verified_default,normal,לפני פליאה
הוא יודע סוד המשיח האחרון האמיתי,excel_import,,False,research_vocabulary,1271,none,deep_research,MEDIUM,unverified_with_notes,normal,מסתתר
הוא יודע סוד המשיח האמיתי האחרון,excel_import,,False,research_vocabulary,1271,none,deep_research,MEDIUM,unverified_with_notes,normal,מסתתר
הוא יודע סוד משיח יהוה האחרון,excel_import,,False,research_vocabulary,826,none,deep_research,MEDIUM,unverified_with_notes,normal,מסתתר
הוא מלך המשיח ב2015 -אטבח,excel_import,,False,research_vocabulary,4340,none,deep_research,MEDIUM,unverified_with_notes,normal,הוא מלך המשיח ב2015 - אטבח
הוא מלך המשיח האמתי האחרון,excel_import,,False,research_vocabulary,1191,none,deep_research,MEDIUM,unverified_with_notes,normal,אתבש
הוא מלך משיחו לנצח,excel_import,,True,thematic_corpus,644,none,public_expanded,MEDIUM,verified_default,normal,(none)
הוא משיח יהוה,excel_import,,True,thematic_corpus,396,none,public_expanded,MEDIUM,verified_default,normal,אחרי 533 - משולש 1474
הוא משיח יהוה 533 אחרי - 1474 משולש,excel_import,,False,research_vocabulary,396,none,deep_research,LOW,unverified_bare,normal,הוא משיח יהוה 533 אחרי - 1474 משולש
הוא משיח יהוה האמיתי האחרון,excel_import,,False,research_vocabulary,1132,none,deep_research,MEDIUM,unverified_with_notes,normal,אחרי
הוא משיחי 266 - - 2330 מדבר רבה,excel_import,,False,research_vocabulary,2330,none,deep_research,MEDIUM,unverified_with_notes,normal,הוא משיחי 266 - 2330 מדבר רבה
הוא משיחכם ב776-רגיל וגם 1776 מדבר רבה - 1644 אתבש,excel_import,,False,research_vocabulary,1776,none,deep_research,MEDIUM,unverified_with_notes,normal,הוא משיחכם ב776 - רגיל וגם 1776 מדבר רבה - 1644 אתבש
הוא משיחכם באלפיים חמש עשרה - סת,excel_import,,False,research_vocabulary,386,none,deep_research,LOW,unverified_bare,normal,הוא משיחכם באלפיים חמש עשרה - סת
הוא משיחכם בעתה,excel_import,,True,thematic_corpus,907,none,public_expanded,MEDIUM,verified_default,normal,רגיל לפני אחרי
הוא נבחר למלך המשיח האחרון בזמן הזה,excel_import,,False,research_vocabulary,1141,none,deep_research,MEDIUM,unverified_with_notes,normal,רגיל ומילוי ללא
הוא צמח משיח אחרון אמתי,excel_import,,False,research_vocabulary,1224,none,deep_research,MEDIUM,unverified_with_notes,normal,מדרש רבה - 2756 - אחק בכר
הויה גואל ישראל האמיתי האחרון בעתה,excel_import,,False,research_vocabulary,1820,none,deep_research,LOW,unverified_bare,normal,(none)
הויה ישלח לקץ ימין משיחנו,excel_import,,False,research_vocabulary,1118,none,deep_research,MEDIUM,unverified_with_notes,normal,1139 - רגיל ואותיות
הויה יתן חכמה למשיח ∆,excel_import,,False,research_vocabulary,3558,none,deep_research,LOW,unverified_bare,normal,(none)
הושיע יה וה משיחו,excel_import,,True,thematic_corpus,781,none,public_expanded,MEDIUM,verified_default,normal,(none)
הזמן האחרון לביאתי כמשיחך,excel_import,,True,thematic_corpus,1223,none,public_expanded,MEDIUM,verified_default,normal,מדבר רבה - 3382 - אטבח - 358 - אות שלישית
היום בו יומלך משיח,excel_import,,True,thematic_corpus,533,none,public_expanded,MEDIUM,verified_default,normal,(none)
היום לפני הגאולה בעתה ט בטבת,excel_import,,False,research_vocabulary,1180,none,deep_research,LOW,unverified_bare,normal,היום לפני הגאולה בעתה ט בטבת
היעוד שלי מלך המשיח,excel_import,,True,thematic_corpus,888,none,public_expanded,MEDIUM,verified_default,normal,פי 5 - מסתתר - רגיל 4440
היעוד שלי מלך המשיח בזמן הזה,excel_import,,False,research_vocabulary,1004,none,deep_research,MEDIUM,unverified_with_notes,normal,פי 5 - לפני
היעוד שלי מלכות המשיח,excel_import,,True,thematic_corpus,1294,none,public_expanded,MEDIUM,verified_default,normal,פי 5 - רגיל מסתתר 7180
הכונו לביאת המשיח לפני,excel_import,,True,thematic_corpus,1063,none,public_expanded,MEDIUM,verified_default,normal,הכונו לביאת המשיח לפני
המועד האחרון לביאת משיחו,excel_import,,True,thematic_corpus,1202,none,public_expanded,MEDIUM,verified_default,normal,(none)
המיועד למלך המשיח מכי ליהוה המלוכה,excel_import,,False,research_vocabulary,850,none,deep_research,MEDIUM,unverified_with_notes,normal,משבר רבה - 13350 - =פי 5
המיועד למשיח מלוי,excel_import,,True,thematic_corpus,609,none,public_expanded,MEDIUM,verified_default,normal,(none)
המלאך מיכאל הנביא דניאל המשיח,excel_import,,False,research_vocabulary,723,none,deep_research,MEDIUM,unverified_with_notes,normal,אתבש
המלאך מיכאל ידע סודי ביאת המשיח,excel_import,,False,research_vocabulary,1137,none,deep_research,MEDIUM,unverified_with_notes,normal,מילוי ללא מילה
המלאך מיכאל רמז לדניאל בא המשיח,excel_import,,False,research_vocabulary,935,none,deep_research,MEDIUM,unverified_with_notes,normal,לפני
"המלחמה תחל השנה בסיון לפני פ""ר- לפני ב""ח 1335",excel_import,,False,research_vocabulary,775,none,deep_research,MEDIUM,unverified_with_notes,normal,"המלחמה תחל השנה בסיון לפני פ""ר - לפני ב""ח 1335"
המלך 1335 1290,excel_import,,False,research_vocabulary,95,none,deep_research,LOW,unverified_bare,normal,המלך 1335 1290
המלך 1335 1290- לפני 4340- איק בכר לפי- אחד,excel_import,,False,research_vocabulary,2212,none,deep_research,MEDIUM,unverified_with_notes,normal,המלך 1335 1290 - לפני 4340 - איק בכר לפי - אחד
המלך 1335- גדול ואותיות -לפי אחד,excel_import,,False,research_vocabulary,,none,deep_research,MEDIUM,unverified_with_notes,normal,המלך 1335 - גדול ואותיות - לפי אחד
המלכות האחרונה למשיח,excel_import,,True,thematic_corpus,1164,none,public_expanded,MEDIUM,verified_default,normal,מילוי ללא
המלכות האחרונה למשיח בן דויד בעתה,excel_import,,False,research_vocabulary,1717,none,deep_research,LOW,unverified_bare,normal,(none)
המלכת המשיח בעתה,excel_import,,True,thematic_corpus,1335,none,public_expanded,MEDIUM,verified_default,normal,(none)
המלכת המשיח האחרון בעתה,excel_import,,True,thematic_corpus,1605,none,public_expanded,MEDIUM,verified_default,normal,ריבוע
המלכת משיח בן דוד ב 2212 - משולש - רגיל 3580,excel_import,,False,research_vocabulary,13310,none,deep_research,LOW,unverified_bare,normal,המלכת משיח בן דוד ב 2212 - משולש - רגיל 3580
המלכת משיח בן דוד ב 2212 -לפני =פי 5,excel_import,,False,research_vocabulary,4770,none,deep_research,MEDIUM,unverified_with_notes,normal,המלכת משיח בן דוד ב 2212 - לפני =פי 5
המשיח 1335 1290-לפני -לפי אחת,excel_import,,False,research_vocabulary,3630,none,deep_research,MEDIUM,unverified_with_notes,normal,המשיח 1335 1290 - לפני - לפי אחת
המשיח 477- מילו - 2480 מילוי ללא - 676 אלבם,excel_import,,False,research_vocabulary,3860,none,deep_research,MEDIUM,unverified_with_notes,normal,המשיח 477 - מילו - 2480 מילוי ללא - 676 אלבם
המשיח אוהב את עם ישראל,excel_import,,False,research_vocabulary,1429,none,deep_research,MEDIUM,unverified_with_notes,normal,רגיל ומלים =פי 5
המשיח איש עסקים מארהב,excel_import,,True,thematic_corpus,1202,none,public_expanded,MEDIUM,verified_default,normal,(none)
המשיח ב781 - משולש,excel_import,,False,research_vocabulary,5775,none,deep_research,LOW,unverified_bare,normal,המשיח ב781 - משולש
המשיח ב781 משולש,excel_import,,False,research_vocabulary,5775,none,deep_research,LOW,unverified_bare,normal,המשיח ב781 משולש
המשיח בא עכשיו,excel_import,,True,thematic_corpus,772,none,public_expanded,MEDIUM,verified_default,normal,מסתתר
המשיח בדרך צריך להתעורר,excel_import,,True,thematic_corpus,1820,none,public_expanded,MEDIUM,verified_default,normal,(none)
המשיח בזמן הזה,excel_import,,True,thematic_corpus,479,none,public_expanded,MEDIUM,verified_default,normal,רגיל ומסתתר
המשיח בימינו,excel_import,,True,thematic_corpus,481,none,public_expanded,MEDIUM,verified_default,normal,משלוש פי 5 משולש רגיל 1820
המשיח בימינו צדיק נסתר - איק בכר,excel_import,,False,research_vocabulary,3960,none,deep_research,LOW,unverified_bare,normal,המשיח בימינו צדיק נסתר - איק בכר
המשיח בכי לה המלוכה מילוי -אטבח 1514,excel_import,,False,research_vocabulary,1820,none,deep_research,MEDIUM,unverified_with_notes,normal,המשיח בכי לה המלוכה מילוי - אטבח 1514
המשיח בכסא ממלכתו עד עולם,excel_import,,False,research_vocabulary,1202,none,deep_research,LOW,unverified_bare,normal,(none)
המשיח במתמטיקה ישתמש,excel_import,,True,thematic_corpus,2019,none,public_expanded,MEDIUM,verified_default,normal,רגיל ומילוי
המשיח בן דויד בעתה אחישנה,excel_import,,False,research_vocabulary,1290,none,deep_research,LOW,unverified_bare,normal,(none)
המשיח בעוד 29 יום -לפני -3630-רגיל ומסתתר -=פי 5,excel_import,,False,research_vocabulary,717,none,deep_research,MEDIUM,unverified_with_notes,normal,המשיח בעוד 29 יום - לפני - 3630 - רגיל ומסתתר - =פי 5
המשיח בעשרה בטבת שבע מאות שבעים ושש,excel_import,,False,research_vocabulary,3200,none,deep_research,MEDIUM,unverified_with_notes,normal,מיקום 2626 לפני
המשיח בעתה גאולת ישראל,excel_import,,True,thematic_corpus,1821,none,public_expanded,MEDIUM,verified_default,normal,(none)
המשיח בר יהודה אפרימ במילוי 3096,excel_import,,False,research_vocabulary,3096,none,deep_research,LOW,unverified_bare,normal,המשיח בר יהודה אפרימ במילוי 3096
המשיח ברוח הקדש,excel_import,,True,thematic_corpus,988,none,public_expanded,MEDIUM,verified_default,normal,(none)
המשיח ברוח הקדש בעשרה בטבת,excel_import,,False,research_vocabulary,1978,none,deep_research,MEDIUM,unverified_with_notes,normal,לפני
המשיח בשבע מאות שבעים ושש,excel_import,,False,research_vocabulary,2212,none,deep_research,LOW,unverified_bare,normal,(none)
המשיח גר בארץ,excel_import,,True,thematic_corpus,859,none,public_expanded,MEDIUM,verified_default,normal,ריבוע רגיל
המשיח גר בארץ בזמן הזה,excel_import,,False,research_vocabulary,975,none,deep_research,MEDIUM,unverified_with_notes,normal,אחרי
המשיח גר בארץ הקדש,excel_import,,True,thematic_corpus,1268,none,public_expanded,MEDIUM,verified_default,normal,ריבוע רגיל
המשיח גר בארץ ישראל,excel_import,,True,thematic_corpus,1400,none,public_expanded,MEDIUM,verified_default,normal,541 - אות שניה
המשיח דויד בן ישי,excel_import,,True,thematic_corpus,759,none,public_expanded,MEDIUM,verified_default,normal,רגיל ומילוי - 396 - אות שניה
המשיח דויד בן ישי יבא בזמן הזה,excel_import,,False,research_vocabulary,888,none,deep_research,MEDIUM,unverified_with_notes,normal,משולש - 2212 גדול ואותיות
המשיח האחרון,excel_import,,True,thematic_corpus,633,none,public_expanded,MEDIUM,verified_default,normal,מסתתר - פי 5
המשיח האחרון אותיות ועוד רגיל,excel_import,,False,research_vocabulary,1785,none,deep_research,LOW,unverified_bare,normal,המשיח האחרון אותיות ועוד רגיל
המשיח האחרון בימינו,excel_import,,True,thematic_corpus,751,none,public_expanded,MEDIUM,verified_default,normal,מסתתר פי 5
המשיח האחרון בכי לה המלוכה,excel_import,,False,research_vocabulary,806,none,deep_research,MEDIUM,unverified_with_notes,normal,אתבש
המשיח האחרון האמיתי 396 -אטבח,excel_import,,False,research_vocabulary,7170,none,deep_research,MEDIUM,unverified_with_notes,normal,המשיח האחרון האמיתי 396 - אטבח
המשיח האחרון ידע סוד פרה אדמה תמימה,excel_import,,False,research_vocabulary,1617,none,deep_research,MEDIUM,unverified_with_notes,normal,מדבר רבה
המשיח האחרון יופיע - מסתתר,excel_import,,False,research_vocabulary,1236,none,deep_research,LOW,unverified_bare,normal,המשיח האחרון יופיע - מסתתר
המשיח האחרון ימשח בשמן טהור,excel_import,,False,research_vocabulary,1603,none,deep_research,LOW,unverified_bare,normal,(none)
המשיח האחרון יעשה אחדות בעם ישראל,excel_import,,False,research_vocabulary,2090,none,deep_research,MEDIUM,unverified_with_notes,normal,סופי תיבות - 1437 לפני
המשיח האחרון יצמח,excel_import,,True,thematic_corpus,781,none,public_expanded,MEDIUM,verified_default,normal,(none)
המשיח האחרון משרש דוד,excel_import,,True,thematic_corpus,1487,none,public_expanded,MEDIUM,verified_default,normal,ריבוע
המשיח האחרון צומח בכי ליהוה המלוכה,excel_import,,False,research_vocabulary,971,none,deep_research,MEDIUM,unverified_with_notes,normal,מסתתר
המשיח האמיתי 5 יבוא מכי ליהוה המלוכה,excel_import,,False,research_vocabulary,5330,none,deep_research,MEDIUM,unverified_with_notes,normal,משולש - 3630 - מילוי
המשיח האמיתי איש עסקים מארהב,excel_import,,False,research_vocabulary,1668,none,deep_research,MEDIUM,unverified_with_notes,normal,אחרי גדול - 1692רגיל ואותיות
המשיח האמיתי בימינו ∆,excel_import,,False,research_vocabulary,3586,none,deep_research,LOW,unverified_bare,normal,(none)
המשיח האמיתי בן דויד יבוא בימינו,excel_import,,False,research_vocabulary,1042,none,deep_research,MEDIUM,unverified_with_notes,normal,משולש 776 לפני פליאה - 1692 גדול
המשיח האמיתי האחרון יהודי,excel_import,,True,thematic_corpus,1134,none,public_expanded,MEDIUM,verified_default,normal,(none)
המשיח האמיתי האחרון יתגלה בעת ההיא ∆,excel_import,,False,research_vocabulary,7760,none,deep_research,LOW,unverified_bare,normal,(none)
המשיח האמיתי האחרון מבית הלחמי,excel_import,,False,research_vocabulary,1644,none,deep_research,LOW,unverified_bare,normal,(none)
המשיח האמיתי האחרון מכי לה המלוכה,excel_import,,False,research_vocabulary,1310,none,deep_research,MEDIUM,unverified_with_notes,normal,0אטבח
המשיח האמיתי יבא בזמן הזה,excel_import,,False,research_vocabulary,958,none,deep_research,MEDIUM,unverified_with_notes,normal,מילוי דה מילוי - 386 - אות שלישית
המשיח האמיתי יבוא מכי ליהוה המלוכה,excel_import,,False,research_vocabulary,1080,none,deep_research,MEDIUM,unverified_with_notes,normal,לפני - 3500 אלבם - 1692 - מילוי ללא
המשיח האמיתי יהודי,excel_import,,True,thematic_corpus,864,none,public_expanded,MEDIUM,verified_default,normal,מילוי רגיל - 1202 מילוי ללא
המשיח האמיתי יהודי ודאי,excel_import,,True,thematic_corpus,885,none,public_expanded,MEDIUM,verified_default,normal,רגיל ןעוד משולש - 26 רת
המשיח האמיתי יפתיע את עם ישראל בעתה,excel_import,,False,research_vocabulary,2928,none,deep_research,MEDIUM,unverified_with_notes,normal,אחרי רגיל
המשיח האמיתי ירדף צדק,excel_import,,True,thematic_corpus,1317,none,public_expanded,MEDIUM,verified_default,normal,רגיל ועוד אותיות
המשיח האמתי כאן,excel_import,,True,thematic_corpus,890,none,public_expanded,MEDIUM,verified_default,normal,פנים מילה =פי 5
המשיח הנבחר בזמן הזה,excel_import,,True,thematic_corpus,744,none,public_expanded,MEDIUM,verified_default,normal,רגיל ועוד מילוי
המשיח ואליהו באלפים חמש עשרה -מסתתר,excel_import,,False,research_vocabulary,1644,none,deep_research,MEDIUM,unverified_with_notes,normal,המשיח ואליהו באלפים חמש עשרה - מסתתר
המשיח ואליהו בזמן הזה,excel_import,,True,thematic_corpus,537,none,public_expanded,MEDIUM,verified_default,normal,אתבש
המשיח ותחיית המתים,excel_import,,True,thematic_corpus,1692,none,public_expanded,MEDIUM,verified_default,normal,(none)
המשיח חולה נפש במילוי 1978,excel_import,,False,research_vocabulary,1978,none,deep_research,LOW,unverified_bare,normal,המשיח חולה נפש במילוי 1978
"המשיח חי בימינו אתב""ש",excel_import,,False,research_vocabulary,,none,deep_research,LOW,unverified_bare,normal,(none)
המשיח יבא 776 - מילוי - משולש 6441 - מילוי ללא 2240,excel_import,,False,research_vocabulary,3960,none,deep_research,LOW,unverified_bare,normal,המשיח יבא 776 - מילוי - משולש 6441 - מילוי ללא 2240
המשיח יבא אליהו הנביא התשבי הגלעדי,excel_import,,False,research_vocabulary,1335,none,deep_research,LOW,unverified_bare,normal,(none)
המשיח יבא ב 776 - משולש,excel_import,,False,research_vocabulary,6444,none,deep_research,LOW,unverified_bare,normal,המשיח יבא ב 776 - משולש
המשיח יבא בדורנו,excel_import,,True,thematic_corpus,644,none,public_expanded,MEDIUM,verified_default,normal,(none)
המשיח יבא בעתה אחישנה,excel_import,,True,thematic_corpus,1227,none,public_expanded,MEDIUM,verified_default,normal,מילוי ללא מילה
המשיח יבוא 776 -אתבש,excel_import,,False,research_vocabulary,1644,none,deep_research,MEDIUM,unverified_with_notes,normal,המשיח יבוא 776 - אתבש
המשיח יבוא ב 776 ומילחוי ללא,excel_import,,False,research_vocabulary,2666,none,deep_research,LOW,unverified_bare,normal,המשיח יבוא ב 776 ומילחוי ללא
המשיח יבוא באחרית הימים - אתבש - 776- לפני,excel_import,,False,research_vocabulary,2016,none,deep_research,MEDIUM,unverified_with_notes,normal,המשיח יבוא באחרית הימים - אתבש - 776 - לפני
המשיח יבוא בזמן הזה,excel_import,,True,thematic_corpus,498,none,public_expanded,MEDIUM,verified_default,normal,ריבוע - 514 - רגיל ואותיות - 358 - לפני
המשיח יבוא בשנה הזאת,excel_import,,True,thematic_corpus,1152,none,public_expanded,MEDIUM,verified_default,normal,מילוי דה מילוי
המשיח יבוא כי לה המלוכה לפני,excel_import,,False,research_vocabulary,723,none,deep_research,LOW,unverified_bare,normal,המשיח יבוא כי לה המלוכה לפני
המשיח יבוא מכי לה המלוכה,excel_import,,False,research_vocabulary,593,none,deep_research,MEDIUM,unverified_with_notes,normal,ריבוע
המשיח יבוא מכי ליהוה המלוכה,excel_import,,False,research_vocabulary,614,none,deep_research,MEDIUM,unverified_with_notes,normal,אתבש =פי 5
המשיח יהוה אלהים,excel_import,,True,thematic_corpus,475,none,public_expanded,MEDIUM,verified_default,normal,לפני
המשיח יודע את המספר סוד הויה,excel_import,,False,research_vocabulary,1335,none,deep_research,LOW,unverified_bare,normal,(none)
המשיח יחיה בימינו,excel_import,,True,thematic_corpus,514,none,public_expanded,MEDIUM,verified_default,normal,(none)
המשיח יחריב המסגדים,excel_import,,True,thematic_corpus,755,none,public_expanded,MEDIUM,verified_default,normal,רגיל ומעילוי - 1692 - אחרי 514 - לפני
המשיח יחשף בכי ליהוה המלוכה,excel_import,,False,research_vocabulary,955,none,deep_research,MEDIUM,unverified_with_notes,normal,מילוי רגיל
המשיח ילחם בבראק אובאמה הנחש בעתה ∆,excel_import,,False,research_vocabulary,6449,none,deep_research,LOW,unverified_bare,normal,(none)
המשיח ילחם בקונספירציות,excel_import,,True,thematic_corpus,1465,none,public_expanded,MEDIUM,verified_default,normal,המשיח ילחם בקונספירציות
המשיח יליד מרוקו אחרי,excel_import,,True,thematic_corpus,988,none,public_expanded,MEDIUM,verified_default,normal,המשיח יליד מרוקו אחרי
המשיח יליד קאזה בלנקה,excel_import,,True,thematic_corpus,717,none,public_expanded,MEDIUM,verified_default,normal,(none)
המשיח יליד קאזה במילוי,excel_import,,True,thematic_corpus,628,none,public_expanded,MEDIUM,verified_default,normal,המשיח יליד קאזה במילוי
המשיח ימגר את מלך מגוג,excel_import,,False,research_vocabulary,1159,none,deep_research,MEDIUM,unverified_with_notes,normal,פי 5 - לפני - לפני 5900 - איק בכר 12020
המשיח ימגר את מלך מגוג גוג אובאמה,excel_import,,False,research_vocabulary,1226,none,deep_research,MEDIUM,unverified_with_notes,normal,פי 5 - מילוי דמילוי גדול
המשיח ימחה את זכר עמלק השנה,excel_import,,False,research_vocabulary,1654,none,deep_research,MEDIUM,unverified_with_notes,normal,פי 5 משולש מילה - ריבוע
המשיח ימחה זכר עמלק הרשע,excel_import,,False,research_vocabulary,1468,none,deep_research,MEDIUM,unverified_with_notes,normal,מילוי דהמילוי
המשיח ימחה זכר עמלק הרשע בעתה,excel_import,,False,research_vocabulary,1945,none,deep_research,MEDIUM,unverified_with_notes,normal,מדבר רבה
המשיח ימלוך בימינו,excel_import,,True,thematic_corpus,587,none,public_expanded,MEDIUM,verified_default,normal,רגיל ומלים
המשיח ימלוך על כל העולם,excel_import,,False,research_vocabulary,770,none,deep_research,MEDIUM,unverified_with_notes,normal,מילוי ללא - 396 - אות שלישית
המשיח ימלך בימינו,excel_import,,True,thematic_corpus,581,none,public_expanded,MEDIUM,verified_default,normal,אתבש
המשיח יעזר במתמטיקה בגאלה האחרונה,excel_import,,False,research_vocabulary,1572,none,deep_research,MEDIUM,unverified_with_notes,normal,מילוי
המשיח יעשה אחדות בעם ישראל,excel_import,,False,research_vocabulary,1820,none,deep_research,LOW,unverified_bare,normal,(none)
המשיח יעשה צדק,excel_import,,True,thematic_corpus,942,none,public_expanded,MEDIUM,verified_default,normal,סופי תיבות 474
המשיח יעשה צדק ∆,excel_import,,False,research_vocabulary,2936,none,deep_research,LOW,unverified_bare,normal,(none)
המשיח יעשה צדק עולמי בעתה 6404,excel_import,,False,research_vocabulary,6404,none,deep_research,LOW,unverified_bare,normal,המשיח יעשה צדק עולמי בעתה 6404
המשיח יעשה שלום עולמי ב2016- מיקום-לפי אחד,excel_import,,False,research_vocabulary,396,none,deep_research,MEDIUM,unverified_with_notes,normal,המשיח יעשה שלום עולמי ב2016 - מיקום - לפי אחד
המשיח יפעל אטבח,excel_import,,True,thematic_corpus,573,none,public_expanded,MEDIUM,verified_default,normal,המשיח יפעל אטבח
המשיח יפתיע אותנו,excel_import,,True,thematic_corpus,1396,none,public_expanded,MEDIUM,verified_default,normal,(none)
המשיח יפתיע אל כל העולם,excel_import,,False,research_vocabulary,1165,none,deep_research,MEDIUM,unverified_with_notes,normal,מילוי ללא - 1337 לפני
המשיח יצא מכי ליהוה המלוכה,excel_import,,False,research_vocabulary,696,none,deep_research,MEDIUM,unverified_with_notes,normal,פי 5
המשיח יקבל דרגת יחידה 11111 ב22 12 -לפי אחת -פי 5,excel_import,,False,research_vocabulary,51400,none,deep_research,MEDIUM,unverified_with_notes,normal,המשיח יקבל דרגת יחידה 11111 ב22 12 - לפי אחת - פי 5
המשיח יקבל חכמת המתמטיקה,excel_import,,True,thematic_corpus,1582,none,public_expanded,MEDIUM,verified_default,normal,מילוי =פי 5
המשיח יקבל נשמה,excel_import,,True,thematic_corpus,900,none,public_expanded,MEDIUM,verified_default,normal,לפני
המשיח יקבץ נדחי ישראל,excel_import,,True,thematic_corpus,1178,none,public_expanded,MEDIUM,verified_default,normal,מילוי ללא מילה
המשיח ירדף צדק,excel_import,,True,thematic_corpus,851,none,public_expanded,MEDIUM,verified_default,normal,אחרי גדול - 2662 מילוי רגיל - 244 אות שניה
המשיח ישחרר את יונתן פולארד,excel_import,,False,research_vocabulary,2319,none,deep_research,MEDIUM,unverified_with_notes,normal,מילוי רגיל
המשיח ישכן בירושלם,excel_import,,True,thematic_corpus,1331,none,public_expanded,MEDIUM,verified_default,normal,(none)
המשיח ישלים את בית המקדש,excel_import,,False,research_vocabulary,2015,none,deep_research,LOW,unverified_bare,normal,(none)
המשיח ישלים את בית המקדש השלישי,excel_import,,False,research_vocabulary,2670,none,deep_research,MEDIUM,unverified_with_notes,normal,איק בכר
המשיח ישלים המקדש,excel_import,,True,thematic_corpus,1202,none,public_expanded,MEDIUM,verified_default,normal,(none)
המשיח ישתמש במתמטיקה,excel_import,,True,thematic_corpus,2019,none,public_expanded,MEDIUM,verified_default,normal,רגיל ומילוי
המשיח יתגלה במוצאי שביעת,excel_import,,True,thematic_corpus,1742,none,public_expanded,MEDIUM,verified_default,normal,(none)
המשיח יתגלה בעשירי בטבת,excel_import,,True,thematic_corpus,1816,none,public_expanded,MEDIUM,verified_default,normal,רגיל ומלים
המשיח יתגלה לדור אחרון בימינו,excel_import,,False,research_vocabulary,1434,none,deep_research,LOW,unverified_bare,normal,(none)
המשיח כאן בארהב,excel_import,,True,thematic_corpus,644,none,public_expanded,MEDIUM,verified_default,normal,(none)
המשיח כאן במשרד,excel_import,,True,thematic_corpus,980,none,public_expanded,MEDIUM,verified_default,normal,אחרי
המשיח לדור האחרון = משולש גדול,excel_import,,False,research_vocabulary,6440,none,deep_research,LOW,unverified_bare,normal,המשיח לדור האחרון = משולש גדול
המשיח לדר האחרון,excel_import,,True,thematic_corpus,867,none,public_expanded,MEDIUM,verified_default,normal,רגיל ומילוי
המשיח מזרעו של בן דויד אות שלישית,excel_import,,False,research_vocabulary,2549,none,deep_research,LOW,unverified_bare,normal,(none)
המשיח מזרעו של דוד המלך,excel_import,,False,research_vocabulary,1125,none,deep_research,MEDIUM,unverified_with_notes,normal,מילוי ללא - גדול
המשיח מזרעו של דויד המלך,excel_import,,False,research_vocabulary,1135,none,deep_research,MEDIUM,unverified_with_notes,normal,מילוי ללא
המשיח מכי לה המלוכה לפני,excel_import,,False,research_vocabulary,744,none,deep_research,LOW,unverified_bare,normal,המשיח מכי לה המלוכה לפני
המשיח מסתתר בעתה -רגיל -1940 מסתתר,excel_import,,False,research_vocabulary,1940,none,deep_research,MEDIUM,unverified_with_notes,normal,המשיח מסתתר בעתה - רגיל - 1940 מסתתר
המשיח מצפן בסוף ספר דניאל אתבש,excel_import,,False,research_vocabulary,1909,none,deep_research,LOW,unverified_bare,normal,המשיח מצפן בסוף ספר דניאל אתבש
המשיח משרש לוט,excel_import,,True,thematic_corpus,1248,none,public_expanded,MEDIUM,verified_default,normal,(none)
המשיח נגד ברק אובמה,excel_import,,True,thematic_corpus,776,none,public_expanded,MEDIUM,verified_default,normal,(none)
המשיח נשוי לסלין הבת של רחל,excel_import,,True,thematic_corpus,1884,none,public_expanded,MEDIUM,verified_default,normal,(none)
המשיח סמי הזיה 3630,excel_import,,False,research_vocabulary,123,none,deep_research,LOW,unverified_bare,normal,המשיח סמי הזיה 3630
המשיח עבד יהוה הנאמן,excel_import,,True,thematic_corpus,611,none,public_expanded,MEDIUM,verified_default,normal,(none)
המשיח עוזר יהוה בגאולה מילוי ללא,excel_import,,False,research_vocabulary,876,none,deep_research,LOW,unverified_bare,normal,המשיח עוזר יהוה בגאולה מילוי ללא
המשיח צאצא שלמה,excel_import,,True,thematic_corpus,920,none,public_expanded,MEDIUM,verified_default,normal,אתבש - 1820 - אטבח
המשיח צאצא שלמה המלך,excel_import,,True,thematic_corpus,1015,none,public_expanded,MEDIUM,verified_default,normal,לפני
המשיח צומח בזמן הזה,excel_import,,True,thematic_corpus,623,none,public_expanded,MEDIUM,verified_default,normal,אחרי =פי 5
המשיח שורש דויד בן ישי יבא בימינו,excel_import,,False,research_vocabulary,1696,none,deep_research,MEDIUM,unverified_with_notes,normal,מילוי ללא
הנבחר יהיה בחזקת משיח עד טו בניסן,excel_import,,False,research_vocabulary,1431,none,deep_research,MEDIUM,unverified_with_notes,normal,משולש
הִנֵּה יַשְׂכִּיל עַבְדִּי יָרוּם וְנִשָּׂא וְגָבַהּ מְאֹד. המשיח -מילוי דה מילוי=פי 5,excel_import,,False,research_vocabulary,61100,none,deep_research,LOW,unverified_bare,normal,(none)
הנסתרות ביאת המשיח בימינו,excel_import,,True,thematic_corpus,2015,none,public_expanded,MEDIUM,verified_default,normal,הנסתרות ביאת המשיח בימינו
הסתר אסתיר מכם דבר הגאולה,excel_import,,False,research_vocabulary,1692,none,deep_research,LOW,unverified_bare,normal,הסתר אסתיר מכם דבר הגאולה
הסתר משיחו האמיתי בימינו - לפני,excel_import,,False,research_vocabulary,1551,none,deep_research,LOW,unverified_bare,normal,הסתר משיחו האמיתי בימינו - לפני
הסתרת המשיח ב776 אחרי גדול- 2504 מדבר רבה,excel_import,,False,research_vocabulary,3630,none,deep_research,MEDIUM,unverified_with_notes,normal,הסתרת המשיח ב776 אחרי גדול - 2504 מדבר רבה
הסתרת המשיח בזמן הזה -מסתתר,excel_import,,False,research_vocabulary,1434,none,deep_research,MEDIUM,unverified_with_notes,normal,הסתרת המשיח בזמן הזה - מסתתר
הסתרת משיחי האמיתי בזמן הזה,excel_import,,False,research_vocabulary,2015,none,deep_research,LOW,unverified_bare,normal,הסתרת משיחי האמיתי בזמן הזה
העולם יקבל אותי כמלך המשיח האחרון,excel_import,,False,research_vocabulary,1453,none,deep_research,MEDIUM,unverified_with_notes,normal,רגיל לפני אחרי
הפתעת המשיח האמיתי האחרון,excel_import,,True,thematic_corpus,2054,none,public_expanded,MEDIUM,verified_default,normal,מסתתר
הצלקת סימן זהוי משיחי,excel_import,,True,thematic_corpus,1181,none,public_expanded,MEDIUM,verified_default,normal,(none)
הצמח יקבל דרגת משיח,excel_import,,True,thematic_corpus,1250,none,public_expanded,MEDIUM,verified_default,normal,מילוי - 2216 אחרי
הקדוש ברוך הוא בחר בו למשיח בזמן הזה,excel_import,,False,research_vocabulary,1377,none,deep_research,MEDIUM,unverified_with_notes,normal,סת
הקדוש ברוך הוא בחר בו למשיחו האחרון,excel_import,,False,research_vocabulary,1537,none,deep_research,MEDIUM,unverified_with_notes,normal,ריבוע גדול
הקץ 1335,excel_import,,False,research_vocabulary,195,none,deep_research,LOW,unverified_bare,normal,הקץ 1335
הרב ציון ברכה גילה את סוד המשיח ∆,excel_import,,False,research_vocabulary,5776,none,deep_research,LOW,unverified_bare,normal,(none)
הרב ציון ברכה יודע את סוד המשיח,excel_import,,False,research_vocabulary,1514,none,deep_research,LOW,unverified_bare,normal,(none)
השגחה פרטית למשיח,excel_import,,True,thematic_corpus,1408,none,public_expanded,MEDIUM,verified_default,normal,פי 5 - אתבש
השגחה פרטית למשיח האמיתי 3960 במילוי,excel_import,,False,research_vocabulary,3960,none,deep_research,LOW,unverified_bare,normal,השגחה פרטית למשיח האמיתי 3960 במילוי
השנה אהיה בחזקת משיח,excel_import,,True,thematic_corpus,1256,none,public_expanded,MEDIUM,verified_default,normal,במדבר רבה - פי 5
השנה משיח בן דוד,excel_import,,True,thematic_corpus,784,none,public_expanded,MEDIUM,verified_default,normal,פי 5 - מילוי דמילוי - גדול 7170
השנה שנת הגאולה האחרונה השלמה,excel_import,,False,research_vocabulary,1815,none,deep_research,MEDIUM,unverified_with_notes,normal,רגיל ומלים
השפר של משיח אחרון בעתה,excel_import,,False,research_vocabulary,2015,none,deep_research,LOW,unverified_bare,normal,(none)
התאחדות משיח בן יוסף ומשיח בן דוד,excel_import,,False,research_vocabulary,1820,none,deep_research,LOW,unverified_bare,normal,(none)
התגלות אלהית לצמח המשיח בי טבת,excel_import,,False,research_vocabulary,2244,none,deep_research,MEDIUM,unverified_with_notes,normal,ריבוע רגיל
התגלות אליהו והמשיח בעוד ארבעים יום,excel_import,,False,research_vocabulary,1726,none,deep_research,MEDIUM,unverified_with_notes,normal,מילוי דה מילוי
התגלות אליהו והמשיח בשנה החדשה,excel_import,,False,research_vocabulary,1944,none,deep_research,MEDIUM,unverified_with_notes,normal,434 - סת
התגלות אליהו והמשיח בשנה הנוכחית,excel_import,,False,research_vocabulary,2121,none,deep_research,MEDIUM,unverified_with_notes,normal,אתבש
התגלות אליהו והמשיח בשנת,excel_import,,True,thematic_corpus,2017,none,public_expanded,MEDIUM,verified_default,normal,(none)
התגלות אליהו נביאך למשיחך,excel_import,,True,thematic_corpus,1387,none,public_expanded,MEDIUM,verified_default,normal,אחרי גדול
התגלות גואל אחרון,excel_import,,True,thematic_corpus,1149,none,public_expanded,MEDIUM,verified_default,normal,אתבש
התגלות הגואל מילוי,excel_import,,True,thematic_corpus,985,none,public_expanded,MEDIUM,verified_default,normal,התגלות הגואל מילוי
התגלות המשיח בהיסח הדעת,excel_import,,True,thematic_corpus,1771,none,public_expanded,MEDIUM,verified_default,normal,אתבש
התגלות המשיח בחודש הבא,excel_import,,True,thematic_corpus,1535,none,public_expanded,MEDIUM,verified_default,normal,רת סת - =י 5 - 552 - לפני
התגלות המשיח בחמש שבע שבע שש,excel_import,,False,research_vocabulary,2901,none,deep_research,MEDIUM,unverified_with_notes,normal,אחרי
התגלות המשיח בעשירי בטבת,excel_import,,True,thematic_corpus,2212,none,public_expanded,MEDIUM,verified_default,normal,(none)
התגלות המשיח בשבע מאות שבעים ושש,excel_import,,False,research_vocabulary,3056,none,deep_research,MEDIUM,unverified_with_notes,normal,רת
התגלות המשיח האחרון,excel_import,,True,thematic_corpus,1477,none,public_expanded,MEDIUM,verified_default,normal,לפני
התגלות המשיח האמיתי,excel_import,,True,thematic_corpus,1673,none,public_expanded,MEDIUM,verified_default,normal,אחרי - 5660 - אטבח - פי 5
התגלות המשיח לעם ישראל,excel_import,,True,thematic_corpus,1888,none,public_expanded,MEDIUM,verified_default,normal,גדול
התגלות המשיח תריג,excel_import,,True,thematic_corpus,1820,none,public_expanded,MEDIUM,verified_default,normal,(none)
התגלות י ה ו ה ומשיח,excel_import,,False,research_vocabulary,1234,none,deep_research,LOW,unverified_bare,normal,(none)
התגלות מלך המשיח בימינו,excel_import,,True,thematic_corpus,1415,none,public_expanded,MEDIUM,verified_default,normal,סת - 363 אות שלישית
התגלות מלך המשיח בשנה הנוכחית,excel_import,,False,research_vocabulary,2153,none,deep_research,MEDIUM,unverified_with_notes,normal,מילוי
התגלות מלך המשיח לישראל,excel_import,,True,thematic_corpus,1868,none,public_expanded,MEDIUM,verified_default,normal,אתבש
התגלות משיחך האחרון,excel_import,,True,thematic_corpus,1492,none,public_expanded,MEDIUM,verified_default,normal,פי 5 - אתבש
"התגלות ר""מ משיח צדקנו",excel_import,,False,research_vocabulary,1692,none,deep_research,LOW,unverified_bare,normal,(none)
התגלותו כמשיח יהוה ביטבת,excel_import,,True,thematic_corpus,1677,none,public_expanded,MEDIUM,verified_default,normal,מילוי =פי 5
התגלותו של משיח אחרון בעתה,excel_import,,False,research_vocabulary,2280,none,deep_research,MEDIUM,unverified_with_notes,normal,מיקום
התגלותו של משיח בעתה,excel_import,,True,thematic_corpus,2015,none,public_expanded,MEDIUM,verified_default,normal,(none)
התגלותך כמשיח בעוד שלשים וחמשה יום,excel_import,,False,research_vocabulary,2419,none,deep_research,MEDIUM,unverified_with_notes,normal,אחרי =פי 5
התעברות נשמת משיח בנבחר,excel_import,,True,thematic_corpus,2493,none,public_expanded,MEDIUM,verified_default,normal,אתבש =פי 5
התרעות המשיח לישראל,excel_import,,True,thematic_corpus,2015,none,public_expanded,MEDIUM,verified_default,normal,(none)
"וְזֹאת לִיהוּדָה, וַיֹּאמַר, שְׁמַע יְהוָה קוֹל יְהוּדָה, וְאֶל-עַמּוֹ תְּבִיאֶנּוּ; יָדָיו רָב לוֹ, וְעֵזֶר מִצָּרָיו תִּהְיֶה התגלות מלך המשיח בחמשת אלפים שבע מאות שבעים ושש",excel_import,,False,research_vocabulary,2660,none,deep_research,LOW,unverified_bare,normal,(none)
וַיִּקְרָא יַעֲקֹב אֶל בָּנָיו וַיֹּאמֶר הֵאָסְפוּ וְאַגִּידָה לָכֶם אֵת אֲשֶׁר יִקְרָא אֶתְכֶם בְּאַחֲרִית הַיָּמִים ביאת המשיח באלפיים חמש עשרה - מילוי,excel_import,,False,research_vocabulary,14000,none,deep_research,LOW,unverified_bare,normal,(none)
וַיִּקְרָא יַעֲקֹב אֶל בָּנָיו וַיֹּאמֶר הֵאָסְפוּ וְאַגִּידָה לָכֶם אֵת אֲשֶׁר יִקְרָא אֶתְכֶם בְּאַחֲרִית הַיָּמִים ביאת המשיח באלפיים חמש עשרה-מיקום האות -70000-מילוי =פי 5,excel_import,,False,research_vocabulary,4440,none,deep_research,LOW,unverified_bare,normal,(none)
וַיִּקְרָא יַעֲקֹב אֶל בָּנָיו וַיֹּאמֶר הֵאָסְפוּ וְאַגִּידָה לָכֶם אֵת אֲשֶׁר יִקְרָא אֶתְכֶם בְּאַחֲרִית הַיָּמִים הגאולה -רגיל ואותיות -18200-רגיל ואותיות,excel_import,,False,research_vocabulary,26600,none,deep_research,LOW,unverified_bare,normal,(none)
וַיִּקְרָא יַעֲקֹב אֶל בָּנָיו וַיֹּאמֶר הֵאָסְפוּ וְאַגִּידָה לָכֶם אֵת אֲשֶׁר יִקְרָא אֶתְכֶם בְּאַחֲרִית הַיָּמִים הגאולה האמיתית-לפני -12020-פי 5,excel_import,,False,research_vocabulary,39600,none,deep_research,LOW,unverified_bare,normal,(none)
וַיִּקְרָא יַעֲקֹב אֶל בָּנָיו וַיֹּאמֶר הֵאָסְפוּ וְאַגִּידָה לָכֶם אֵת אֲשֶׁר יִקְרָא אֶתְכֶם בְּאַחֲרִית הַיָּמִים. משיח בן דויד -33700-לפני =פי 5,excel_import,,False,research_vocabulary,3960,none,deep_research,LOW,unverified_bare,normal,(none)
ומביא גואל לבני בניהם למען שמו באהבה,excel_import,,False,research_vocabulary,849,none,deep_research,MEDIUM,unverified_with_notes,normal,לפני
"וְשָׁב יְהוָה אֱלֹהֶיךָ אֶת-שְׁבוּתְךָ, וְרִחֲמֶךָ; וְשָׁב, וְקִבֶּצְךָ מִכָּל-הָעַמִּים, אֲשֶׁר הֱפִיצְךָ יְהוָה אֱלֹהֶיךָ, שָׁמָּה. אִם-יִהְיֶה נִדַּחֲךָ, בִּקְצֵה הַשָּׁמָיִם--מִשָּׁם, יְקַבֶּצְךָ ",excel_import,,False,research_vocabulary,3580,none,deep_research,LOW,unverified_bare,normal,(none)
זאת הברכה נבואת ביאת המשיח,excel_import,,False,research_vocabulary,1875,none,deep_research,MEDIUM,unverified_with_notes,normal,רגיל ומילוי - 1335 - אטבח
זאת הברכה נבואת ביאתי כמשיח בימינו,excel_import,,False,research_vocabulary,2018,none,deep_research,MEDIUM,unverified_with_notes,normal,מילוי
זאת הברכה נבואת ביאתי כמשיחך,excel_import,,False,research_vocabulary,1920,none,deep_research,MEDIUM,unverified_with_notes,normal,מילוי
זאת הברכה נבואת משה ביאת מלך המשיח,excel_import,,False,research_vocabulary,2310,none,deep_research,MEDIUM,unverified_with_notes,normal,לפני
זאת הברכה נבואת משה על המשיח,excel_import,,False,research_vocabulary,1907,none,deep_research,MEDIUM,unverified_with_notes,normal,לפני
זאת הברכה נבואת משה על המשיח האחרון,excel_import,,False,research_vocabulary,2177,none,deep_research,MEDIUM,unverified_with_notes,normal,מסתתר
זה אורו של משיח,excel_import,,True,thematic_corpus,913,none,public_expanded,MEDIUM,verified_default,normal,(none)
זה אני משיח אמיתי,excel_import,,True,thematic_corpus,892,none,public_expanded,MEDIUM,verified_default,normal,אתבש
זה אני משיח אמתי,excel_import,,True,thematic_corpus,882,none,public_expanded,MEDIUM,verified_default,normal,לפני
זה דור המשיח בעתה,excel_import,,True,thematic_corpus,1062,none,public_expanded,MEDIUM,verified_default,normal,אחרי גדול
זה סודו של משיח,excel_import,,True,thematic_corpus,776,none,public_expanded,MEDIUM,verified_default,normal,(none)
זוהי שנת ביאת מלך המשיח,excel_import,,False,research_vocabulary,1644,none,deep_research,MEDIUM,unverified_with_notes,normal,אחרי
זוהי שנת ביאתי כמשיח,excel_import,,True,thematic_corpus,1579,none,public_expanded,MEDIUM,verified_default,normal,לפני
זוהי שנת ביאתי כמשיחך האמיתי,excel_import,,False,research_vocabulary,2065,none,deep_research,MEDIUM,unverified_with_notes,normal,משולש
זיקי ומשיחי האחרון,excel_import,,True,thematic_corpus,771,none,public_expanded,MEDIUM,verified_default,normal,"לפני - 5140 אתב""ש - פי 5"
זכינו להיות דור המשיח האמיתי,excel_import,,False,research_vocabulary,1583,none,deep_research,MEDIUM,unverified_with_notes,normal,לפני
זכינו להיות דור המשיח האמיתי האחרון,excel_import,,False,research_vocabulary,1853,none,deep_research,MEDIUM,unverified_with_notes,normal,פי 5 - סופי תיבות
זכינו להיות דור מלך המשיח האמיתי,excel_import,,False,research_vocabulary,1673,none,deep_research,MEDIUM,unverified_with_notes,normal,סת
זכית להיות הגואל בעתה,excel_import,,True,thematic_corpus,1410,none,public_expanded,MEDIUM,verified_default,normal,משולש
זמן ביאת המשיח בספר דניאל פרק יב 1290 1335 - סת,excel_import,,False,research_vocabulary,2660,none,deep_research,LOW,unverified_bare,normal,זמן ביאת המשיח בספר דניאל פרק יב 1290 1335 - סת
זמן ביאת משיחי,excel_import,,True,thematic_corpus,878,none,public_expanded,MEDIUM,verified_default,normal,(none)
זמן גילוי המשיח,excel_import,,True,thematic_corpus,519,none,public_expanded,MEDIUM,verified_default,normal,מסתתר גדול
זמן גילוי כמשיח,excel_import,,True,thematic_corpus,534,none,public_expanded,MEDIUM,verified_default,normal,(none)
זמן גילוי מלך המשיח האמתי האחרון,excel_import,,False,research_vocabulary,1335,none,deep_research,LOW,unverified_bare,normal,(none)
זמן גלויי כמשיח,excel_import,,True,thematic_corpus,534,none,public_expanded,MEDIUM,verified_default,normal,(none)
זמן גלויי כמשיחך האמיתי האחרון,excel_import,,False,research_vocabulary,1290,none,deep_research,LOW,unverified_bare,normal,(none)
זמן קץ הגאולה,excel_import,,True,thematic_corpus,337,none,public_expanded,MEDIUM,verified_default,normal,(none)
זרע דוד צומח למשיח אחרון,excel_import,,False,research_vocabulary,1088,none,deep_research,MEDIUM,unverified_with_notes,normal,מילוי
חבלי משיח בזמן הזה,excel_import,,True,thematic_corpus,524,none,public_expanded,MEDIUM,verified_default,normal,מילוי דה מילוי - 28800 - פי 5 מילוי ללא מילה
חג הגאולה האחרונה,excel_import,,True,thematic_corpus,336,none,public_expanded,MEDIUM,verified_default,normal,(none)
חופש וגאולה תל אביב,excel_import,,True,thematic_corpus,890,none,public_expanded,MEDIUM,verified_default,normal,(none)
חורבן עזה משיח בן דוד,excel_import,,False,research_vocabulary,772,none,deep_research,LOW,unverified_bare,normal,(none)
חסידות גאולה,excel_import,,True,thematic_corpus,533,none,public_expanded,MEDIUM,verified_default,normal,מילוי 1202
יבא גואל בעתה חמש שבע שבע שש,excel_import,,False,research_vocabulary,2222,none,deep_research,MEDIUM,unverified_with_notes,normal,סופי תיבות 776
יבא לציון גואל ולשבי פשע ביעקב לפני,excel_import,,False,research_vocabulary,1391,none,deep_research,LOW,unverified_bare,normal,יבא לציון גואל ולשבי פשע ביעקב לפני
יבוא בימינו המשיח,excel_import,,True,thematic_corpus,500,none,public_expanded,MEDIUM,verified_default,normal,רגיל משולש ריבוע
יבוא מלך המשיח בימינו,excel_import,,True,thematic_corpus,590,none,public_expanded,MEDIUM,verified_default,normal,מסתתר 776
יבוא משיח בן דוד,excel_import,,True,thematic_corpus,443,none,public_expanded,MEDIUM,verified_default,normal,(none)
יביא את הגאולה,excel_import,,True,thematic_corpus,474,none,public_expanded,MEDIUM,verified_default,normal,(none)
יביא גאולה לעולם,excel_import,,True,thematic_corpus,244,none,public_expanded,MEDIUM,verified_default,normal,(none)
יהא מלך המשיח ודאי,excel_import,,True,thematic_corpus,490,none,public_expanded,MEDIUM,verified_default,normal,פי 5 - מילוי ללא גדול
יהוה בחר אותי למשיחו 1396 אתבש,excel_import,,False,research_vocabulary,3969,none,deep_research,LOW,unverified_bare,normal,יהוה בחר אותי למשיחו 1396 אתבש
יהוה הקדים את ביאת המשיח לסכות,excel_import,,False,research_vocabulary,1878,none,deep_research,MEDIUM,unverified_with_notes,normal,מילוי ללא מילה
"יהוה ומשיח ילחמו ∆ אטב""ח = 776",excel_import,,False,research_vocabulary,1820,none,deep_research,LOW,unverified_bare,normal,"יהוה ומשיח ילחמו ∆ אטב""ח = 776"
יהוה ומשיחו היום את בש,excel_import,,False,research_vocabulary,1160,none,deep_research,MEDIUM,unverified_with_notes,normal,ריבוע 11110 - מילוי ללא רגיל 3370 - פי 5
יהוה חושף לי סודות הגאולה,excel_import,,False,research_vocabulary,986,none,deep_research,MEDIUM,unverified_with_notes,normal,מילוי ללא מילה
יהוה חשף סודו זהות המשיח אות שלישית,excel_import,,False,research_vocabulary,2728,none,deep_research,LOW,unverified_bare,normal,(none)
יהוה יביא את הגאולה לעולם,excel_import,,False,research_vocabulary,676,none,deep_research,LOW,unverified_bare,normal,(none)
יהוה יושיע את המשיח מהערב רב בזמן הזה,excel_import,,False,research_vocabulary,1821,none,deep_research,MEDIUM,unverified_with_notes,normal,אחרי
יהוה יחשוף את המשיח בימינו,excel_import,,False,research_vocabulary,1312,none,deep_research,MEDIUM,unverified_with_notes,normal,אחרי
יהוה יחשוף את המשיח האמיתי בימינו,excel_import,,False,research_vocabulary,1778,none,deep_research,MEDIUM,unverified_with_notes,normal,מסתתר
יהוה ימלך לעולם ועד,excel_import,,True,thematic_corpus,382,none,public_expanded,MEDIUM,verified_default,normal,אתבש - במדבר רבה 1335 - מילוי 1290
יהוה ימלך לעלם ועד אתבש 1290 מילוי,excel_import,,False,research_vocabulary,644,none,deep_research,LOW,unverified_bare,normal,יהוה ימלך לעלם ועד אתבש 1290 מילוי
יהוה ימלך לעלם ועד אתבש 1335מדבר רבה,excel_import,,False,research_vocabulary,644,none,deep_research,LOW,unverified_bare,normal,יהוה ימלך לעלם ועד אתבש 1335מדבר רבה
יהוה יערוך נר למשיח ב2015- לפני לפי אחת,excel_import,,False,research_vocabulary,1820,none,deep_research,MEDIUM,unverified_with_notes,normal,יהוה יערוך נר למשיח ב2015 - לפני לפי אחת
יהוה יפתיע בגואלו,excel_import,,True,thematic_corpus,644,none,public_expanded,MEDIUM,verified_default,normal,(none)
יהוה יצילנו מהנחש על ידי מלך המשיח,excel_import,,False,research_vocabulary,1202,none,deep_research,LOW,unverified_bare,normal,(none)
יהוה יצמח קרן למשיח,excel_import,,True,thematic_corpus,912,none,public_expanded,MEDIUM,verified_default,normal,מילוי ורגיל 4770
יהוה יצמח קרן למשיח האחרון,excel_import,,False,research_vocabulary,1182,none,deep_research,MEDIUM,unverified_with_notes,normal,מילוי
יהוה יצמיח משיח,excel_import,,True,thematic_corpus,542,none,public_expanded,MEDIUM,verified_default,normal,אותיות אחרי
יהוה ישמח במשיח,excel_import,,True,thematic_corpus,744,none,public_expanded,MEDIUM,verified_default,normal,מילוי דה מילוי - 1000 אחרי
יהוה ישמח במשיחיו בעתה,excel_import,,True,thematic_corpus,1237,none,public_expanded,MEDIUM,verified_default,normal,(none)
יהוה ישראל המשיח המקדש,excel_import,,True,thematic_corpus,1379,none,public_expanded,MEDIUM,verified_default,normal,ריבוע
יהוה מביא גואל בעתה,excel_import,,True,thematic_corpus,596,none,public_expanded,MEDIUM,verified_default,normal,אטבח
יהוה מגלה לי את סוד ביאת המשיח,excel_import,,False,research_vocabulary,1391,none,deep_research,MEDIUM,unverified_with_notes,normal,אתבש
יהוה מגלה לי סודות מלך המשיח האמיתי,excel_import,,False,research_vocabulary,1539,none,deep_research,MEDIUM,unverified_with_notes,normal,משולש
יהוה מגלה לי סודות משיח,excel_import,,False,research_vocabulary,978,none,deep_research,MEDIUM,unverified_with_notes,normal,ריבוע
יהוה מגלה לי סודות משיח האמתי האחרון,excel_import,,False,research_vocabulary,1704,none,deep_research,MEDIUM,unverified_with_notes,normal,לפני
יהוה מגן על משיחו,excel_import,,True,thematic_corpus,583,none,public_expanded,MEDIUM,verified_default,normal,מסתתר גדול
יהוה מדבר למשיח 396,excel_import,,False,research_vocabulary,2660,none,deep_research,LOW,unverified_bare,normal,יהוה מדבר למשיח 396
יהוה מלך יהוה מלך יהוה ימלך לעולם ועד,excel_import,,False,research_vocabulary,614,none,deep_research,MEDIUM,unverified_with_notes,normal,רגיל ואותיות
יהוה מסתיר את צמח המשיח - מסתתר,excel_import,,False,research_vocabulary,2015,none,deep_research,LOW,unverified_bare,normal,יהוה מסתיר את צמח המשיח - מסתתר
יהוה מצמיח אותי למשיח ישראל,excel_import,,False,research_vocabulary,1560,none,deep_research,MEDIUM,unverified_with_notes,normal,מילוי רגיל
יהוה מצמיח את המשיח בימינו,excel_import,,False,research_vocabulary,1096,none,deep_research,MEDIUM,unverified_with_notes,normal,רגיל ואותיות
יהוה מצמיח את המשיח האחרון בימינו,excel_import,,False,research_vocabulary,1366,none,deep_research,MEDIUM,unverified_with_notes,normal,ריבוע - 477 - סת - 2480 - אלבם
יהוה משתעשע עם משיחיו,excel_import,,True,thematic_corpus,1690,none,public_expanded,MEDIUM,verified_default,normal,לפני
יהוה עוזר למשיח,excel_import,,True,thematic_corpus,697,none,public_expanded,MEDIUM,verified_default,normal,אחס בטע
יהוה שולח את המשיח,excel_import,,True,thematic_corpus,1134,none,public_expanded,MEDIUM,verified_default,normal,(none)
יהיה דרגת היחידה 11111 -אטבח,excel_import,,False,research_vocabulary,3370,none,deep_research,MEDIUM,unverified_with_notes,normal,יהיה דרגת היחידה 11111 - אטבח
יום ביאת המשיח האמיתי,excel_import,,True,thematic_corpus,1298,none,public_expanded,MEDIUM,verified_default,normal,ריבוע =פי 5
יום ביאת המשיח האמיתי עשרה בטבת,excel_import,,False,research_vocabulary,2286,none,deep_research,MEDIUM,unverified_with_notes,normal,מילוי =פי 5
יום ביאת המשיח האמתי =פי 5,excel_import,,False,research_vocabulary,6440,none,deep_research,LOW,unverified_bare,normal,יום ביאת המשיח האמתי =פי 5
יום ביאת המשיח השנה,excel_import,,True,thematic_corpus,1192,none,public_expanded,MEDIUM,verified_default,normal,ריבוע - 717 - פנים מילה
יום הגאולה האמיתית,excel_import,,True,thematic_corpus,972,none,public_expanded,MEDIUM,verified_default,normal,פי 5 - רגיל ומילוי
יום הגאולה יסתר - גדול 1336,excel_import,,False,research_vocabulary,776,none,deep_research,LOW,unverified_bare,normal,יום הגאולה יסתר - גדול 1336
יוסי ווינר משיח יהוה,excel_import,,True,thematic_corpus,742,none,public_expanded,MEDIUM,verified_default,normal,מסתתר
ייעדת אותי לגואל,excel_import,,True,thematic_corpus,981,none,public_expanded,MEDIUM,verified_default,normal,משולש - 981 - רגיל 4770 - רגיל לפני אחרי
ייעדת אותי למשיחך,excel_import,,True,thematic_corpus,1319,none,public_expanded,MEDIUM,verified_default,normal,רגיל ומילוי
ייעדתי אותך למשיח,excel_import,,True,thematic_corpus,1319,none,public_expanded,MEDIUM,verified_default,normal,רגיל ומילוי
ילדי המשיח דורון ארז עדן,excel_import,,False,research_vocabulary,1015,none,deep_research,LOW,unverified_bare,normal,(none)
ימות המשיח האמיתי בימינו,excel_import,,True,thematic_corpus,1403,none,public_expanded,MEDIUM,verified_default,normal,אחרי
ימשח אותי למלך המשיח בעת נון,excel_import,,False,research_vocabulary,1836,none,deep_research,MEDIUM,unverified_with_notes,normal,מילוי
יעקב ידע סוד את הגאולה,excel_import,,False,research_vocabulary,787,none,deep_research,MEDIUM,unverified_with_notes,normal,רגיל ומלים - פי 5
יעקב ידע סוד הגאולה,excel_import,,True,thematic_corpus,386,none,public_expanded,MEDIUM,verified_default,normal,ריבוע - פי 5
יעקב רצה לגלות לבניו את שנת הגאולה,excel_import,,False,research_vocabulary,2245,none,deep_research,MEDIUM,unverified_with_notes,normal,רת - פי 5
יעקב רצה לספר לבניו את משיח יהוה,excel_import,,False,research_vocabulary,1730,none,deep_research,MEDIUM,unverified_with_notes,normal,מילוי דה מילוי
יעקב רצה לספר לבניו סוד משיח יהוה,excel_import,,False,research_vocabulary,1399,none,deep_research,MEDIUM,unverified_with_notes,normal,מסתתר =פי 5
יפיצו סודות הגואל בצפונות התורה,excel_import,,False,research_vocabulary,1967,none,deep_research,LOW,unverified_bare,normal,יפיצו סודות הגואל בצפונות התורה
יצמח משיחך 7170 - משולש 7176 מיקום האות 266,excel_import,,False,research_vocabulary,1820,none,deep_research,LOW,unverified_bare,normal,יצמח משיחך 7170 - משולש 7176 מיקום האות 266
ישראל קצובר שליח לגאולה,excel_import,,True,thematic_corpus,1362,none,public_expanded,MEDIUM,verified_default,normal,לפני
ישראל רוצה את המשיח מכי ליהוה המלוכה,excel_import,,False,research_vocabulary,1838,none,deep_research,MEDIUM,unverified_with_notes,normal,רגיל ומסתתר - 2480 - אחרי גדול
יתעבר ברוחו של משיח ביטבת 644 סופי תיבות,excel_import,,False,research_vocabulary,2015,none,deep_research,LOW,unverified_bare,normal,יתעבר ברוחו של משיח ביטבת 644 סופי תיבות
כאן משיח ואליהו,excel_import,,True,thematic_corpus,487,none,public_expanded,MEDIUM,verified_default,normal,משולש - 1139 - לפני
כֹּה אָמַר יְהוָה קְדוֹשׁ יִשְׂרָאֵל וְיֹצְרוֹ הָאֹתִיּוֹת שְׁאָלוּנִי עַל בָּנַי וְעַל פֹּעַל יָדַי תְּצַוֻּנִי לי סודות הגאולה האמתית השלמה -לפני,excel_import,,False,research_vocabulary,20160,none,deep_research,LOW,unverified_bare,normal,(none)
כֹּה אָמַר יְהוָה קְדוֹשׁ יִשְׂרָאֵל וְיֹצְרוֹ הָאֹתִיּוֹת שְׁאָלוּנִי עַל בָּנַי וְעַל פֹּעַל יָדַי תְּצַוֻּנִי סוד משיחו האמיתי -3370-לפני -4770-,excel_import,,False,research_vocabulary,3370,none,deep_research,LOW,unverified_bare,normal,(none)
כֹּה אָמַר יְהוָה קְדוֹשׁ יִשְׂרָאֵל וְיֹצְרוֹ הָאֹתִיּוֹת שְׁאָלוּנִי עַל בָּנַי וְעַל פֹּעַל יָדַי תְּצַוֻּנִי תאריך ביאת אליהו הנביא והמשיח -רת -1400-קטן,excel_import,,False,research_vocabulary,7170,none,deep_research,LOW,unverified_bare,normal,(none)
כוחו של משיח צדקנו בעצם היום הזה,excel_import,,False,research_vocabulary,1258,none,deep_research,LOW,unverified_bare,normal,(none)
כי לה המלוכה משיח יהוה אמיתי,excel_import,,False,research_vocabulary,1016,none,deep_research,LOW,unverified_bare,normal,(none)
כי ליהוה המלוכה בית גואל,excel_import,,False,research_vocabulary,644,none,deep_research,MEDIUM,unverified_with_notes,normal,4440 מילוי גדול
כי ליהוה המלוכה בית גואלך,excel_import,,False,research_vocabulary,664,none,deep_research,MEDIUM,unverified_with_notes,normal,אתבש
כי ליהוה המלוכה בית המשיח,excel_import,,False,research_vocabulary,967,none,deep_research,MEDIUM,unverified_with_notes,normal,אחרי
כסא משיח דוד תכין 2015ב,excel_import,,False,research_vocabulary,776,none,deep_research,LOW,unverified_bare,normal,כסא משיח דוד תכין 2015ב
כעס המציאות 1118 1335 4960 671 702,excel_import,,False,research_vocabulary,702,none,deep_research,LOW,unverified_bare,normal,כעס המציאות 1118 1335 4960 671 702
כתובת המשיח באחוזה ששים ושמונה אחרי,excel_import,,False,research_vocabulary,2496,none,deep_research,LOW,unverified_bare,normal,כתובת המשיח באחוזה ששים ושמונה אחרי
כתר מלך המשיח בטו ניסן,excel_import,,False,research_vocabulary,1260,none,deep_research,MEDIUM,unverified_with_notes,normal,אתבש=פי 5
כתר מלך המשיח יונח על,excel_import,,False,research_vocabulary,1247,none,deep_research,MEDIUM,unverified_with_notes,normal,סת
כתר מלך המשיח יונח על ראשי השנה,excel_import,,False,research_vocabulary,2118,none,deep_research,MEDIUM,unverified_with_notes,normal,מילוי
כתר מלכות דויד למשיח,excel_import,,True,thematic_corpus,1528,none,public_expanded,MEDIUM,verified_default,normal,מילוי
לא יאמינו לגואל האמיתי האחרון,excel_import,,False,research_vocabulary,954,none,deep_research,MEDIUM,unverified_with_notes,normal,אחרי גדול
לא יאמינו למשיח,excel_import,,True,thematic_corpus,536,none,public_expanded,MEDIUM,verified_default,normal,(none)
לא יאמינו למשיח האחרון אחרי,excel_import,,False,research_vocabulary,1025,none,deep_research,LOW,unverified_bare,normal,לא יאמינו למשיח האחרון אחרי
לא יאמינו למשיחו,excel_import,,True,thematic_corpus,542,none,public_expanded,MEDIUM,verified_default,normal,לפני
לֹא יָסוּר שֵׁבֶט מִיהוּדָה וּמְחֹקֵק מִבֵּין רַגְלָיו עַד כִּי יָבֹא שִׁילֹה וְלוֹ יִקְּהַת עַמִּים :המשיח האחרון - לפני,excel_import,,False,research_vocabulary,2212,none,deep_research,LOW,unverified_bare,normal,(none)
לא יקבלו אותי כמשיח ב2015-לפי אחד,excel_import,,False,research_vocabulary,3960,none,deep_research,MEDIUM,unverified_with_notes,normal,לא יקבלו אותי כמשיח ב2015 - לפי אחד
לא מאמינים למשיח האמתי,excel_import,,True,thematic_corpus,1066,none,public_expanded,MEDIUM,verified_default,normal,פי 5
לא צריך אישה המשיח,excel_import,,True,thematic_corpus,1030,none,public_expanded,MEDIUM,verified_default,normal,(none)
לוט אברהם משיח בן דויד,excel_import,,False,research_vocabulary,727,none,deep_research,MEDIUM,unverified_with_notes,normal,לפני
לוט משיח דויד בן ישי,excel_import,,False,research_vocabulary,799,none,deep_research,LOW,unverified_bare,normal,(none)
לי בשורת הגאולה - אחרי גדול,excel_import,,False,research_vocabulary,1335,none,deep_research,LOW,unverified_bare,normal,לי בשורת הגאולה - אחרי גדול
לי בשורת הגאולה השלמה- ריבוע,excel_import,,False,research_vocabulary,3630,none,deep_research,MEDIUM,unverified_with_notes,normal,לי בשורת הגאולה השלמה - ריבוע
לינוי אור משה משיח,excel_import,,True,thematic_corpus,1016,none,public_expanded,MEDIUM,verified_default,normal,(none)
למוד זהר יביא ויטה לנו גאולה ברחמים,excel_import,,False,research_vocabulary,776,none,deep_research,LOW,unverified_bare,normal,(none)
למשיח מי הנבחר,excel_import,,True,thematic_corpus,703,none,public_expanded,MEDIUM,verified_default,normal,644 - אתבש - 218 - סת
למשיחי צלקת בלחי ימין,excel_import,,True,thematic_corpus,1178,none,public_expanded,MEDIUM,verified_default,normal,ריבוע =פי 5
לסאלי ולמשיח אותה הנשמה 1337 878,excel_import,,False,research_vocabulary,1472,none,deep_research,LOW,unverified_bare,normal,לסאלי ולמשיח אותה הנשמה 1337 878
מ מש משי משיח ב בן ד דו דוד,excel_import,,False,research_vocabulary,1170,none,deep_research,MEDIUM,unverified_with_notes,normal,איק בכר 2216
מ מש משי משיח ב בן ד דו דוי דויד,excel_import,,False,research_vocabulary,1200,none,deep_research,LOW,unverified_bare,normal,(none)
מאדום וישמעאל יצמח משיח,excel_import,,True,thematic_corpus,1054,none,public_expanded,MEDIUM,verified_default,normal,מסתתר - לפני 776 - 1234
מביא גואל למען שמו באהבה,excel_import,,False,research_vocabulary,644,none,deep_research,LOW,unverified_bare,normal,(none)
מביא משיחו בן דויד למען שמו באהבה,excel_import,,False,research_vocabulary,1044,none,deep_research,LOW,unverified_bare,normal,(none)
מבנימין נתניהו למשיח = 1111.,excel_import,,False,research_vocabulary,,none,deep_research,LOW,unverified_bare,normal,מבנימין נתניהו למשיח = 1111.
מבנימין נתניהו למשיח בן,excel_import,,True,thematic_corpus,1163,none,public_expanded,MEDIUM,verified_default,normal,דוד= (4444 משולש)
מה היא שנת הגאולה האמיתית 6440 ∆,excel_import,,False,research_vocabulary,6440,none,deep_research,LOW,unverified_bare,normal,מה היא שנת הגאולה האמיתית 6440 ∆
מה היא שנת המשיח,excel_import,,True,thematic_corpus,1174,none,public_expanded,MEDIUM,verified_default,normal,מילוי
מה השם של המשיח האמיתי,excel_import,,False,research_vocabulary,1549,none,deep_research,LOW,unverified_bare,normal,(none)
מה שמו האמיתי של המשיח האחרון,excel_import,,False,research_vocabulary,1820,none,deep_research,MEDIUM,unverified_with_notes,normal,2480 - מסתר
מהו שם המשיח בזמן הזה,excel_import,,False,research_vocabulary,870,none,deep_research,MEDIUM,unverified_with_notes,normal,מילוי - 1139 - אחרי
מועדו האחרון של משיח כל אות שניה,excel_import,,False,research_vocabulary,1906,none,deep_research,LOW,unverified_bare,normal,(none)
מִזְמוֹר שִׁיר לְיוֹם הַשַּׁבָּת: המשיח - רגיל ומילוי,excel_import,,False,research_vocabulary,5900,none,deep_research,LOW,unverified_bare,normal,(none)
מי המשיח בזמן הזה,excel_import,,True,thematic_corpus,529,none,public_expanded,MEDIUM,verified_default,normal,פי 5 - 3480 - אחרי
מי המשיח בעתה,excel_import,,True,thematic_corpus,890,none,public_expanded,MEDIUM,verified_default,normal,אחרי
מי המשיח האמיתי,excel_import,,True,thematic_corpus,879,none,public_expanded,MEDIUM,verified_default,normal,מילוי גבוה ללא מילה
מי המשיח היום,excel_import,,True,thematic_corpus,474,none,public_expanded,MEDIUM,verified_default,normal,אחרי - פי 5
מי המשיח המיועד,excel_import,,True,thematic_corpus,548,none,public_expanded,MEDIUM,verified_default,normal,אטבח - פי 5
מי המשיח לדר האחרון rhcug,excel_import,,False,research_vocabulary,2880,none,deep_research,LOW,unverified_bare,normal,(none)
מי הנבחר למשיח,excel_import,,True,thematic_corpus,703,none,public_expanded,MEDIUM,verified_default,normal,אתבש - 218 - סת
מי זה בא מאדום משיח,excel_import,,False,research_vocabulary,514,none,deep_research,LOW,unverified_bare,normal,(none)
מי יהיה מלך המשיח,excel_import,,True,thematic_corpus,533,none,public_expanded,MEDIUM,verified_default,normal,375 לפני
מי יהיה מלך המשיח האחרון,excel_import,,False,research_vocabulary,803,none,deep_research,MEDIUM,unverified_with_notes,normal,לפני - ריבוע
מי יהיה משיחנו האמיתי,excel_import,,True,thematic_corpus,960,none,public_expanded,MEDIUM,verified_default,normal,אחרי גדול
מי ימשח אותי למלך המשיח,excel_import,,False,research_vocabulary,1308,none,deep_research,MEDIUM,unverified_with_notes,normal,לפני
מי ימשח אותי למשיח,excel_import,,True,thematic_corpus,1213,none,public_expanded,MEDIUM,verified_default,normal,מילוי דה מילוי
מי ימשח למשיח בעת קץ,excel_import,,False,research_vocabulary,1458,none,deep_research,MEDIUM,unverified_with_notes,normal,רגיל ומסתתר - פי 5 - גדול 11340
מי מלך המשיח היום,excel_import,,True,thematic_corpus,564,none,public_expanded,MEDIUM,verified_default,normal,פי 5 - אתבש
מי משיח יהוה בזמן הזה,excel_import,,False,research_vocabulary,550,none,deep_research,LOW,unverified_bare,normal,(none)
מי משיח צדקנו בזמן הזה,excel_import,,False,research_vocabulary,774,none,deep_research,MEDIUM,unverified_with_notes,normal,פי 5 - רגילו ואותיות
מי משיחנו בזמן הזה,excel_import,,True,thematic_corpus,580,none,public_expanded,MEDIUM,verified_default,normal,פי 5 - מילוי ללא
מי נבחר למשיחו האחרון,excel_import,,True,thematic_corpus,974,none,public_expanded,MEDIUM,verified_default,normal,סופי תיבות
מי נבחרך למלך משיח,excel_import,,True,thematic_corpus,808,none,public_expanded,MEDIUM,verified_default,normal,אתבש
מי נבחרך למשיח,excel_import,,True,thematic_corpus,718,none,public_expanded,MEDIUM,verified_default,normal,מילוי גדול משולש 13700 משולש גדול 23300
מי נבחרך למשיח האחרון,excel_import,,True,thematic_corpus,988,none,public_expanded,MEDIUM,verified_default,normal,(none)
מיהו גואל צדק אמיתי,excel_import,,True,thematic_corpus,756,none,public_expanded,MEDIUM,verified_default,normal,לפני רזא
מיהו הגואל האחרון,excel_import,,True,thematic_corpus,376,none,public_expanded,MEDIUM,verified_default,normal,מגבר רבה - 1266 אחרי
מיהו הגואל האמיתי,excel_import,,True,thematic_corpus,572,none,public_expanded,MEDIUM,verified_default,normal,מילוי ללא מילה - פי 5
מיהו המשיח 424- 363 מדבר רבה,excel_import,,False,research_vocabulary,424,none,deep_research,MEDIUM,unverified_with_notes,normal,מיהו המשיח 424 - 363 מדבר רבה
מיהו המשיח האחרון בעתה אחישנה = משולש,excel_import,,False,research_vocabulary,5880,none,deep_research,LOW,unverified_bare,normal,מיהו המשיח האחרון בעתה אחישנה = משולש
מיהו זה מלך המשיח בימינו,excel_import,,False,research_vocabulary,644,none,deep_research,LOW,unverified_bare,normal,(none)
מיהו מלך המשיח,excel_import,,True,thematic_corpus,514,none,public_expanded,MEDIUM,verified_default,normal,לפני 358 514 רגיל
מיהו מלך המשיח בעתה =מילוי ללא,excel_import,,False,research_vocabulary,1266,none,deep_research,LOW,unverified_bare,normal,מיהו מלך המשיח בעתה =מילוי ללא
מיהו מלך המשיח לדור האחרון,excel_import,,False,research_vocabulary,1024,none,deep_research,MEDIUM,unverified_with_notes,normal,לפני
מיהו מלך המשיח לדור האחרון kpbh,excel_import,,False,research_vocabulary,644,none,deep_research,LOW,unverified_bare,normal,(none)
מיהו משיח בן דוד היום,excel_import,,False,research_vocabulary,546,none,deep_research,MEDIUM,unverified_with_notes,normal,מילוי דה מילוי
מיהו משיח יהוה בזמן הזה,excel_import,,False,research_vocabulary,561,none,deep_research,MEDIUM,unverified_with_notes,normal,פי 5 - מילוי ללא
מיהו משיחך בעתה,excel_import,,True,thematic_corpus,916,none,public_expanded,MEDIUM,verified_default,normal,משולש
מיהו משיחך האמתי בזמן הזה,excel_import,,False,research_vocabulary,1011,none,deep_research,MEDIUM,unverified_with_notes,normal,רגיל לפני ואחרי
מיהו משיחנו בזמן הזה,excel_import,,True,thematic_corpus,591,none,public_expanded,MEDIUM,verified_default,normal,משולש
מיהו נבחרך למשיח האחרון,excel_import,,True,thematic_corpus,999,none,public_expanded,MEDIUM,verified_default,normal,אתבש
מיהו צמח המשיח האמתי האחרון =פי 5,excel_import,,False,research_vocabulary,6440,none,deep_research,LOW,unverified_bare,normal,מיהו צמח המשיח האמתי האחרון =פי 5
מלחמת אובאמה עמלק נגד יהוה ומשיחו,excel_import,,False,research_vocabulary,1266,none,deep_research,LOW,unverified_bare,normal,(none)
מלחמת גוג ומגוג משיח בן דוד,excel_import,,False,research_vocabulary,1012,none,deep_research,LOW,unverified_bare,normal,(none)
מלחמת המשיח בעתה,excel_import,,True,thematic_corpus,1358,none,public_expanded,MEDIUM,verified_default,normal,(none)
מלחמת מלך המשיח בנחש,excel_import,,True,thematic_corpus,1331,none,public_expanded,MEDIUM,verified_default,normal,רגיל ומלים - 1335 - לפני - 2180 - מילוי ללא מילה
מלחמת משיח יהוה בעתה,excel_import,,True,thematic_corpus,1379,none,public_expanded,MEDIUM,verified_default,normal,מסתתר
מלך המשיח 11111- אחרי -לפי אחת,excel_import,,False,research_vocabulary,5660,none,deep_research,MEDIUM,unverified_with_notes,normal,מלך המשיח 11111 - אחרי - לפי אחת
מלך המשיח 266 - מיקום האות,excel_import,,False,research_vocabulary,266,none,deep_research,LOW,unverified_bare,normal,מלך המשיח 266 - מיקום האות
מלך המשיח 396 - מיקום האות,excel_import,,False,research_vocabulary,266,none,deep_research,LOW,unverified_bare,normal,מלך המשיח 396 - מיקום האות
מלך המשיח ביום הדין,excel_import,,True,thematic_corpus,580,none,public_expanded,MEDIUM,verified_default,normal,אחרי
מלך המשיח בימינו,excel_import,,True,thematic_corpus,571,none,public_expanded,MEDIUM,verified_default,normal,אחרי גדול
מלך המשיח בימינו אחרי גדול,excel_import,,False,research_vocabulary,833,none,deep_research,LOW,unverified_bare,normal,מלך המשיח בימינו אחרי גדול
מלך המשיח בימינו תושב ישראל,excel_import,,False,research_vocabulary,1820,none,deep_research,MEDIUM,unverified_with_notes,normal,4770 - אטבח
מלך המשיח בן ישי לדור האחרון,excel_import,,False,research_vocabulary,1335,none,deep_research,LOW,unverified_bare,normal,(none)
מלך המשיח בעשירי בטבת חמש שבע שבע שש,excel_import,,False,research_vocabulary,3150,none,deep_research,MEDIUM,unverified_with_notes,normal,גדול
מלך המשיח בעת ההיא ∆,excel_import,,False,research_vocabulary,3580,none,deep_research,LOW,unverified_bare,normal,(none)
מלך המשיח בשנת הגאולה האחרונה,excel_import,,False,research_vocabulary,1530,none,deep_research,MEDIUM,unverified_with_notes,normal,גדול ומלים
מלך המשיח גוג= מילוי,excel_import,,False,research_vocabulary,1335,none,deep_research,LOW,unverified_bare,normal,מלך המשיח גוג= מילוי
מלך המשיח גנוז,excel_import,,True,thematic_corpus,519,none,public_expanded,MEDIUM,verified_default,normal,לפני 2440 - רגיל ומשולש
מלך המשיח האחרון יתגלה פתאם,excel_import,,False,research_vocabulary,1692,none,deep_research,MEDIUM,unverified_with_notes,normal,רגיל - גדול 3382
מלך המשיח האמיתי יבא בשנה החדשה,excel_import,,False,research_vocabulary,1611,none,deep_research,MEDIUM,unverified_with_notes,normal,מסתתר - 1139 - לפני
מלך המשיח האמיתי נביא כמשה,excel_import,,False,research_vocabulary,1347,none,deep_research,MEDIUM,unverified_with_notes,normal,ריבוע
מלך המשיח האמתי,excel_import,,True,thematic_corpus,909,none,public_expanded,MEDIUM,verified_default,normal,משולש - 1400 - מסתתר
מלך המשיח האמתי בימינו,excel_import,,True,thematic_corpus,1027,none,public_expanded,MEDIUM,verified_default,normal,משולש
מלך המשיח האמתי האחרון גר בארץ ישראל,excel_import,,False,research_vocabulary,2216,none,deep_research,MEDIUM,unverified_with_notes,normal,מילוי - 2216 - רגיל - 358 - מיקום האות
מלך המשיח האמתי מכי ליהוה המלוכה,excel_import,,False,research_vocabulary,1141,none,deep_research,MEDIUM,unverified_with_notes,normal,מסתתר
מלך המשיח הגיע,excel_import,,True,thematic_corpus,541,none,public_expanded,MEDIUM,verified_default,normal,מסתתר
מלך המשיח הנבחר,excel_import,,True,thematic_corpus,718,none,public_expanded,MEDIUM,verified_default,normal,(none)
מלך המשיח יבא מכי ליהוה המלוכה,excel_import,,False,research_vocabulary,698,none,deep_research,MEDIUM,unverified_with_notes,normal,רגיל ומילוי =פי 5
מלך המשיח יבא מכי ליהוה המלוכה ב2016 -01300-רגיל,excel_import,,False,research_vocabulary,18200,none,deep_research,MEDIUM,unverified_with_notes,normal,מלך המשיח יבא מכי ליהוה המלוכה ב2016 - 01300 - רגיל
מלך המשיח יבוא באלפיים שש עשרה,excel_import,,False,research_vocabulary,1820,none,deep_research,LOW,unverified_bare,normal,מלך המשיח יבוא באלפיים שש עשרה
מלך המשיח יבוא בהיסח הדעת בכט אלול,excel_import,,False,public_core,1134,none,public_core,HIGH,node_linked,normal,(none)
מלך המשיח יבנה את בית המקדש,excel_import,,False,research_vocabulary,1782,none,deep_research,MEDIUM,unverified_with_notes,normal,מילוי
מלך המשיח יגאל בשנת הגאולה בעתה,excel_import,,False,research_vocabulary,1776,none,deep_research,LOW,unverified_bare,normal,(none)
מלך המשיח יהלל את יהוה,excel_import,,False,research_vocabulary,955,none,deep_research,MEDIUM,unverified_with_notes,normal,רגיל רבוע משולש
מלך המשיח ימגר את מלך מגוג אובאמה,excel_import,,False,research_vocabulary,1304,none,deep_research,MEDIUM,unverified_with_notes,normal,פי 5 - מילוי - אחרי 11180
מלך המשיח ימחה את הנחש אובאמה,excel_import,,False,research_vocabulary,1335,none,deep_research,LOW,unverified_bare,normal,(none)
מלך המשיח ימחה את הנחש העמלקי,excel_import,,False,research_vocabulary,1535,none,deep_research,MEDIUM,unverified_with_notes,normal,גדול
מלך המשיח ימחה את הנחש הקדמון,excel_import,,False,research_vocabulary,1485,none,deep_research,MEDIUM,unverified_with_notes,normal,ריבוע
מלך המשיח ימחה את זכר עמלק,excel_import,,False,research_vocabulary,1384,none,deep_research,MEDIUM,unverified_with_notes,normal,מדבר רבה
מלך המשיח ימחה את עמלק,excel_import,,False,research_vocabulary,1157,none,deep_research,MEDIUM,unverified_with_notes,normal,ריבוע - 533 - סת
מלך המשיח יעשה שלום עלמי,excel_import,,False,research_vocabulary,1364,none,deep_research,MEDIUM,unverified_with_notes,normal,אתבש
מלך המשיח יקבל נשמה כוללת,excel_import,,False,research_vocabulary,1476,none,deep_research,MEDIUM,unverified_with_notes,normal,משולש גדול
מלך המשיח ישב על כסא דוד המלך,excel_import,,False,research_vocabulary,1055,none,deep_research,MEDIUM,unverified_with_notes,normal,גדול
מלך המשיח ישיש,excel_import,,True,thematic_corpus,1073,none,public_expanded,MEDIUM,verified_default,normal,אחרי גדול - 1118 - לפני
מלך המשיח ישלים את בית המקדש השלישי,excel_import,,False,research_vocabulary,2760,none,deep_research,MEDIUM,unverified_with_notes,normal,רגיל ומילוי
מלך המשיח מזרע דויד בן ישי אות שלישית,excel_import,,False,research_vocabulary,2623,none,deep_research,LOW,unverified_bare,normal,(none)
מלך המשיח מלוט,excel_import,,True,thematic_corpus,538,none,public_expanded,MEDIUM,verified_default,normal,מסתתר
מלך המשיח סודי ביותר,excel_import,,True,thematic_corpus,1151,none,public_expanded,MEDIUM,verified_default,normal,לפני =פי 5
מלך המשיח פרה אדמה תמימה עשירית,excel_import,,False,research_vocabulary,2273,none,deep_research,MEDIUM,unverified_with_notes,normal,אחרי
מלך המשיח צדיק,excel_import,,True,thematic_corpus,657,none,public_expanded,MEDIUM,verified_default,normal,אטבח
מלכות בית דויד משיחך לעלמים ( ∆ ),excel_import,,False,research_vocabulary,5776,none,deep_research,LOW,unverified_bare,normal,(none)
מלכות דויד למלך המשיח,excel_import,,True,thematic_corpus,1003,none,public_expanded,MEDIUM,verified_default,normal,מילוי ללא
מלכות המשיח בימינו,excel_import,,True,thematic_corpus,977,none,public_expanded,MEDIUM,verified_default,normal,משולש מילה מילוי דמילוי
מלכות המשיח האמיתי האחרון,excel_import,,True,thematic_corpus,1595,none,public_expanded,MEDIUM,verified_default,normal,מילוי דה מילוי
מלכות המשיח האמיתית האחרונה,excel_import,,True,thematic_corpus,2000,none,public_expanded,MEDIUM,verified_default,normal,מילוי - 2600 - אחרי גדול
מלכות המשיח תהיה,excel_import,,True,thematic_corpus,1279,none,public_expanded,MEDIUM,verified_default,normal,אחרי גדול
מלכות נצחית למשיח בן יוסף,excel_import,,False,research_vocabulary,1650,none,deep_research,MEDIUM,unverified_with_notes,normal,אטבח
מלכות צדק למלך המשיח האחרון בזמן הזה,excel_import,,False,research_vocabulary,1559,none,deep_research,MEDIUM,unverified_with_notes,normal,מסתתר גדול
מלכות צדק למלך המשיח האחרון בימינו,excel_import,,False,research_vocabulary,1561,none,deep_research,MEDIUM,unverified_with_notes,normal,מסתתר - 1139 - לפני
מלכות שמים המשיח,excel_import,,True,thematic_corpus,1249,none,public_expanded,MEDIUM,verified_default,normal,מסתתר
ממשלת משיח בן דוד,excel_import,,True,thematic_corpus,1234,none,public_expanded,MEDIUM,verified_default,normal,(none)
מנחם שילה ינון חנינא המשיח מלך,excel_import,,False,research_vocabulary,1171,none,deep_research,MEDIUM,unverified_with_notes,normal,רת - פי 5
מספר הטלפון של מלך המשיח 0502169455,excel_import,,False,research_vocabulary,3630,none,deep_research,LOW,unverified_bare,normal,מספר הטלפון של מלך המשיח 0502169455
מסרים של המשיח,excel_import,,True,public_core,1043,none,public_core,HIGH,node_linked,normal,מילוי 2137 - וכן 3180רגיל ומילוי
מֹעֵד שְׁנַת הַשְּׁמִטָּה--בְּחַג הַסֻּכּוֹת בעתה אחישנה ביאת הגואל האמתי האחרון -מילוי ללא מילה,excel_import,,False,research_vocabulary,5330,none,deep_research,LOW,unverified_bare,normal,(none)
מֹעֵד שְׁנַת הַשְּׁמִטָּה--בְּחַג הַסֻּכּוֹת. ביאת המשיח - לפני,excel_import,,False,research_vocabulary,1820,none,deep_research,LOW,unverified_bare,normal,(none)
מֹעֵד שְׁנַת הַשְּׁמִטָּה--בְּחַג הַסֻּכּוֹת. ביאתי כמשיח יהוה האחרון- לפני-4770- איק בכר,excel_import,,False,research_vocabulary,2015,none,deep_research,LOW,unverified_bare,normal,(none)
מֹעֵד שְׁנַת הַשְּׁמִטָּה--בְּחַג הַסֻּכּוֹת. ביאתי כמשיח יהוה האמיתי - אלבם,excel_import,,False,research_vocabulary,3960,none,deep_research,LOW,unverified_bare,normal,(none)
מֹעֵד שְׁנַת הַשְּׁמִטָּה--בְּחַג הַסֻּכּוֹת. תחילת הגאולה,excel_import,,False,research_vocabulary,5330,none,deep_research,LOW,unverified_bare,normal,(none)
מפלת דמשק האות למשיח יהוה,excel_import,,False,research_vocabulary,1820,none,deep_research,LOW,unverified_bare,normal,(none)
מצעד הגאוה מכעיס את משיח יהוה האמיתי,excel_import,,False,research_vocabulary,1675,none,deep_research,MEDIUM,unverified_with_notes,normal,מסתתר
משה גואל אחרון,excel_import,,True,thematic_corpus,650,none,public_expanded,MEDIUM,verified_default,normal,אטבח - 1202אחס בטע
משה גואל אחרון בעתה,excel_import,,True,thematic_corpus,1127,none,public_expanded,MEDIUM,verified_default,normal,אחרי
משה משיח בן דוד משיח בן יוסף,excel_import,,False,research_vocabulary,1335,none,deep_research,MEDIUM,unverified_with_notes,normal,"1358 אתב""ש"
משיח (רגיל ישר והפוך),excel_import,,False,research_vocabulary,1211,none,deep_research,MEDIUM,unverified_with_notes,normal,"משיח (רגיל ישר והפוך) | לבדיקה: שיטת ""רגיל ישר והפוך"" — שתי שורות יוצאות 1211, לאמת הגדרה"
משיח 1331 - מלוי ללא מילה גדול,excel_import,,False,research_vocabulary,7170,none,deep_research,LOW,unverified_bare,normal,משיח 1331 - מלוי ללא מילה גדול
משיח 3 כפול 5 כפול 8,excel_import,,False,research_vocabulary,120,none,deep_research,LOW,unverified_bare,normal,משיח 3 כפול 5 כפול 8
משיח 337 533 396 מסתתר לפי שלש,excel_import,,False,research_vocabulary,4240,none,deep_research,LOW,unverified_bare,normal,משיח 337 533 396 מסתתר לפי שלש
משיח אחרון ביטבת,excel_import,,True,thematic_corpus,1046,none,public_expanded,MEDIUM,verified_default,normal,רגיל ומילוי
משיח אחרון עני ורכב על חמור,excel_import,,False,research_vocabulary,1335,none,deep_research,MEDIUM,unverified_with_notes,normal,266 - מיקום
משיח אמיתי בעתה מילוי ללא מילה,excel_import,,False,research_vocabulary,1538,none,deep_research,LOW,unverified_bare,normal,משיח אמיתי בעתה מילוי ללא מילה
משיח בא בדינים,excel_import,,True,thematic_corpus,477,none,public_expanded,MEDIUM,verified_default,normal,(none)
משיח בא בזמן הזה,excel_import,,True,thematic_corpus,477,none,public_expanded,MEDIUM,verified_default,normal,(none)
משיח בא בימינו,excel_import,,True,thematic_corpus,479,none,public_expanded,MEDIUM,verified_default,normal,אחרי
משיח בא משלמה,excel_import,,True,thematic_corpus,776,none,public_expanded,MEDIUM,verified_default,normal,(none)
משיח בא עני ורכב על חמר,excel_import,,False,public_core,1067,none,public_core,HIGH,node_linked,normal,מסתתר
משיח בטבת עשירי מלוי ללא מילה,excel_import,,False,research_vocabulary,1593,none,deep_research,LOW,unverified_bare,normal,(none)
משיח בי' טבת,excel_import,,False,research_vocabulary,,none,deep_research,LOW,unverified_bare,normal,(none)
משיח בלתי מנוצח,excel_import,,True,thematic_corpus,994,none,public_expanded,MEDIUM,verified_default,normal,(none)
משיח בן דוד הגואל,excel_import,,True,thematic_corpus,469,none,public_expanded,MEDIUM,verified_default,normal,אחרי
משיח בן דוד הכלי משול,excel_import,,False,research_vocabulary,865,none,deep_research,MEDIUM,unverified_with_notes,normal,גדול 1139
משיח בן דוד השנה,excel_import,,True,thematic_corpus,784,none,public_expanded,MEDIUM,verified_default,normal,28800 - מילוי דה מילוי רת סת 590 - =פי 5
משיח בן דוד יבא ב1692 -איק בכר,excel_import,,False,research_vocabulary,1820,none,deep_research,MEDIUM,unverified_with_notes,normal,משיח בן דוד יבא ב1692 - איק בכר
משיח בן דוד יבא ב2504 -סופי תיבות,excel_import,,False,research_vocabulary,533,none,deep_research,MEDIUM,unverified_with_notes,normal,משיח בן דוד יבא ב2504 - סופי תיבות
משיח בן דוד יבוא ב 2504 - אחרי גדול,excel_import,,False,research_vocabulary,3960,none,deep_research,LOW,unverified_bare,normal,משיח בן דוד יבוא ב 2504 - אחרי גדול
משיח בן דוד יבוא בזמן הזה,excel_import,,False,research_vocabulary,559,none,deep_research,MEDIUM,unverified_with_notes,normal,אחרי גדול
משיח בן דוד ישלוט,excel_import,,True,thematic_corpus,779,none,public_expanded,MEDIUM,verified_default,normal,מילוי ורגיל
משיח בן דוד ישלים בנית המקדש השלשי,excel_import,,False,research_vocabulary,2370,none,deep_research,MEDIUM,unverified_with_notes,normal,גדול
משיח בן דוד מרוקאי,excel_import,,True,thematic_corpus,781,none,public_expanded,MEDIUM,verified_default,normal,(none)
משיח בן דוד מתקן את העולם ב,excel_import,,False,research_vocabulary,1568,none,deep_research,LOW,unverified_bare,normal,(none)
משיח בן דוד עבדך,excel_import,,True,thematic_corpus,520,none,public_expanded,MEDIUM,verified_default,normal,מסתתר גדול - 358 אות שניה
משיח בן דוד עבדך חמש שבע שבע שש,excel_import,,False,research_vocabulary,2212,none,deep_research,LOW,unverified_bare,normal,(none)
משיח בן דוד צומח בימינו,excel_import,,False,research_vocabulary,686,none,deep_research,MEDIUM,unverified_with_notes,normal,איק בכר - 1335 אתבש - 514 לפני
משיח בן דוד שבע שבע שש ∆,excel_import,,False,research_vocabulary,6606,none,deep_research,LOW,unverified_bare,normal,(none)
משיח בן דוד. גדול,excel_import,,False,research_vocabulary,1074,none,deep_research,LOW,unverified_bare,normal,משיח בן דוד. גדול
משיח בן דוד=ריבוע -424,excel_import,,False,research_vocabulary,1820,none,deep_research,MEDIUM,unverified_with_notes,normal,משיח בן דוד=ריבוע - 424
משיח בן דויד ∆ ישר והפוך,excel_import,,False,research_vocabulary,6886,none,deep_research,LOW,unverified_bare,normal,(none)
משיח בן דויד בזמן הזה 1335 1290,excel_import,,False,research_vocabulary,26000,none,deep_research,LOW,unverified_bare,normal,משיח בן דויד בזמן הזה 1335 1290
משיח בן דויד חמש שבע שבע שש ( ∆ ישר והפוך),excel_import,,False,research_vocabulary,15334,none,deep_research,LOW,unverified_bare,normal,(none)
משיח בן דויד ידע,excel_import,,True,thematic_corpus,518,none,public_expanded,MEDIUM,verified_default,normal,משולש - רגיל ומסתתר 1202
משיח בן דויד ילחם בעמלק,excel_import,,False,research_vocabulary,764,none,deep_research,MEDIUM,unverified_with_notes,normal,מדבר רבה - 1212 - אתבש
משיח בן דויד ימלך לפני- 396 אות שניה,excel_import,,False,research_vocabulary,396,none,deep_research,MEDIUM,unverified_with_notes,normal,משיח בן דויד ימלך לפני - 396 אות שניה
משיח בן דויד סודי,excel_import,,True,thematic_corpus,514,none,public_expanded,MEDIUM,verified_default,normal,תזכורת: סוד הגדול בעולם = 266 - 2480 - רגיל ומשולש
משיח בן יוסף אני,excel_import,,True,thematic_corpus,627,none,public_expanded,MEDIUM,verified_default,normal,פי 5
משיח בן יוסף בימינו,excel_import,,True,thematic_corpus,684,none,public_expanded,MEDIUM,verified_default,normal,רגיל ומסתתר
משיח בן יוסף גימטריה מסתתר - מסתתר,excel_import,,False,research_vocabulary,1692,none,deep_research,LOW,unverified_bare,normal,משיח בן יוסף גימטריה מסתתר - מסתתר
משיח בן יוסף ואליהו הנביא בימינו,excel_import,,False,research_vocabulary,810,none,deep_research,MEDIUM,unverified_with_notes,normal,מסתתר
משיח בן יוסף משיח בן דויד,excel_import,,False,research_vocabulary,1000,none,deep_research,LOW,unverified_bare,normal,(none)
משיח בן יוסף סוד,excel_import,,True,thematic_corpus,636,none,public_expanded,MEDIUM,verified_default,normal,במדבר רבה
משיח בן ישי גאולה,excel_import,,True,thematic_corpus,775,none,public_expanded,MEDIUM,verified_default,normal,(none)
משיח בעתה לויתן,excel_import,,True,thematic_corpus,1331,none,public_expanded,MEDIUM,verified_default,normal,(none)
משיח בשבע מאות שבעים ושש,excel_import,,False,research_vocabulary,2207,none,deep_research,MEDIUM,unverified_with_notes,normal,רגיל ומלים
משיח בשמן קדשו בדרגת יחידה 111110,excel_import,,False,research_vocabulary,2015,none,deep_research,LOW,unverified_bare,normal,משיח בשמן קדשו בדרגת יחידה 111110
משיח גימטריה מסתתר - מסתתר,excel_import,,False,research_vocabulary,1566,none,deep_research,LOW,unverified_bare,normal,משיח גימטריה מסתתר - מסתתר
משיח גשמים עזים,excel_import,,True,thematic_corpus,878,none,public_expanded,MEDIUM,verified_default,normal,(none)
משיח דוד בן ישי נלחם בגוים בימינו,excel_import,,False,research_vocabulary,1051,none,deep_research,MEDIUM,unverified_with_notes,normal,משולש
משיח הגיע 446 - אתבש 449 - 1393 396 מסתתר,excel_import,,False,research_vocabulary,449,none,deep_research,LOW,unverified_bare,normal,משיח הגיע 446 - אתבש 449 - 1393 396 מסתתר
משיח הוא סוד פורים,excel_import,,True,thematic_corpus,776,none,public_expanded,MEDIUM,verified_default,normal,(none)
משיח ואליהו בשנה הבאה,excel_import,,True,thematic_corpus,786,none,public_expanded,MEDIUM,verified_default,normal,(none)
משיח יבא בשבע שבע שש,excel_import,,False,research_vocabulary,1717,none,deep_research,LOW,unverified_bare,normal,(none)
משיח יבוא בזמן הזה,excel_import,,True,thematic_corpus,493,none,public_expanded,MEDIUM,verified_default,normal,לפני - 1437 אטבח
משיח יבוא ביטבת שזה שנת הגאולה,excel_import,,False,research_vocabulary,1912,none,deep_research,LOW,unverified_bare,normal,(none)
משיח יבוא עת עת קץ,excel_import,,False,research_vocabulary,1507,none,deep_research,LOW,unverified_bare,normal,(none)
משיח יבוא פתאום,excel_import,,True,thematic_corpus,904,none,public_expanded,MEDIUM,verified_default,normal,מילוי דה מילוי
משיח יגאלנו באחרית הימים - מילוי ללא,excel_import,,False,research_vocabulary,2212,none,deep_research,LOW,unverified_bare,normal,משיח יגאלנו באחרית הימים - מילוי ללא
משיח יה וה ילחם מלחמות ישראל,excel_import,,False,research_vocabulary,1537,none,deep_research,MEDIUM,unverified_with_notes,normal,משולש - רגיל 1537
משיח יה שלוש חמש שמונה,excel_import,,False,research_vocabulary,1758,none,deep_research,MEDIUM,unverified_with_notes,normal,מסתתר
משיח יהוה 644 מילוי,excel_import,,False,research_vocabulary,3996,none,deep_research,LOW,unverified_bare,normal,משיח יהוה 644 מילוי
משיח יהוה אלהים,excel_import,,True,thematic_corpus,470,none,public_expanded,MEDIUM,verified_default,normal,מילוי ללא מילה
משיח יהוה ב781- הפליאה,excel_import,,False,research_vocabulary,1118,none,deep_research,MEDIUM,unverified_with_notes,normal,משיח יהוה ב781 - הפליאה
משיח יהוה באלפים חמש עשרה - מיקום,excel_import,,False,research_vocabulary,248,none,deep_research,LOW,unverified_bare,normal,משיח יהוה באלפים חמש עשרה - מיקום
משיח יהוה בזמן הזה מסתתר - 1212 מילוי ללא,excel_import,,False,research_vocabulary,611,none,deep_research,LOW,unverified_bare,normal,משיח יהוה בזמן הזה מסתתר - 1212 מילוי ללא
משיח יהוה בשמן קדשו בדרגת יחידה 111110,excel_import,,False,research_vocabulary,2015,none,deep_research,LOW,unverified_bare,normal,משיח יהוה בשמן קדשו בדרגת יחידה 111110
משיח יהוה בשנה הבאה עלינו לטובה,excel_import,,False,research_vocabulary,972,none,deep_research,MEDIUM,unverified_with_notes,normal,מסתתר
משיח יהוה דוד בן ישי,excel_import,,False,research_vocabulary,770,none,deep_research,MEDIUM,unverified_with_notes,normal,מילוי רגיל
משיח יהוה דוד בן ישי יבא בימינו,excel_import,,False,research_vocabulary,901,none,deep_research,MEDIUM,unverified_with_notes,normal,לפני פליאה
משיח יהוה האחרון,excel_import,,True,thematic_corpus,654,none,public_expanded,MEDIUM,verified_default,normal,מסתתר
משיח יהוה האחרון בואו ב776,excel_import,,False,research_vocabulary,2015,none,deep_research,LOW,unverified_bare,normal,משיח יהוה האחרון בואו ב776
משיח יהוה האחרון מיהו היום,excel_import,,False,research_vocabulary,776,none,deep_research,MEDIUM,unverified_with_notes,normal,מילוי ללא גדול - ראשי תיבות 541
משיח יהוה המלך,excel_import,,True,thematic_corpus,479,none,public_expanded,MEDIUM,verified_default,normal,אחרי
משיח יהוה יבא 776- פליאה,excel_import,,False,research_vocabulary,1202,none,deep_research,MEDIUM,unverified_with_notes,normal,משיח יהוה יבא 776 - פליאה
משיח יהוה יבא ב781 -ראשי תיבות,excel_import,,False,research_vocabulary,363,none,deep_research,MEDIUM,unverified_with_notes,normal,משיח יהוה יבא ב781 - ראשי תיבות
משיח יהוה יבוא,excel_import,,True,thematic_corpus,403,none,public_expanded,MEDIUM,verified_default,normal,מילוי דה מילוי
משיח יהוה יבוא השנה,excel_import,,True,thematic_corpus,763,none,public_expanded,MEDIUM,verified_default,normal,לפני פי 5
משיח יהוה יעזר בדלוגי האותיות,excel_import,,False,research_vocabulary,1554,none,deep_research,LOW,unverified_bare,normal,(none)
משיח יהוה יקבל דרגת יחידה 11111-לפי אחת,excel_import,,False,research_vocabulary,2448,none,deep_research,MEDIUM,unverified_with_notes,normal,משיח יהוה יקבל דרגת יחידה 11111 - לפי אחת
משיח יהוה יקבץ את עמו ישראל,excel_import,,False,research_vocabulary,1644,none,deep_research,LOW,unverified_bare,normal,(none)
משיח יהוה ירושלם אחרי,excel_import,,True,thematic_corpus,1189,none,public_expanded,MEDIUM,verified_default,normal,משיח יהוה ירושלם אחרי
משיח יהוה יתגלה עשרה בטבת,excel_import,,False,research_vocabulary,1820,none,deep_research,LOW,unverified_bare,normal,(none)
משיח יהוה לדור,excel_import,,True,thematic_corpus,624,none,public_expanded,MEDIUM,verified_default,normal,לפני - 781 - מסתתר
משיח יהוה נבחר,excel_import,,True,thematic_corpus,644,none,public_expanded,MEDIUM,verified_default,normal,(none)
משיח יהוה נולד בקאזה בלנקה במרוקו,excel_import,,False,research_vocabulary,1130,none,deep_research,MEDIUM,unverified_with_notes,normal,מיקום
משיח יצמח בימינו,excel_import,,True,thematic_corpus,624,none,public_expanded,MEDIUM,verified_default,normal,פי 5 - מילוי גדול
משיח ישלוט בגויים ב ?,excel_import,,False,research_vocabulary,776,none,deep_research,LOW,unverified_bare,normal,(none)
משיח ישלים מקדש מן השמים ∆,excel_import,,False,research_vocabulary,6441,none,deep_research,LOW,unverified_bare,normal,(none)
משיח יתגלה בפורים הזה,excel_import,,True,thematic_corpus,1161,none,public_expanded,MEDIUM,verified_default,normal,301037 16240
משיח יתקע הר הזיתים,excel_import,,True,thematic_corpus,1615,none,public_expanded,MEDIUM,verified_default,normal,(none)
משיח לא פיזי אטבח 634,excel_import,,False,research_vocabulary,643,none,deep_research,LOW,unverified_bare,normal,משיח לא פיזי אטבח 634
משיח מלך בשר ודם,excel_import,,True,thematic_corpus,1000,none,public_expanded,MEDIUM,verified_default,normal,רבוע 2160 - מילוי דמילוי 6200 - 14000
משיח נחש גוג עמלק,excel_import,,True,thematic_corpus,968,none,public_expanded,MEDIUM,verified_default,normal,משולש
משיח עבודת המקדש בעתה מילוי,excel_import,,False,research_vocabulary,1862,none,deep_research,LOW,unverified_bare,normal,משיח עבודת המקדש בעתה מילוי
משיח עכשיווו,excel_import,,True,thematic_corpus,776,none,public_expanded,MEDIUM,verified_default,normal,(none)
משיח פוטנציאל,excel_import,,True,thematic_corpus,634,none,public_expanded,MEDIUM,verified_default,normal,(none)
משיח צדק ∆ ישרפוך,excel_import,,False,research_vocabulary,3773,none,deep_research,LOW,unverified_bare,normal,(none)
משיח קרן אחרון,excel_import,,True,thematic_corpus,973,none,public_expanded,MEDIUM,verified_default,normal,רגיל ומסתתר
משיח שיח יח ח יהוה הוה וה ה,excel_import,,False,research_vocabulary,760,none,deep_research,MEDIUM,unverified_with_notes,normal,לפני
משיח תלמיד רבי נחמן,excel_import,,True,thematic_corpus,1202,none,public_expanded,MEDIUM,verified_default,normal,מסתתר 1258
משיחו האמיתי האחרון,excel_import,,True,thematic_corpus,1100,none,public_expanded,MEDIUM,verified_default,normal,1644 מילוי ללא
משיחו משיחו משיחו משיחו משיחו,excel_import,,False,research_vocabulary,1820,none,deep_research,MEDIUM,unverified_with_notes,normal,משולש 6760 - גדול ואתבש 1237 - מילוי 4500
משיחי בכי לה המלוכה,excel_import,,True,thematic_corpus,541,none,public_expanded,MEDIUM,verified_default,normal,משולש - רגיל 541
משיחי בשנת הגאלה,excel_import,,True,thematic_corpus,1164,none,public_expanded,MEDIUM,verified_default,normal,אטבח
משיחי האחרון,excel_import,,True,thematic_corpus,638,none,public_expanded,MEDIUM,verified_default,normal,פי 5
משיחי האחרון יבוא בימינו,excel_import,,True,thematic_corpus,775,none,public_expanded,MEDIUM,verified_default,normal,(none)
משיחי יבוא בימינו,excel_import,,True,thematic_corpus,505,none,public_expanded,MEDIUM,verified_default,normal,במדבר רבה - ומילוי גדול
משיחי ימלך לעולם,excel_import,,True,thematic_corpus,644,none,public_expanded,MEDIUM,verified_default,normal,(none)
משיחי יתגלה בעוד ארבעים יום,excel_import,,False,research_vocabulary,1277,none,deep_research,MEDIUM,unverified_with_notes,normal,ריבוע
משיחי מכי ליהוה המלוכה,excel_import,,True,thematic_corpus,600,none,public_expanded,MEDIUM,verified_default,normal,מילוי
משיחי סודי ביותר,excel_import,,True,thematic_corpus,1066,none,public_expanded,MEDIUM,verified_default,normal,14370 - מסתתר 6110 ריבוע 14000
משיחך אינו ידוע בזמן הזה,excel_import,,False,research_vocabulary,651,none,deep_research,MEDIUM,unverified_with_notes,normal,מסתתר
משיחך בזמן הזה,excel_import,,True,thematic_corpus,494,none,public_expanded,MEDIUM,verified_default,normal,אתבש
משיחך בכי ליהוה המלוכה,excel_import,,True,thematic_corpus,572,none,public_expanded,MEDIUM,verified_default,normal,לפני
משיחך בסוד בכי ליהוה המלוכה,excel_import,,False,research_vocabulary,644,none,deep_research,LOW,unverified_bare,normal,(none)
משיחך דויד בן ישי,excel_import,,True,thematic_corpus,774,none,public_expanded,MEDIUM,verified_default,normal,רגיל ועוד מילוי
משיחך האחרון,excel_import,,True,thematic_corpus,648,none,public_expanded,MEDIUM,verified_default,normal,(none)
משיחך הנבחר בזמן הזה,excel_import,,True,thematic_corpus,759,none,public_expanded,MEDIUM,verified_default,normal,רגיל ומילוי - 776 - רגיל ואותיות
משיחך משרש לוט,excel_import,,True,thematic_corpus,1263,none,public_expanded,MEDIUM,verified_default,normal,מילוי ללא
משיחנו האמיתי,excel_import,,True,thematic_corpus,880,none,public_expanded,MEDIUM,verified_default,normal,לפני
משיחנו ימלוך לעולם ועד,excel_import,,True,thematic_corpus,776,none,public_expanded,MEDIUM,verified_default,normal,(none)
מתי אתגלה כמשיח ר ישרפוך,excel_import,,False,research_vocabulary,2083,none,deep_research,LOW,unverified_bare,normal,(none)
מתי אתגלה כמשיחך,excel_import,,True,thematic_corpus,1287,none,public_expanded,MEDIUM,verified_default,normal,פי 5 - רגיל ריבוע משולש
מתי ביאת המשיח האמיתי,excel_import,,True,thematic_corpus,1692,none,public_expanded,MEDIUM,verified_default,normal,(none)
מתי הוא ימשח למלך המשיח,excel_import,,False,research_vocabulary,1303,none,deep_research,MEDIUM,unverified_with_notes,normal,מילוי ללא מילה
מתי יבא המשיח האמיתי האחרון,excel_import,,False,research_vocabulary,1562,none,deep_research,MEDIUM,unverified_with_notes,normal,גדול
מתי יבוא המשיח האמתי,excel_import,,True,thematic_corpus,1288,none,public_expanded,MEDIUM,verified_default,normal,פי 5
מתי יבוא משיח בן דוד,excel_import,,False,research_vocabulary,893,none,deep_research,MEDIUM,unverified_with_notes,normal,לפני
מתי יבוא משיח צדק אחרון אתבש 3850 מילוי,excel_import,,False,research_vocabulary,1644,none,deep_research,LOW,unverified_bare,normal,מתי יבוא משיח צדק אחרון אתבש 3850 מילוי
מתי יתגלה המשיח האחרון,excel_import,,True,thematic_corpus,1531,none,public_expanded,MEDIUM,verified_default,normal,(none)
מתי יתגלה המשיח האחרון משולש,excel_import,,False,research_vocabulary,2207,none,deep_research,LOW,unverified_bare,normal,מתי יתגלה המשיח האחרון משולש
מתי יתגלה מלך המשיח,excel_import,,True,thematic_corpus,1351,none,public_expanded,MEDIUM,verified_default,normal,רגיל ואתבש
מתי יתגלה משיח בן דוד,excel_import,,False,research_vocabulary,1322,none,deep_research,MEDIUM,unverified_with_notes,normal,מדבר רבה
מתי משיח יופיע אחרון -לפני פליאה,excel_import,,False,research_vocabulary,1290,none,deep_research,MEDIUM,unverified_with_notes,normal,מתי משיח יופיע אחרון - לפני פליאה
מתי תגלה את משיחך,excel_import,,True,thematic_corpus,1667,none,public_expanded,MEDIUM,verified_default,normal,מילוי דמילוי לפני
מתי תגלה סודך שנת הגאולה,excel_import,,False,research_vocabulary,1778,none,deep_research,MEDIUM,unverified_with_notes,normal,פי 5 - משולש גדול רגיל 5140
נבואת ביאתי משיח אמתי,excel_import,,True,thematic_corpus,1691,none,public_expanded,MEDIUM,verified_default,normal,מילוי ללא מילה
נבחר יהוה למשיח בעתה ר יפ,excel_import,,False,research_vocabulary,1441,none,deep_research,LOW,unverified_bare,normal,(none)
נבחרך למלך המשיח,excel_import,,True,thematic_corpus,763,none,public_expanded,MEDIUM,verified_default,normal,משולש
נבחרת למשיח לדר האחרון =פי 5,excel_import,,False,research_vocabulary,7760,none,deep_research,LOW,unverified_bare,normal,נבחרת למשיח לדר האחרון =פי 5
נבחרת למשיחי לדר האחרון -7810-לפני,excel_import,,False,research_vocabulary,7810,none,deep_research,MEDIUM,unverified_with_notes,normal,נבחרת למשיחי לדר האחרון - 7810 - לפני
נבחרתי למשיח יהוה האמיתי האחרון,excel_import,,False,research_vocabulary,1820,none,deep_research,LOW,unverified_bare,normal,נבחרתי למשיח יהוה האמיתי האחרון
נחשף סוד ביאת המשיח,excel_import,,True,thematic_corpus,1284,none,public_expanded,MEDIUM,verified_default,normal,לפני 4770 - רגיל לפני אחרי
נחשף סוד ביאת המשיח האחרון,excel_import,,False,research_vocabulary,1554,none,deep_research,MEDIUM,unverified_with_notes,normal,ריבוע
נחשף סוד ביאת המשיח האמיתי,excel_import,,False,research_vocabulary,1750,none,deep_research,MEDIUM,unverified_with_notes,normal,אטבח
נחשף סוד ביאת מלך המשיח,excel_import,,False,research_vocabulary,1374,none,deep_research,MEDIUM,unverified_with_notes,normal,לפני
נסיון הגאוה למשיח יהוה מילוי,excel_import,,False,research_vocabulary,706,none,deep_research,LOW,unverified_bare,normal,נסיון הגאוה למשיח יהוה מילוי
נסכתי מלכי על ציון הר קדשי צמח המשיח,excel_import,,False,research_vocabulary,2016,none,deep_research,LOW,unverified_bare,normal,(none)
נפש משיחך נכספת אליך,excel_import,,True,thematic_corpus,1479,none,public_expanded,MEDIUM,verified_default,normal,ריבוע - 2212 - אחס בטע
נפש משיחך נכספת אליך בעתה,excel_import,,False,research_vocabulary,1956,none,deep_research,MEDIUM,unverified_with_notes,normal,משולש - 3630 - מילוי
נפש משיחך נכספת אליך בעתה 3630 אחרי גדול,excel_import,,False,research_vocabulary,7600,none,deep_research,LOW,unverified_bare,normal,נפש משיחך נכספת אליך בעתה 3630 אחרי גדול
נשמה גבוהה במשיח,excel_import,,True,thematic_corpus,776,none,public_expanded,MEDIUM,verified_default,normal,(none)
נשמות אדם דוד משיח,excel_import,,True,thematic_corpus,1213,none,public_expanded,MEDIUM,verified_default,normal,לפני
נשמת אברהם יצחק ויעקב במשיח יהוה,excel_import,,False,research_vocabulary,1820,none,deep_research,LOW,unverified_bare,normal,(none)
נשמת דויד המשיח האחרון לפני,excel_import,,False,research_vocabulary,1617,none,deep_research,LOW,unverified_bare,normal,נשמת דויד המשיח האחרון לפני
נשמת המשיח דויד בן ישי,excel_import,,False,research_vocabulary,1549,none,deep_research,LOW,unverified_bare,normal,(none)
נשמת המשיח האחרון דויד בן ישי,excel_import,,False,research_vocabulary,1819,none,deep_research,LOW,unverified_bare,normal,(none)
נשמת המשיח פועלת בזמן הזה,excel_import,,False,research_vocabulary,1855,none,deep_research,MEDIUM,unverified_with_notes,normal,אטבח
נשמת המשיח תנוח על צמח דוד,excel_import,,False,research_vocabulary,1869,none,deep_research,MEDIUM,unverified_with_notes,normal,משולש
נשמת משיח י ה ו ה בדרגת יחידה,excel_import,,False,research_vocabulary,1820,none,deep_research,LOW,unverified_bare,normal,(none)
נשמת משיח מנחם מענדל שניאורסון,excel_import,,False,research_vocabulary,2163,none,deep_research,MEDIUM,unverified_with_notes,normal,מיקום 1000 אתבש
נשמת משיח תנוח עלי,excel_import,,True,thematic_corpus,1722,none,public_expanded,MEDIUM,verified_default,normal,גדול ועוד ריבוע גדול
נשמת משיחו תנוח,excel_import,,True,thematic_corpus,1618,none,public_expanded,MEDIUM,verified_default,normal,מסתתר
נשמת משיחי פי 5 - משולש,excel_import,,False,research_vocabulary,21580,none,deep_research,LOW,unverified_bare,normal,נשמת משיחי פי 5 - משולש
נשמת עבדך משיחך,excel_import,,True,thematic_corpus,1264,none,public_expanded,MEDIUM,verified_default,normal,אחרי
נשמתי משיח בן דויד,excel_import,,True,thematic_corpus,1234,none,public_expanded,MEDIUM,verified_default,normal,ריבוע
נשתכח מיעקב זמן ביאת המשיח,excel_import,,False,research_vocabulary,1873,none,deep_research,MEDIUM,unverified_with_notes,normal,לפני
נשתכח מיעקב שנת ביאת המשיח האחרון,excel_import,,False,research_vocabulary,2796,none,deep_research,MEDIUM,unverified_with_notes,normal,לפני
נשתכח מיעקב שנת ביאת המשיח האמתי,excel_import,,False,research_vocabulary,2982,none,deep_research,MEDIUM,unverified_with_notes,normal,לפני
נשתכח מיעקב שנת הגאולה,excel_import,,True,thematic_corpus,1800,none,public_expanded,MEDIUM,verified_default,normal,מילוי ללא - 363 - אות שניה
נשתכח מיעקב שנת הגאולה השלמה,excel_import,,False,research_vocabulary,2180,none,deep_research,LOW,unverified_bare,normal,(none)
סדר חדש בעולם הגאולה,excel_import,,True,thematic_corpus,774,none,public_expanded,MEDIUM,verified_default,normal,ריבוע - = 776 מסתתר רגיל
סוד אליהו הנביא ביאת מלך המשיח,excel_import,,False,research_vocabulary,1056,none,deep_research,MEDIUM,unverified_with_notes,normal,אתבש
סוד אליהו הנביא מלך המשיח,excel_import,,False,research_vocabulary,643,none,deep_research,MEDIUM,unverified_with_notes,normal,מסתתר
סוד ביאת המשיח נחשף,excel_import,,True,thematic_corpus,1284,none,public_expanded,MEDIUM,verified_default,normal,אותיות לפני
סוד דניאל הנביא 1335- סת - לפי אחת,excel_import,,False,research_vocabulary,1335,none,deep_research,MEDIUM,unverified_with_notes,normal,סוד דניאל הנביא 1335 - סת - לפי אחת
סוד הגאולה בימינו,excel_import,,True,thematic_corpus,238,none,public_expanded,MEDIUM,verified_default,normal,מסתתר
סוד הגאולה יהוה,excel_import,,True,thematic_corpus,146,none,public_expanded,MEDIUM,verified_default,normal,משולש
סוד הגאולה מילוי בלבד 776,excel_import,,False,research_vocabulary,120,none,deep_research,LOW,unverified_bare,normal,סוד הגאולה מילוי בלבד 776
סוד הגאולה מצעדי הגאווה,excel_import,,True,thematic_corpus,360,none,public_expanded,MEDIUM,verified_default,normal,מסתתר - מדרש רבה 358 - אחרי 434 (מצאתי בנס כפול)
סוד הגאולה נמצא בפסוק הראשון,excel_import,,False,research_vocabulary,1111,none,deep_research,MEDIUM,unverified_with_notes,normal,2190
סוד הגאולה סתום - ריבוע 238,excel_import,,False,research_vocabulary,626,none,deep_research,LOW,unverified_bare,normal,סוד הגאולה סתום - ריבוע 238
סוד המלך המשיח האחרון,excel_import,,True,thematic_corpus,798,none,public_expanded,MEDIUM,verified_default,normal,מסתתר
סוד המשיח 1820 - מסתתר גדול -לפי אחת,excel_import,,False,research_vocabulary,1820,none,deep_research,MEDIUM,unverified_with_notes,normal,סוד המשיח 1820 - מסתתר גדול - לפי אחת
סוד המשיח 533- מסתתר,excel_import,,False,research_vocabulary,2015,none,deep_research,MEDIUM,unverified_with_notes,normal,סוד המשיח 533 - מסתתר
סוד המשיח בכי ליהוה המלוכה,excel_import,,False,research_vocabulary,627,none,deep_research,MEDIUM,unverified_with_notes,normal,אתבש
סוד המשיח האחרון 1335-גדול -לפי-אחת,excel_import,,False,research_vocabulary,3370,none,deep_research,MEDIUM,unverified_with_notes,normal,סוד המשיח האחרון 1335 - גדול - לפי - אחת
סוד המשיח יתגלה,excel_import,,True,thematic_corpus,881,none,public_expanded,MEDIUM,verified_default,normal,(none)
סוד המשיח מסתתר,excel_import,,True,thematic_corpus,1533,none,public_expanded,MEDIUM,verified_default,normal,סוד המשיח מסתתר
סוד התגלות משיחך,excel_import,,True,thematic_corpus,1292,none,public_expanded,MEDIUM,verified_default,normal,מילוי =פי 5
סוד יהוה המשיח ממרוקו,excel_import,,True,thematic_corpus,851,none,public_expanded,MEDIUM,verified_default,normal,(none)
סוד יהוה שנת ביאת המשיח,excel_import,,False,research_vocabulary,1622,none,deep_research,MEDIUM,unverified_with_notes,normal,מילוי רגיל
סוד יהוה שנת ביאת המשיח האחרון נחשף,excel_import,,False,research_vocabulary,2330,none,deep_research,LOW,unverified_bare,normal,(none)
סוד יהוה שנת ביאת המשיח נחשף,excel_import,,False,research_vocabulary,2060,none,deep_research,MEDIUM,unverified_with_notes,normal,רגיל ואתבש
סוד יום הגאולה 176 רגיל משולש 670 - מסתתר 152,excel_import,,False,research_vocabulary,670,none,deep_research,LOW,unverified_bare,normal,סוד יום הגאולה 176 רגיל משולש 670 - מסתתר 152
סוד יעקב ביאת המשיח,excel_import,,True,thematic_corpus,1028,none,public_expanded,MEDIUM,verified_default,normal,פי 5
סוד יעקב ביאת המשיח דויד בן ישי,excel_import,,False,research_vocabulary,1424,none,deep_research,MEDIUM,unverified_with_notes,normal,מילוי ללא
סוד יעקב ביאת המשיח האחרון,excel_import,,False,research_vocabulary,1298,none,deep_research,MEDIUM,unverified_with_notes,normal,ריבוע - גדול 1948
סוד יעקב ביאת המשיח מלך האמיתי,excel_import,,False,research_vocabulary,1584,none,deep_research,MEDIUM,unverified_with_notes,normal,לפני
סוד יעקב ביאת המשיח מלך האמתי,excel_import,,False,research_vocabulary,1574,none,deep_research,MEDIUM,unverified_with_notes,normal,מילוי דה מילוי
סוד יעקב זהות המשיח,excel_import,,True,thematic_corpus,1033,none,public_expanded,MEDIUM,verified_default,normal,רגיל אתבש
סוד יעקב זמן ביאת המשיח,excel_import,,False,research_vocabulary,1125,none,deep_research,MEDIUM,unverified_with_notes,normal,מסתתר
סוד יעקב זמן התגלות המשיח,excel_import,,False,research_vocabulary,1556,none,deep_research,MEDIUM,unverified_with_notes,normal,רגיל לפני אחרי
סוד יעקב לבניו ביאת המשיח האחרון,excel_import,,False,research_vocabulary,1396,none,deep_research,LOW,unverified_bare,normal,(none)
סוד יעקב עת ביאת המשיח,excel_import,,False,research_vocabulary,1498,none,deep_research,MEDIUM,unverified_with_notes,normal,לפני
סוד יעקב שנת התגלות המשיח האמיתי,excel_import,,False,research_vocabulary,2675,none,deep_research,MEDIUM,unverified_with_notes,normal,אטבח
סוד מלאך דניאל 1335 1290- לפני -לפי אחת,excel_import,,False,research_vocabulary,3960,none,deep_research,MEDIUM,unverified_with_notes,normal,סוד מלאך דניאל 1335 1290 - לפני - לפי אחת
סוד מלך המשיח המספר 1820-אות שניה,excel_import,,False,research_vocabulary,644,none,deep_research,MEDIUM,unverified_with_notes,normal,סוד מלך המשיח המספר 1820 - אות שניה
סוד מלך המשיח נחשף בזמן הזה,excel_import,,False,research_vocabulary,1077,none,deep_research,MEDIUM,unverified_with_notes,normal,לפני
סוד מלךהמשיח האחרון האמיתי 1820,excel_import,,False,research_vocabulary,4340,none,deep_research,LOW,unverified_bare,normal,סוד מלךהמשיח האחרון האמיתי 1820
סוד מלכות מלך המשיח נחשף אות שלישית,excel_import,,False,research_vocabulary,2914,none,deep_research,LOW,unverified_bare,normal,(none)
סוד משיח בן יוסף,excel_import,,True,thematic_corpus,636,none,public_expanded,MEDIUM,verified_default,normal,במדבר רבה
סוד משיח כמוס מילוי 1776,excel_import,,False,research_vocabulary,718,none,deep_research,LOW,unverified_bare,normal,סוד משיח כמוס מילוי 1776
סוד משיחי יתגלה ב12 22 - פי 5 - מיקום האות אט בח 11390,excel_import,,False,research_vocabulary,2015,none,deep_research,LOW,unverified_bare,normal,סוד משיחי יתגלה ב12 22 - פי 5 - מיקום האות אט בח 11390
סוד משיחך בימינו,excel_import,,True,thematic_corpus,566,none,public_expanded,MEDIUM,verified_default,normal,(none)
סוד משיחך יחשף,excel_import,,True,thematic_corpus,846,none,public_expanded,MEDIUM,verified_default,normal,מסתתר
סוד משיחך משולש = 448 = מלך המשיח - מסתתר גדול,excel_import,,False,research_vocabulary,1692,none,deep_research,LOW,unverified_bare,normal,סוד משיחך משולש = 448 = מלך המשיח - מסתתר גדול
סוד על ביאת המשיח נחשף בזמן הזה,excel_import,,False,research_vocabulary,1500,none,deep_research,MEDIUM,unverified_with_notes,normal,משולש
סוד שם המשיח נחשף אות שלישית,excel_import,,False,research_vocabulary,2668,none,deep_research,LOW,unverified_bare,normal,(none)
סוד שם המשיח נחשף בזמן הזה,excel_import,,False,research_vocabulary,1327,none,deep_research,MEDIUM,unverified_with_notes,normal,אתבש - 2600 - איק בכר
סוד תאריך ביאת המשיח בספר דניאל,excel_import,,False,research_vocabulary,1914,none,deep_research,MEDIUM,unverified_with_notes,normal,איק בכר
סודות משיח במספר המסתתר -386 שניה,excel_import,,False,research_vocabulary,1644,none,deep_research,MEDIUM,unverified_with_notes,normal,סודות משיח במספר המסתתר - 386 שניה
סודי בצמח משיח בן דוד,excel_import,,False,research_vocabulary,644,none,deep_research,MEDIUM,unverified_with_notes,normal,אטבח 1396
סודי יחשף משיח יהוה,excel_import,,True,thematic_corpus,862,none,public_expanded,MEDIUM,verified_default,normal,אחרי גדול
סודי מיהו משיח בן דוד היום,excel_import,,False,research_vocabulary,626,none,deep_research,MEDIUM,unverified_with_notes,normal,לפניא5חרי - 590 - סת =פי 5
סודי מיהו משיח בן דויד היום,excel_import,,False,research_vocabulary,636,none,deep_research,LOW,unverified_bare,normal,(none)
סודי מלך המשיח =1202 רגיל ומסתתר,excel_import,,False,research_vocabulary,533,none,deep_research,LOW,unverified_bare,normal,סודי מלך המשיח =1202 רגיל ומסתתר
סודי מלך המשיח האמתי בימינו,excel_import,,False,research_vocabulary,1107,none,deep_research,MEDIUM,unverified_with_notes,normal,אחרי
סודי משיח בן דויד,excel_import,,True,thematic_corpus,514,none,public_expanded,MEDIUM,verified_default,normal,2480 - רגיל ומשולש
סודי משיח בן דויד האחרון אות שניה,excel_import,,False,research_vocabulary,1556,none,deep_research,LOW,unverified_bare,normal,(none)
סודי משיח יהוה יחשף,excel_import,,True,thematic_corpus,862,none,public_expanded,MEDIUM,verified_default,normal,אחרי
סודי שנת הגאולה,excel_import,,True,thematic_corpus,880,none,public_expanded,MEDIUM,verified_default,normal,פי 5 משולש מילה הפוך - מיקום 3960 - פירור קוים 3370
סודך 1290 ו1335-אתבש לפי אחד,excel_import,,False,research_vocabulary,2015,none,deep_research,MEDIUM,unverified_with_notes,normal,סודך 1290 ו1335 - אתבש לפי אחד
סודך משיח בימינו,excel_import,,True,thematic_corpus,566,none,public_expanded,MEDIUM,verified_default,normal,מסתתר - 2212 - מסתתר 776
סודך משיח בן דוד,excel_import,,True,thematic_corpus,514,none,public_expanded,MEDIUM,verified_default,normal,2448 מילוי ללא - 386 לפני - 1331 אטבח - 676 מסתתר
סודך משיח בן דויד האחרון,excel_import,,False,research_vocabulary,794,none,deep_research,MEDIUM,unverified_with_notes,normal,מילוי - 533 - לפני - 363 - אות שניה
סודך משיח השנה,excel_import,,True,thematic_corpus,808,none,public_expanded,MEDIUM,verified_default,normal,פי 5 - גדול מילוי גדול 28800
סודך פלא משיח,excel_import,,True,thematic_corpus,559,none,public_expanded,MEDIUM,verified_default,normal,מילוי
סודך שם המשיח האחרון,excel_import,,True,thematic_corpus,1063,none,public_expanded,MEDIUM,verified_default,normal,(none)
סיום תהליך הגאולה,excel_import,,True,thematic_corpus,631,none,public_expanded,MEDIUM,verified_default,normal,גדול 1671
סיטרא אחרא המשיח,excel_import,,True,thematic_corpus,853,none,public_expanded,MEDIUM,verified_default,normal,מדבר רבה - 3330 משולש - 1566 אתבש
סימן משיח צלקת בלחי ימין,excel_import,,False,research_vocabulary,1298,none,deep_research,MEDIUM,unverified_with_notes,normal,פי 5 - משולש - ריבוע 14460 - מיקום 1380 = צמח
סימן משיחי צלקת,excel_import,,True,thematic_corpus,1148,none,public_expanded,MEDIUM,verified_default,normal,פי 5 - לפני
סלין אשת המשיח האחרון מ יפ,excel_import,,True,thematic_corpus,1614,none,public_expanded,MEDIUM,verified_default,normal,(none)
סלין אשתו של המשיח האחרון 13031 ∆ גדול,excel_import,,False,research_vocabulary,1820,none,deep_research,LOW,unverified_bare,normal,סלין אשתו של המשיח האחרון 13031 ∆ גדול
סמוך לימות המשיח דבר גדול בא. = 1227,excel_import,,False,research_vocabulary,1227,none,deep_research,LOW,unverified_bare,normal,סמוך לימות המשיח דבר גדול בא. = 1227
ספר התגלות המשיח בעתה ∆,excel_import,,False,research_vocabulary,7776,none,deep_research,LOW,unverified_bare,normal,(none)
עבדך משיחך בזמן הזה,excel_import,,True,thematic_corpus,590,none,public_expanded,MEDIUM,verified_default,normal,(none)
עד כי יבא שילה משיח בן דוד,excel_import,,False,research_vocabulary,886,none,deep_research,MEDIUM,unverified_with_notes,normal,מילוי ללא
עד עת קץ 1335-גדול ומלים-לפי אחת,excel_import,,False,research_vocabulary,3580,none,deep_research,MEDIUM,unverified_with_notes,normal,עד עת קץ 1335 - גדול ומלים - לפי אחת
עטרת משיח בן דוד - אותיות לפני,excel_import,,False,research_vocabulary,776,none,deep_research,LOW,unverified_bare,normal,עטרת משיח בן דוד - אותיות לפני
עם ישראל יופתע מהמשיח,excel_import,,True,thematic_corpus,1620,none,public_expanded,MEDIUM,verified_default,normal,(none)
עם ישראל יופתע מהמשיח האחר,excel_import,,False,research_vocabulary,1834,none,deep_research,MEDIUM,unverified_with_notes,normal,משולש =פי 5
עם ישראל יצעק למשיח יהוה,excel_import,,False,research_vocabulary,1335,none,deep_research,LOW,unverified_bare,normal,(none)
עם ישראל ישיש במלך המשיח,excel_import,,False,research_vocabulary,1726,none,deep_research,MEDIUM,unverified_with_notes,normal,רגיל ומילוי
עם ישראל לא ידע את מלך המשיח,excel_import,,False,research_vocabulary,1620,none,deep_research,MEDIUM,unverified_with_notes,normal,גדול
עם ישראל לא ידע את מלך המשיח בימינו,excel_import,,False,research_vocabulary,1738,none,deep_research,LOW,unverified_bare,normal,(none)
עם ישראל לא ידע את מלך המשיח האחרון,excel_import,,False,research_vocabulary,1890,none,deep_research,LOW,unverified_bare,normal,(none)
עם ישראל מחכה לגואלו אות לשלישת 266,excel_import,,False,research_vocabulary,800,none,deep_research,LOW,unverified_bare,normal,עם ישראל מחכה לגואלו אות לשלישת 266
עם ישראל מייחל לגאולה,excel_import,,True,thematic_corpus,824,none,public_expanded,MEDIUM,verified_default,normal,ריבוע
עם ישראל מכחה לגואלו האמיתי,excel_import,,False,research_vocabulary,1266,none,deep_research,LOW,unverified_bare,normal,(none)
עם ישראל מצפה למשיחו האמיתי,excel_import,,False,research_vocabulary,1726,none,deep_research,MEDIUM,unverified_with_notes,normal,מדבר רבה
עם ישראל רוצה את הגואל האמיתי האחרון,excel_import,,False,research_vocabulary,2134,none,deep_research,MEDIUM,unverified_with_notes,normal,אטבח
עם ישראל רוצה את המשיח,excel_import,,False,research_vocabulary,1716,none,deep_research,MEDIUM,unverified_with_notes,normal,ריבוע
עם ישראל רוצה את המשיח האמתי,excel_import,,False,research_vocabulary,2172,none,deep_research,MEDIUM,unverified_with_notes,normal,לפני
עמותת הגאולה האמיתית השלמה,excel_import,,True,thematic_corpus,2212,none,public_expanded,MEDIUM,verified_default,normal,(none)
עמי לא ידע משיח,excel_import,,True,thematic_corpus,593,none,public_expanded,MEDIUM,verified_default,normal,אחרי
"עמיר ופולארד ישוחררו ע""י המשיח",excel_import,,False,research_vocabulary,1820,none,deep_research,LOW,unverified_bare,normal,(none)
עמיר מחכה למשיח,excel_import,,True,thematic_corpus,781,none,public_expanded,MEDIUM,verified_default,normal,(none)
עמלק ילחם נגד יהוה ומשיחו,excel_import,,False,research_vocabulary,781,none,deep_research,LOW,unverified_bare,normal,(none)
עקבות משיחו בבית היהודי,excel_import,,True,thematic_corpus,1396,none,public_expanded,MEDIUM,verified_default,normal,(none)
עקבות משיחו כי ליהוה המלוכה,excel_import,,False,research_vocabulary,1134,none,deep_research,MEDIUM,unverified_with_notes,normal,סופי תיבות 434
עקבתא דמשיחא,excel_import,,True,thematic_corpus,936,none,public_expanded,MEDIUM,verified_default,normal,(none)
עשה אותי גואל אחרון,excel_import,,True,thematic_corpus,1097,none,public_expanded,MEDIUM,verified_default,normal,מילוי =פי 5
עשה אותי משיח,excel_import,,True,thematic_corpus,1150,none,public_expanded,MEDIUM,verified_default,normal,פי 5 מילוי
עת 26 הגואל - אטבח,excel_import,,False,research_vocabulary,3960,none,deep_research,LOW,unverified_bare,normal,עת 26 הגואל - אטבח
עת ביאת המשיח בסוף ספר דניאל פרק יב,excel_import,,False,research_vocabulary,2221,none,deep_research,MEDIUM,unverified_with_notes,normal,3960 - אחרי
עת ביאת המשיח האחרון,excel_import,,True,thematic_corpus,1516,none,public_expanded,MEDIUM,verified_default,normal,מילוי גבוה
עת ביאת משיחי סודי,excel_import,,True,thematic_corpus,1331,none,public_expanded,MEDIUM,verified_default,normal,(none)
עת הגאולה לפני,excel_import,,True,thematic_corpus,690,none,public_expanded,MEDIUM,verified_default,normal,עת הגאולה לפני
עת הזמיר הגיע בעתה המשיח 6443 ∆,excel_import,,False,research_vocabulary,6443,none,deep_research,LOW,unverified_bare,normal,עת הזמיר הגיע בעתה המשיח 6443 ∆
עת התגלות המשיח בימינו לפני,excel_import,,False,research_vocabulary,1965,none,deep_research,LOW,unverified_bare,normal,עת התגלות המשיח בימינו לפני
עת התגלותו של המשיח ב,excel_import,,False,research_vocabulary,2015,none,deep_research,MEDIUM,unverified_with_notes,normal,מילוי 3333
עת משיחו האמתי,excel_import,,True,thematic_corpus,1290,none,public_expanded,MEDIUM,verified_default,normal,(none)
פלא המתמטיקה למשיח יהוה,excel_import,,True,thematic_corpus,1134,none,public_expanded,MEDIUM,verified_default,normal,(none)
פלא התגלות משיחי בימינו,excel_import,,True,thematic_corpus,1441,none,public_expanded,MEDIUM,verified_default,normal,מסתתר
פלא שמו של משיח,excel_import,,True,thematic_corpus,1145,none,public_expanded,MEDIUM,verified_default,normal,לפני
פעמי גאולה בימינו,excel_import,,True,thematic_corpus,363,none,public_expanded,MEDIUM,verified_default,normal,(none)
פתאום יבוא משיחך,excel_import,,True,thematic_corpus,924,none,public_expanded,MEDIUM,verified_default,normal,ריבוע
פתרון הסוד תאריכי משיחי,excel_import,,True,thematic_corpus,1820,none,public_expanded,MEDIUM,verified_default,normal,וכן 1820 אותיות אחרי !!
צדק צדק תרדף המשיח,excel_import,,True,thematic_corpus,1435,none,public_expanded,MEDIUM,verified_default,normal,אטבח
ציון במשפט תפדה משיח דוד בן ישי,excel_import,,False,research_vocabulary,1820,none,deep_research,LOW,unverified_bare,normal,(none)
ציון סיבוני משיח בן דוד מסתתר,excel_import,,False,research_vocabulary,1818,none,deep_research,LOW,unverified_bare,normal,ציון סיבוני משיח בן דוד מסתתר
צמח דוד ב1335-אתבש -לפי אחד,excel_import,,False,research_vocabulary,1335,none,deep_research,MEDIUM,unverified_with_notes,normal,צמח דוד ב1335 - אתבש - לפי אחד
צמח דוד יהיה בחזקת משיח עד בית המקדש,excel_import,,False,research_vocabulary,1992,none,deep_research,MEDIUM,unverified_with_notes,normal,ריבוע
צמח דוד יודע שנת ביאת המשיח,excel_import,,False,research_vocabulary,1768,none,deep_research,MEDIUM,unverified_with_notes,normal,מדבר רבה
צמח דוד יקבל דרגת יחידה 11111 ב22 12 -לפי אחת -פי 5,excel_import,,False,research_vocabulary,3630,none,deep_research,MEDIUM,unverified_with_notes,normal,צמח דוד יקבל דרגת יחידה 11111 ב22 12 - לפי אחת - פי 5
צמח דוד מצפה ל22 12 -4340-גדול,excel_import,,False,research_vocabulary,2660,none,deep_research,MEDIUM,unverified_with_notes,normal,צמח דוד מצפה ל22 12 - 4340 - גדול
צמח דויד הוא המשיח האמיתי,excel_import,,False,research_vocabulary,1003,none,deep_research,MEDIUM,unverified_with_notes,normal,מילוי ללא
צמח דויד משיחך מבקש לבקר בהיכלך,excel_import,,False,research_vocabulary,1401,none,deep_research,MEDIUM,unverified_with_notes,normal,איק בכר
צמח המשיח בכי ליהוה המלוכה,excel_import,,False,research_vocabulary,695,none,deep_research,MEDIUM,unverified_with_notes,normal,רגיל ואותיות
צמח המשיח בעתה,excel_import,,True,thematic_corpus,978,none,public_expanded,MEDIUM,verified_default,normal,משולש - 2440 רגיל ומסתתר
צמח המשיח האחרון,excel_import,,True,thematic_corpus,771,none,public_expanded,MEDIUM,verified_default,normal,מסתתר - 11110 איק בכר
צמח המשיח האחרון בארץ,excel_import,,True,thematic_corpus,1064,none,public_expanded,MEDIUM,verified_default,normal,מסתתר - 2701 - ריבוע
צמח המשיח האמיתי,excel_import,,True,thematic_corpus,967,none,public_expanded,MEDIUM,verified_default,normal,צמילוי ללא
צמח המשיח ימשח בשמן המשחה בעשרה בטבת,excel_import,,False,research_vocabulary,2599,none,deep_research,MEDIUM,unverified_with_notes,normal,אתבש
צמח המשיח ימשח בשמן המשחה לפני,excel_import,,False,research_vocabulary,1779,none,deep_research,LOW,unverified_bare,normal,צמח המשיח ימשח בשמן המשחה לפני
צמח המשיח כאן,excel_import,,True,thematic_corpus,572,none,public_expanded,MEDIUM,verified_default,normal,אתבש - 6440 - רגיל ואתבש 11180 - לפני =פי 5
צמח המשיח מוסתר בזמן הזה -אחרי-,excel_import,,False,research_vocabulary,2212,none,deep_research,MEDIUM,unverified_with_notes,normal,צמח המשיח מוסתר בזמן הזה - אחרי
צמח המשיח מזרע דויד,excel_import,,True,thematic_corpus,842,none,public_expanded,MEDIUM,verified_default,normal,ריבוע
צמח המשיח מזרע לוט,excel_import,,True,thematic_corpus,863,none,public_expanded,MEDIUM,verified_default,normal,אחרי
צמח המשיח מסתתר בזמן הזה,excel_import,,False,research_vocabulary,1717,none,deep_research,LOW,unverified_bare,normal,צמח המשיח מסתתר בזמן הזה
צמח המשיח שורש יהודה ותמר,excel_import,,False,research_vocabulary,1983,none,deep_research,MEDIUM,unverified_with_notes,normal,2180 מסתתר
צמח מלך המשיח,excel_import,,True,thematic_corpus,591,none,public_expanded,MEDIUM,verified_default,normal,אתבש
צמח מלך המשיח מזרע לוט,excel_import,,False,research_vocabulary,953,none,deep_research,MEDIUM,unverified_with_notes,normal,איק בכר
צמח מלך המשיח מצפה לשכינה הקדושה,excel_import,,False,research_vocabulary,1641,none,deep_research,MEDIUM,unverified_with_notes,normal,ריבוע
צמח משיח בן דוד,excel_import,,True,thematic_corpus,562,none,public_expanded,MEDIUM,verified_default,normal,אתבש - 396 אות שניה - 566 עם אותיות - 1212 - גדול
צמח משיח בן דוד אות שניה,excel_import,,False,research_vocabulary,1334,none,deep_research,MEDIUM,unverified_with_notes,normal,776 אתבש - 566 רגיל ואותיות
צמח משיח בן דוד השכינה 1335- מילוי ללא,excel_import,,False,research_vocabulary,4340,none,deep_research,MEDIUM,unverified_with_notes,normal,צמח משיח בן דוד השכינה 1335 - מילוי ללא
צמח משיח בן דויד אות שניה,excel_import,,False,research_vocabulary,1344,none,deep_research,MEDIUM,unverified_with_notes,normal,434 - לפני
צמח משיח בן דויד ב2015,excel_import,,False,research_vocabulary,2222,none,deep_research,LOW,unverified_bare,normal,צמח משיח בן דויד ב2015
צמח משיח בן דויד מוסתר בימינו,excel_import,,False,research_vocabulary,1396,none,deep_research,LOW,unverified_bare,normal,צמח משיח בן דויד מוסתר בימינו
צמח משיח בן דויד מצפה לשכינה =1118- אתבש,excel_import,,False,research_vocabulary,1202,none,deep_research,MEDIUM,unverified_with_notes,normal,צמח משיח בן דויד מצפה לשכינה =1118 - אתבש
צמח משיחי האחרון,excel_import,,True,thematic_corpus,776,none,public_expanded,MEDIUM,verified_default,normal,(none)
צמח משיחך דויד בן ישי,excel_import,,False,research_vocabulary,912,none,deep_research,LOW,unverified_bare,normal,(none)
צמח משיחך דויד בן ישי אות שניה,excel_import,,False,research_vocabulary,1684,none,deep_research,LOW,unverified_bare,normal,(none)
צעקת ישראל המשיח האמתי,excel_import,,True,thematic_corpus,2020,none,public_expanded,MEDIUM,verified_default,normal,(none)
צריך משיח דחוף,excel_import,,True,thematic_corpus,776,none,public_expanded,MEDIUM,verified_default,normal,(none)
קול הגאולה כי לה' המלוכה,excel_import,,False,research_vocabulary,1510,none,deep_research,MEDIUM,unverified_with_notes,normal,משולש
קום משחהו כי זה הוא משיח אליהו הנביא,excel_import,,False,research_vocabulary,1037,none,deep_research,MEDIUM,unverified_with_notes,normal,ריבוע
"קוּמִי אוֹרִי, כִּי בָא אוֹרֵךְ; וּכְבוֹד יְהוָה, עָלַיִךְ זָרָח. כִּי-הִנֵּה הַחֹשֶׁךְ יְכַסֶּה-אֶרֶץ, וַעֲרָפֶל לְאֻמִּים; וְעָלַיִךְ יִזְרַח יְהוָה, וּכְבוֹדוֹ עָלַיִךְ יֵרָאֶה. וְהָלְכוּ גוֹיִם, ל",excel_import,,False,research_vocabulary,4440,none,deep_research,LOW,unverified_bare,normal,(none)
קצבמן משיח בן דויד,excel_import,,False,research_vocabulary,716,none,deep_research,MEDIUM,unverified_with_notes,normal,4770 - אטבח - =פי 5
ראשית הגאולה,excel_import,,True,thematic_corpus,961,none,public_expanded,MEDIUM,verified_default,normal,לפני - מילוי ללא 776 - מסתתר 1236
רוח אלהים מרחפת על פני המשיח האחרון,excel_import,,False,research_vocabulary,1901,none,deep_research,MEDIUM,unverified_with_notes,normal,רגיל לפני אחרי - 4770 - פנים מילה =פי 5
רוח אלהימ רוח משיח,excel_import,,True,thematic_corpus,872,none,public_expanded,MEDIUM,verified_default,normal,(none)
רוח המשיח מילוי ללא,excel_import,,True,thematic_corpus,734,none,public_expanded,MEDIUM,verified_default,normal,רוח המשיח מילוי ללא
רוח המשיח רוצה,excel_import,,True,thematic_corpus,878,none,public_expanded,MEDIUM,verified_default,normal,(none)
רוח הקדש לצמח המשיח האחרון,excel_import,,False,research_vocabulary,1424,none,deep_research,LOW,unverified_bare,normal,(none)
רוח קדש לצמח המשיח האמיתי,excel_import,,False,research_vocabulary,1615,none,deep_research,MEDIUM,unverified_with_notes,normal,משולש
רוחו של המשיח,excel_import,,True,thematic_corpus,913,none,public_expanded,MEDIUM,verified_default,normal,(none)
רוחו של משיח בן דויד,excel_import,,False,research_vocabulary,984,none,deep_research,MEDIUM,unverified_with_notes,normal,לפני
רוחו של משיח בן דויד תנוח,excel_import,,False,research_vocabulary,1448,none,deep_research,MEDIUM,unverified_with_notes,normal,ריבוע
רוחו של משיח מרחפת על פני,excel_import,,False,research_vocabulary,1876,none,deep_research,MEDIUM,unverified_with_notes,normal,פי 5 - מילוי גדול
רוחו של משיח מרחפת על פני המים,excel_import,,False,research_vocabulary,1971,none,deep_research,MEDIUM,unverified_with_notes,normal,רגיל לפני אחרי
רוחו של משיח תנוח על אדם מישראל בעתה,excel_import,,False,research_vocabulary,2575,none,deep_research,MEDIUM,unverified_with_notes,normal,מסתתר
רות נעמי (כיון שהמשיח הגיע מהם),excel_import,,False,research_vocabulary,776,none,deep_research,LOW,unverified_bare,normal,(none)
רמז למשיח י הוה,excel_import,,True,thematic_corpus,661,none,public_expanded,MEDIUM,verified_default,normal,רגיל 661 סתר
רצון יהוה ביאת המשיח בזמן הזה,excel_import,,False,research_vocabulary,1264,none,deep_research,MEDIUM,unverified_with_notes,normal,רגיל ואותיות - 6500 - מסתתרפי 5
רצון יהוה ביאת מלך המשיח בזמן הזה,excel_import,,False,research_vocabulary,1354,none,deep_research,MEDIUM,unverified_with_notes,normal,מסתתר - פי 5
רצון יהוה משיח דויד בן ישי,excel_import,,False,research_vocabulary,1126,none,deep_research,MEDIUM,unverified_with_notes,normal,לפני פי 5
רצון יהוה משיח צדק ב2015 -משולש,excel_import,,False,research_vocabulary,44100,none,deep_research,MEDIUM,unverified_with_notes,normal,רצון יהוה משיח צדק ב2015 - משולש
רצון יהוה משיחו = משולש כפול,excel_import,,False,research_vocabulary,5900,none,deep_research,LOW,unverified_bare,normal,רצון יהוה משיחו = משולש כפול
רצונו משיח בן דוד,excel_import,,True,thematic_corpus,776,none,public_expanded,MEDIUM,verified_default,normal,(none)
רק אלהים גואל 1844 860 3580,excel_import,,False,research_vocabulary,786,none,deep_research,LOW,unverified_bare,normal,רק אלהים גואל 1844 860 3580
שלח לנו משיח בן דוד,excel_import,,False,research_vocabulary,848,none,deep_research,MEDIUM,unverified_with_notes,normal,=פי 5
שלח לנו משיח בן דוד בימינו,excel_import,,False,research_vocabulary,966,none,deep_research,MEDIUM,unverified_with_notes,normal,אחרי
שלמה יהודה משיחי 3580,excel_import,,False,research_vocabulary,878,none,deep_research,LOW,unverified_bare,normal,שלמה יהודה משיחי 3580
שלמות הנפש (משיח ואור חוזר),excel_import,,False,research_vocabulary,1211,none,deep_research,LOW,unverified_bare,normal,(none)
שלשים ושבע יום לביאת המשיח =פי 5,excel_import,,False,research_vocabulary,15200,none,deep_research,LOW,unverified_bare,normal,שלשים ושבע יום לביאת המשיח =פי 5
שם הגואל האמיתי האחרון,excel_import,,True,thematic_corpus,1121,none,public_expanded,MEDIUM,verified_default,normal,לפני =פי 5
שם המשיח 644- אות שלישית,excel_import,,False,research_vocabulary,644,none,deep_research,MEDIUM,unverified_with_notes,normal,שם המשיח 644 - אות שלישית
שם המשיח האחרון,excel_import,,True,thematic_corpus,973,none,public_expanded,MEDIUM,verified_default,normal,מסתתר
שם המשיח האחרון מסתתר- לפני,excel_import,,False,research_vocabulary,1437,none,deep_research,MEDIUM,unverified_with_notes,normal,שם המשיח האחרון מסתתר - לפני
שם המשיח האמיתי לא ידוע,excel_import,,False,research_vocabulary,1290,none,deep_research,LOW,unverified_bare,normal,(none)
שם המשיח האמיתי פלאי,excel_import,,True,thematic_corpus,1290,none,public_expanded,MEDIUM,verified_default,normal,(none)
שם המשיח לא ידוע האחרון,excel_import,,False,research_vocabulary,1094,none,deep_research,MEDIUM,unverified_with_notes,normal,מילוי לא
שם המשיח נסתר -מסתתר גדול,excel_import,,False,research_vocabulary,1437,none,deep_research,MEDIUM,unverified_with_notes,normal,שם המשיח נסתר - מסתתר גדול
שם משיח בן דויד אות שניה,excel_import,,False,research_vocabulary,1546,none,deep_research,LOW,unverified_bare,normal,(none)
שם משיחי מסתתר - מילוי - רגיל ואותיות 1820,excel_import,,False,research_vocabulary,2880,none,deep_research,LOW,unverified_bare,normal,שם משיחי מסתתר - מילוי - רגיל ואותיות 1820
שם משיחך בזמן הזה,excel_import,,True,thematic_corpus,834,none,public_expanded,MEDIUM,verified_default,normal,מילוי
שם משיחך האחרון,excel_import,,True,thematic_corpus,988,none,public_expanded,MEDIUM,verified_default,normal,לפני - 2600 - מילוי
שמו של המשיח האמיתי,excel_import,,True,thematic_corpus,1505,none,public_expanded,MEDIUM,verified_default,normal,אחרי - 1335 אטבח
שמו של המשיח האמיתי סודי,excel_import,,False,research_vocabulary,1585,none,deep_research,MEDIUM,unverified_with_notes,normal,מסתתר
שמו של משיחי סודי,excel_import,,True,thematic_corpus,1124,none,public_expanded,MEDIUM,verified_default,normal,מסתתר - פי 5
שמחת מלך המשיח בבית המקדש,excel_import,,False,research_vocabulary,2064,none,deep_research,MEDIUM,unverified_with_notes,normal,רגיל מסתתר
שמירת הברית תביא גאולה,excel_import,,True,thematic_corpus,2025,none,public_expanded,MEDIUM,verified_default,normal,שמירת הברית תביא גאולה
שמע ישראל אני משיח יהוה,excel_import,,False,research_vocabulary,1396,none,deep_research,MEDIUM,unverified_with_notes,normal,מילוי דה מילוי - 1396 - רגיל
שמע ישראל אני משיח יהוה האמיתי,excel_import,,False,research_vocabulary,1862,none,deep_research,MEDIUM,unverified_with_notes,normal,לפני =פי 5
שמע ישראל הוא הגואל,excel_import,,True,thematic_corpus,1008,none,public_expanded,MEDIUM,verified_default,normal,מילוי =פי
שמע ישראל המשיח חי,excel_import,,True,thematic_corpus,1332,none,public_expanded,MEDIUM,verified_default,normal,מילוי
שמע ישראל המשיח כאן,excel_import,,True,thematic_corpus,1385,none,public_expanded,MEDIUM,verified_default,normal,רגיל ומילוי
שמע ישראל יהוה בחר בי למשיחך בזמן הזה,excel_import,,False,research_vocabulary,1723,none,deep_research,MEDIUM,unverified_with_notes,normal,מילוי
שנה הבאה יבוא משיח אחרון,excel_import,,False,research_vocabulary,1010,none,deep_research,LOW,unverified_bare,normal,(none)
שנה שמלך המשיח נגלה בו,excel_import,,False,research_vocabulary,1204,none,deep_research,LOW,unverified_bare,normal,(none)
שנת ביאת המשיח האחרון 776 - 1212 רת,excel_import,,False,research_vocabulary,6440,none,deep_research,LOW,unverified_bare,normal,שנת ביאת המשיח האחרון 776 - 1212 רת
שנת הגאולה במילוי,excel_import,,True,thematic_corpus,898,none,public_expanded,MEDIUM,verified_default,normal,שנת הגאולה במילוי
שנת המשיח מילוי,excel_import,,True,thematic_corpus,1209,none,public_expanded,MEDIUM,verified_default,normal,שנת המשיח מילוי
שנת התגלות אליהו והמשיח ?,excel_import,,False,research_vocabulary,2015,none,deep_research,MEDIUM,unverified_with_notes,normal,2480 - מסתתר
שנת התגלות משיח,excel_import,,True,thematic_corpus,1952,none,public_expanded,MEDIUM,verified_default,normal,(none)
שנת משיח יהוה,excel_import,,True,thematic_corpus,1134,none,public_expanded,MEDIUM,verified_default,normal,(none)
שעת השבת לגאולה,excel_import,,True,thematic_corpus,1552,none,public_expanded,MEDIUM,verified_default,normal,משולש
שש מאות ארבעים וארבע המשיח,excel_import,,False,research_vocabulary,2012,none,deep_research,MEDIUM,unverified_with_notes,normal,ריבוע גדול
תאריך בוא הגואל האחרון,excel_import,,True,thematic_corpus,955,none,public_expanded,MEDIUM,verified_default,normal,אותיות לפני
תאריך הגאולה השלמה עד עת קץ,excel_import,,False,research_vocabulary,1795,none,deep_research,MEDIUM,unverified_with_notes,normal,ריבוע
תאריך נוצרי רומז על גאולה יהודית,excel_import,,False,research_vocabulary,1820,none,deep_research,LOW,unverified_bare,normal,(none)
תגלה משיחך האחרון בזמן הזה,excel_import,,False,research_vocabulary,1202,none,deep_research,LOW,unverified_bare,normal,(none)
תורתי אמת. המשיח !,excel_import,,False,research_vocabulary,1820,none,deep_research,LOW,unverified_bare,normal,תורתי אמת. המשיח !
תכלית העולם ימות המשיח האחרון,excel_import,,False,research_vocabulary,2100,none,deep_research,MEDIUM,unverified_with_notes,normal,מילוי ללא
תל אביב בגאולה,excel_import,,True,thematic_corpus,492,none,public_expanded,MEDIUM,verified_default,normal,מסתתר
תצמיח במהרה = שנת הגאולה,excel_import,,False,research_vocabulary,,none,deep_research,LOW,unverified_bare,normal,(none)
תראו את משיח בן דויד בקרוב ממש,excel_import,,False,research_vocabulary,2132,none,deep_research,MEDIUM,unverified_with_notes,normal,משולש מילה כפול
תראו משיח בקרוב,excel_import,,True,thematic_corpus,1275,none,public_expanded,MEDIUM,verified_default,normal,משולש
תרגיל למשיחי - מסתתר = עשרה בטבת,excel_import,,False,research_vocabulary,988,none,deep_research,LOW,unverified_bare,normal,תרגיל למשיחי - מסתתר = עשרה בטבת
תתגלה אלי משיח,excel_import,,True,thematic_corpus,1237,none,public_expanded,MEDIUM,verified_default,normal,(none)
תתן חכמתך למשיח האחרון,excel_import,,True,thematic_corpus,1996,none,public_expanded,MEDIUM,verified_default,normal,רגיל ומילים
איש האלהים משיחך,sod1820,צוריאל,True,public_core,780,none,public_core,HIGH,sod1820_clean_core_extraction,normal,ליבה נקייה שחולצה מ: אִישׁ הָאֱלֹהִים משיחך
אלהים משיח מקדש,sod1820,צוריאל,True,public_core,888,none,public_core,HIGH,sod1820_clean_core_extraction,normal,ליבה נקייה שחולצה מ: אֱלֹהִים -מָּשִׁיחַ - מִקְדָּשׁ
בוא המשיח,sod1820,צוריאל,True,public_core,372,none,public_core,HIGH,sod1820_clean_core_extraction,normal,ליבה נקייה שחולצה מ: בוא המשיח 396
במוצאי שביעית מלכות משיח יהוה,sod1820,צוריאל,True,public_core,1821,none,public_core,HIGH,sod1820_clean_core_extraction,normal,ליבה נקייה שחולצה מ: במוצאי שביעית מלכות משיח יהוה 1821
דיקטטורה משיחית,sod1820,צוריאל,True,public_core,1111,none,public_core,HIGH,sod1820_clean_core_extraction,normal,ליבה נקייה שחולצה מ: דיקטטורה משיחית 3333
דמעות משיח,sod1820,צוריאל,True,public_core,878,none,public_core,HIGH,sod1820_clean_core_extraction,normal,ליבה נקייה שחולצה מ: דמעות משיח 8780
הגולגולת של משיח בן דוד,sod1820,צוריאל,False,research_vocabulary,1237,none,deep_research,MEDIUM,unverified_despite_clean_category,normal,ליבה נקייה שחולצה מ: הגולגולת של משיח בן דוד 1414 | מקור: הגולגולת של משיח בן דוד 1414
המשיח בו,sod1820,צוריאל,True,public_core,371,none,public_core,HIGH,sod1820_clean_core_extraction,normal,ליבה נקייה שחולצה מ: המשיח 337 בו
המשיח בנ ששים ושתים,sod1820,צוריאל,True,public_core,1821,none,public_core,HIGH,sod1820_clean_core_extraction,normal,ליבה נקייה שחולצה מ: המשיח בנ ששים ושתים 1821
הסתר,sod1820,צוריאל,True,research_package,665,sod1820_anchor_665,premium_candidate,HIGH,sod1820_anchor_cluster,normal,"הראי של משיח בן יוסף (566↔665) — עיגון צוריאל 12.7.2026, מאומת במנוע"
הצלחת משיח,sod1820,צוריאל,True,public_core,891,none,public_core,HIGH,sod1820_clean_core_extraction,normal,ליבה נקייה שחולצה מ: הצלחת משיח 1111
הרהחוצבים,sod1820,צוריאל,True,thematic_corpus,366,none,public_expanded,MEDIUM,sod1820_verified_uncategorized,normal,הר החוצבים = המשיח בא = 366
התגלות ר מ משיח צדקנו,sod1820,צוריאל,True,public_core,1692,none,public_core,HIGH,sod1820_clean_core_extraction,normal,"ליבה נקייה שחולצה מ: התגלות ר""מ משיח צדקנו"
ושכנתי,sod1820,צוריאל,False,research_package,786,sod1820_branch_786,premium_candidate,HIGH,sod1820_anchor_cluster,normal,זכריה — מחזק ענף 786/תשפו
חרב המשיח,sod1820,צוריאל,True,public_core,573,none,public_core,HIGH,sod1820_clean_core_extraction,normal,ליבה נקייה שחולצה מ: חרב המשיח 2180
יהוה גילה את סוד המשיח האמיתי האחרון,sod1820,צוריאל,True,public_core,1644,none,public_core,HIGH,sod1820_clean_core_extraction,normal,סוד1820 (לא פסוק)
כב בתשרי תשפד,sod1820,צוריאל,True,research_package,1718,sod1820_anchor_1718,premium_candidate,HIGH,sod1820_anchor_cluster,normal,"תאריך פרוץ חרבות ברזל (שמיני עצרת/שמחת תורה, 7.10.2023). רגיל=1718=משיח בן דויד ישלים הבית בעתה. מסתתר=1202=התגלות משיח="
לבן ישי משיחך,sod1820,צוריאל,False,research_package,780,sod1820_branch_780,premium_candidate,HIGH,sod1820_anchor_cluster,normal,ציר 780
מי משיח בן דוד,sod1820,צוריאל,True,public_core,474,none,public_core,HIGH,sod1820_clean_core_extraction,normal,ליבה נקייה שחולצה מ: מי משיח בן דוד 2386 | מקור: מי משיח בן דוד 2386
מי משכיל,sod1820,צוריאל,True,public_core,450,none,public_core,HIGH,sod1820_clean_core_extraction,normal,ליבה נקייה שחולצה מ: מי משכיל 786 2626 676 634 1600
מם של משיח,sod1820,צוריאל,True,public_core,768,none,public_core,HIGH,sod1820_clean_core_extraction,normal,ליבה נקייה שחולצה מ: מם של משיח 3370 1898 613 768
מסלול משיח,sod1820,צוריאל,True,public_core,524,none,public_core,HIGH,sod1820_clean_core_extraction,normal,ליבה נקייה שחולצה מ: מסלול משיח 650
משיח בנ דויד ישלים הבית בעתה,sod1820,צוריאל,True,public_core,1718,none,public_core,HIGH,sod1820_clean_core_extraction,normal,ליבה נקייה שחולצה מ: משיח בנ דויד ישלים הבית בעתה 1718
משיח גאולה בתל אביב,sod1820,צוריאל,True,public_core,850,none,public_core,HIGH,sod1820_clean_core_extraction,normal,ליבה נקייה שחולצה מ: משיח גאולה בתל אביב 785
משיח הגיע,sod1820,צוריאל,True,public_core,446,none,public_core,HIGH,sod1820_clean_core_extraction,normal,ליבה נקייה שחולצה מ: משיח הגיע 68
משיח יבא,sod1820,צוריאל,True,public_core,371,none,public_core,HIGH,sod1820_clean_core_extraction,normal,ליבה נקייה שחולצה מ: משיח יבא 337
משיח מתוכך,sod1820,צוריאל,True,public_core,844,none,public_core,HIGH,sod1820_clean_core_extraction,normal,ליבה נקייה שחולצה מ: משיח מתוכך 844
משיח צידקנו,sod1820,צוריאל,True,public_core,618,none,public_core,HIGH,sod1820_clean_core_extraction,normal,ליבה נקייה שחולצה מ: משיח צידקנו +2702
משיח ר יפ,sod1820,צוריאל,True,public_core,648,none,public_core,HIGH,sod1820_clean_core_extraction,normal,ליבה נקייה שחולצה מ: משיח ∆ ר יפ 1211
משיח שיח,sod1820,צוריאל,True,public_core,676,none,public_core,HIGH,sod1820_clean_core_extraction,normal,ליבה נקייה שחולצה מ: משיח + שיח 318+358
משיח שקר,sod1820,צוריאל,True,public_core,958,none,public_core,HIGH,sod1820_clean_core_extraction,normal,ליבה נקייה שחולצה מ: משיח שקר 2388 852
משיח תשובה,sod1820,צוריאל,True,public_core,1071,none,public_core,HIGH,sod1820_clean_core_extraction,normal,ליבה נקייה שחולצה מ: משיח תשובה ∆
משיחי,sod1820,צוריאל,True,public_core,368,none,public_core,HIGH,sod1820_clean_core_extraction,normal,ליבה נקייה שחולצה מ: משיחי ∆
משיחי יבוא,sod1820,צוריאל,True,public_core,387,none,public_core,HIGH,sod1820_clean_core_extraction,normal,ליבה נקייה שחולצה מ: 1118 משיחי יבוא
עבדך משיחך,sod1820,צוריאל,True,public_core,474,none,public_core,HIGH,sod1820_clean_core_extraction,normal,ליבה נקייה שחולצה מ: עבדך משיחך 1819 ∆
עמיר ופולארד ישוחררו ע י המשיח,sod1820,צוריאל,False,research_vocabulary,1820,none,deep_research,MEDIUM,unverified_despite_clean_category,normal,"ליבה נקייה שחולצה מ: עמיר ופולארד ישוחררו ע""י המשיח"
עצירות,sod1820,צוריאל/שמעון,True,research_package,776,sod1820_anchor_776,premium_candidate,HIGH,sod1820_anchor_cluster,normal,צוריאל/שמעון — עצירות פורשת 3 מאסטרים משיחיים לפי רובדי-עומק: רגיל=776 (ביאת המשיח) · מסתתר=878 (גוף/מילוי המשיח) · מילו
פני משיחך,sod1820,צוריאל,True,public_core,518,none,public_core,HIGH,sod1820_clean_core_extraction,normal,ליבה נקייה שחולצה מ: פני משיחך 1152
פתרונים,sod1820,צוריאל,False,research_package,786,sod1820_branch_786,premium_candidate,HIGH,sod1820_anchor_cluster,normal,כתיב מלא = 786
רחמנא אדכר לן קימה דדוד מלכא משיחא,sod1820,צוריאל,True,public_core,1227,none,public_core,HIGH,sod1820_clean_core_extraction,normal,ארמית - ברכת המזון
תדר משיח בי,sod1820,צוריאל,True,public_core,974,none,public_core,HIGH,sod1820_clean_core_extraction,normal,ליבה נקייה שחולצה מ: תדר משיח בי 2510 1152
תורתי אמת המשיח,sod1820,צוריאל,True,public_core,1820,none,public_core,HIGH,sod1820_clean_core_extraction,normal,ליבה נקייה שחולצה מ: תורתי אמת. המשיח !
תקוות משיח,sod1820,צוריאל,True,public_core,1270,none,public_core,HIGH,sod1820_clean_core_extraction,normal,ליבה נקייה שחולצה מ: תקוות משיח 261 2600
אתחלתא דגאולה,entity_expansion_v1,,True,thematic_corpus,889,entity_world_geulah,public_expanded,HIGH,entity_world_geulah,normal,(none)
ביאת הגואל,entity_expansion_v1,,True,thematic_corpus,458,entity_world_geulah,public_expanded,HIGH,entity_world_geulah,normal,(none)
בניין בית המקדש,entity_expansion_v1,,True,thematic_corpus,983,entity_world_geulah,public_expanded,HIGH,entity_world_geulah,normal,(none)
בניין ירושלים,entity_expansion_v1,,True,thematic_corpus,718,entity_world_geulah,public_expanded,HIGH,entity_world_geulah,normal,(none)
בשורת הגאולה,entity_expansion_v1,,True,thematic_corpus,958,entity_world_geulah,public_expanded,HIGH,entity_world_geulah,normal,(none)
גאולה שלמה,entity_expansion_v1,,True,thematic_corpus,420,entity_world_geulah,public_expanded,HIGH,entity_world_geulah,normal,(none)
גאולת הנפש,entity_expansion_v1,,True,thematic_corpus,875,entity_world_geulah,public_expanded,HIGH,entity_world_geulah,normal,(none)
גואל,entity_seed_v1,,True,thematic_corpus,40,entity_world_geulah,public_expanded,HIGH,entity_world_geulah,normal,(none)
גואל אחרון,entity_expansion_v1,,True,thematic_corpus,305,entity_world_geulah,public_expanded,HIGH,entity_world_geulah,normal,(none)
גואל ישראל,entity_expansion_v1,,True,thematic_corpus,581,entity_world_geulah,public_expanded,HIGH,entity_world_geulah,normal,(none)
הגאולה השלמה,entity_expansion_v1,,True,thematic_corpus,430,entity_world_geulah,public_expanded,HIGH,entity_world_geulah,normal,(none)
העלאת ניצוצות,entity_expansion_v1,,True,thematic_corpus,1158,entity_world_geulah,public_expanded,HIGH,entity_world_geulah,normal,(none)
יכירו וידעו כל יושבי תבל,entity_expansion_v1,,True,thematic_corpus,1152,entity_world_geulah,public_expanded,HIGH,entity_world_geulah,normal,(none)
ישועה,entity_seed_v1,,True,thematic_corpus,391,entity_world_geulah,public_expanded,HIGH,entity_world_geulah,normal,(none)
ישועת ישראל,entity_expansion_v1,,True,thematic_corpus,1327,entity_world_geulah,public_expanded,HIGH,entity_world_geulah,normal,(none)
מלך הגאולה,entity_expansion_v1,,True,thematic_corpus,140,entity_world_geulah,public_expanded,HIGH,entity_world_geulah,normal,(none)
מלכות בית דוד,entity_expansion_v1,,True,thematic_corpus,922,entity_world_geulah,public_expanded,HIGH,entity_world_geulah,normal,(none)
משיח בן דוד האמיתי,entity_expansion_v1,,True,thematic_corpus,890,entity_world_geulah,public_expanded,HIGH,entity_world_geulah,normal,(none)
נצר ישי,entity_expansion_v1,,True,thematic_corpus,660,entity_world_geulah,public_expanded,HIGH,entity_world_geulah,normal,(none)
סוף הגלות,entity_expansion_v1,,True,thematic_corpus,590,entity_world_geulah,public_expanded,HIGH,entity_world_geulah,normal,(none)
עת קץ,entity_expansion_v1,,True,thematic_corpus,660,entity_world_geulah,public_expanded,HIGH,entity_world_geulah,normal,(none)
פדות ישראל,entity_expansion_v1,,True,thematic_corpus,1031,entity_world_geulah,public_expanded,HIGH,entity_world_geulah,normal,(none)
צמח צדיק,entity_expansion_v1,,True,thematic_corpus,342,entity_world_geulah,public_expanded,HIGH,entity_world_geulah,normal,(none)
קיבוץ נדחים,entity_expansion_v1,,True,thematic_corpus,320,entity_world_geulah,public_expanded,HIGH,entity_world_geulah,normal,(none)
קץ הגלות,entity_expansion_v1,,True,thematic_corpus,634,entity_world_geulah,public_expanded,HIGH,entity_world_geulah,normal,(none)
קץ הימים,entity_expansion_v1,,True,thematic_corpus,295,entity_world_geulah,public_expanded,HIGH,entity_world_geulah,normal,(none)
שופר של משיח,entity_expansion_v1,,True,thematic_corpus,1274,entity_world_geulah,public_expanded,HIGH,entity_world_geulah,normal,(none)
שורש ישי,entity_expansion_v1,,True,thematic_corpus,1126,entity_world_geulah,public_expanded,HIGH,entity_world_geulah,normal,(none)
שיבת ציון,entity_expansion_v1,,True,thematic_corpus,868,entity_world_geulah,public_expanded,HIGH,entity_world_geulah,normal,(none)
שיבת שבות,entity_expansion_v1,,True,thematic_corpus,1420,entity_world_geulah,public_expanded,HIGH,entity_world_geulah,normal,(none)
תיקון השכינה,entity_expansion_v1,,True,thematic_corpus,956,entity_world_geulah,public_expanded,HIGH,entity_world_geulah,normal,(none)
תקיעת שופר,entity_expansion_v1,,True,thematic_corpus,1566,entity_world_geulah,public_expanded,HIGH,entity_world_geulah,normal,(none)
אגוז לוז עצם לחיים,wp_id:36710,,True,thematic_corpus,358,none,public_expanded,MEDIUM,verified_default,normal,wp36710 =358=משיח
אדם,wp_id:26967,,True,thematic_corpus,45,none,public_expanded,MEDIUM,verified_default,normal,=מה=גאולה=45
אש המשיח,סלי מור,סלי מור,True,research_package,664,sali_mor_tisha_bav,premium_candidate,HIGH,named_researcher_cluster,normal,רשימת סלימור — תשעה באב תשפו
את הפסח בארבעה עשר,community,,False,research_vocabulary,1404,none,deep_research,LOW,unverified_community,unverified_community,1404 · תאריך גאולת מצרים · קבוצת תורת הרמז VIP · שולח 972537738295
ברכה,excel_import wp_id:9398,שמעון חיימוב,True,research_package,227,none,premium_candidate,HIGH,named_researcher_cluster,normal, | המשכת ה-7 דרך ה-22; קדמי=888=הגאולה תתגלה
בשתי ידים,wp_id:23886,,True,thematic_corpus,776,none,public_expanded,MEDIUM,verified_default,normal,=776=ביאת המשיח
גל,wp_id:26967,,True,thematic_corpus,33,none,public_expanded,MEDIUM,verified_default,normal,"גילוי+גאולה, שורשה גל. ragil=33, kadmi=111=פלא"
דוד בן ישי בית הלחמי,cleanup_sample30,,True,thematic_corpus,891,none,public_expanded,MEDIUM,verified_default,normal,(none)
האות יוד של דוד,excel_import + verified,,True,thematic_corpus,776,none,public_expanded,MEDIUM,verified_default,normal,"האות יוד של דוד = 776 = ביאת המשיח = הכל מתחבר כאן. בגאולה דוד מקבל יו""ד (דוד→דויד): יחזקאל ל""ד נבואת הרועה לעתיד נכתב """
הכל מתחבר כאן,excel_import + verified,,True,thematic_corpus,776,none,public_expanded,MEDIUM,verified_default,normal,"הכל (55)+מתחבר (650)+כאן (71)=776=ביאת המשיח. שם/מוטו של מפת הידע. קדמי=2940=10×294 (אומת ההערה ""משולש 294"" מהאקסל). חוש"
הנני עשה חדשה עתה תצמח,אוצרות הגילוי · צוריאל,צוריאל,True,public_core,1820,otzarot_hagilui_1820,public_core,HIGH,named_zuriel_source,normal,"אוצר גילוי (צוריאל; צבי הביא בקבוצת תורת הרמז). «הִנְנִי עֹשֶׂה חֲדָשָׁה עַתָּה תִצְמָח» (ישעיהו מג,יט) = 1820 — הבורא מ"
השכינה בשיא תפארתה,wp_id:31540,,True,thematic_corpus,1789,none,public_expanded,MEDIUM,verified_default,normal,רגיל=1789=התגלות משיח מסתתר
התחלת הגאולה,manual,,True,thematic_corpus,893,none,public_expanded,MEDIUM,verified_default,normal,1237=מסתתר
והיה אור הלבנה כאור החמה,צבי (OPOC),צבי (OPOC),True,research_package,610,tzvi_opoc_610,premium_candidate,HIGH,named_researcher_cluster,normal,קודם מצבי (OPOC) — מאומת. 610=ומחץ מכתו
ומחץ מכתו,צבי (OPOC),צבי (OPOC),True,research_package,610,tzvi_opoc_610,premium_candidate,HIGH,named_researcher_cluster,normal,קודם מצבי (OPOC) — מאומת. 610
זמן גאולתנו,post:5007,,True,thematic_corpus,593,none,public_expanded,MEDIUM,verified_default,normal,עוגן 2212: «זמן גאולתנו» = 2212 בקדמי. הליבה של צופן י׳ טבת (פוסט 5007). מאומת במנוע.
חמור בן מאה גוונים משיח בן דוד,cleanup_sample30,,True,thematic_corpus,891,none,public_expanded,MEDIUM,verified_default,normal,(none)
חסד ודין בערבוב,סלי מור,סלי מור,True,research_package,424,sali_mor_tisha_bav,premium_candidate,HIGH,named_researcher_cluster,normal,רשימת סלימור — תשעה באב תשפו
חרבות ברזל,wp_id:31540,,True,thematic_corpus,855,none,public_expanded,HIGH,post_linked,normal,"=855; מסתתר=1202 (חרבות 788 + ברזל 414, אומת בקוד 08/06); ציר חרבות ברזל=התגלות משיח=בראשית ברא אלהים. תוקן מ-1600 השגוי"
יציאה מהסגר,wp_id:20584,,True,thematic_corpus,424,none,public_expanded,MEDIUM,verified_default,normal,=424=משיח בן דוד
ליברפול,wp_id:29256,,True,thematic_corpus,358,none,public_expanded,MEDIUM,verified_default,normal,=358=משיח (אירוויזיון)
מה,wp_id:26967,,True,thematic_corpus,45,none,public_expanded,MEDIUM,verified_default,normal,=אדם=גאולה=45
מלחמת לינדזי גרהאם,contribution:יניב לוי,יניב לוי,True,research_package,878,none,premium_candidate,HIGH,named_researcher_cluster,normal,(none)
משיח,manual,,True,thematic_corpus,358,none,public_expanded,MEDIUM,verified_default,normal,מילוי=878
נסראללה,צוריאל,צוריאל,True,public_core,376,none,public_core,HIGH,named_zuriel_source,normal,376=עשו=המשיח יבא. חוסל ביום ה-358 למלחמה (358=משיח=נחש=קורבן=קרב יום).
עדן,wp_id:20584,,True,thematic_corpus,124,none,public_expanded,MEDIUM,verified_default,normal,ציר עדן: הסתרה670 המשיח363
קרובים,wp_id:23886,,True,thematic_corpus,358,none,public_expanded,MEDIUM,verified_default,normal,=358=משיח
קרובים רחוקים מאוד,wp_id:23886,,True,thematic_corpus,773,none,public_expanded,MEDIUM,verified_default,normal,=773=מעשה משיח
רחוקים,wp_id:23886,,True,thematic_corpus,364,none,public_expanded,MEDIUM,verified_default,normal,=364=בני ברק; מילוי=1236=משיח
רמז פלא,wp_id:23886,,True,thematic_corpus,358,none,public_expanded,MEDIUM,verified_default,normal,=358=משיח (ר משה צוריאל)
שאגת הארי,מבצע שאגת הארי - גלריית סוד1820,,True,thematic_corpus,920,none,public_expanded,MEDIUM,verified_default,normal,"מסתתר רגיל=1237=התגלות. רגיל=גדול=1122=פורים תשפו=חג הגאולה. משולש=4431, ריבוע=2458, מילוי בלבד גדול=4530, מילוי בלבד רג"
שמי,wp_id:29256,,True,thematic_corpus,350,none,public_expanded,MEDIUM,verified_default,normal,=350=קרן; המשיח=שמי אחד
שער נון,manual,,True,thematic_corpus,676,none,public_expanded,MEDIUM,verified_default,normal,26²=יהוה בריבוע | נספח מאומת: מסתתר = 448 = מלך משיח ; מילוי = 1234 ; זהות 676 = 26²
תדר המשיח האחרון,גלריית סוד1820 - התגלות=1237,,True,thematic_corpus,1237,none,public_expanded,MEDIUM,verified_default,normal,"רגיל=1237=התגלות. משולש=4709, ריבוע=3250, ריבוע גדול=3900. תדר=604=משיח בן דוד (מסתתר). מהגלריה, עדכון 23/4/2026."
תמוז,wp_id:36710,,True,thematic_corpus,453,none,public_expanded,MEDIUM,verified_default,normal,wp36710 =453=מלך המשיח
תשע,wp_id:36710,,True,thematic_corpus,770,none,public_expanded,MEDIUM,verified_default,normal,wp36710 =770=בית משיח
אהבת דוד מלך ישראל חי וקיים,וואטסאפ הגילוי היומי,"יצחק שחר קנדרו,כריסטינה,יניב לוי",True,research_package,1237,cross_1237,premium_candidate,HIGH,whatsapp_researcher_cluster,normal,"נשלח ע״י כריסטינה לקבוצת «הגילוי היומי» 22.7.2026. אומת במנוע (רגיל=1237, בכתיב מלא וקיים)."
כח המשיח השליטה בתודעה,wa-vip,"יצחק שחר קנדרו,כריסטינה,יניב לוי",True,research_package,1237,cross_1237,premium_candidate,HIGH,whatsapp_researcher_cluster,normal,"1237 = משיח מוצפן בתורה. מאת: יצחק שחר קנדרו.
✅ אומת במנוע (רגיל=1237). התכנסות אמיתית: «כח המשיח השליטה בתודעה» = «משיח"
מחץ ראש על ארץ רבה,וואטסאפ הגילוי היומי,"יצחק שחר קנדרו,כריסטינה,יניב לוי",True,research_package,1237,cross_1237,premium_candidate,HIGH,whatsapp_researcher_cluster,normal,תהלים ק״י פס׳ ו׳. נשלח ע״י יניב לוי לקבוצת «הגילוי היומי» 22.7.2026. אומת במנוע (רגיל=1237).
משיח מוצפן בתורה,wa-vip,"יצחק שחר קנדרו,כריסטינה,יניב לוי",True,research_package,1237,cross_1237,premium_candidate,HIGH,whatsapp_researcher_cluster,normal,"1237 = כח המשיח השליטה בתודעה. מאת: יצחק שחר קנדרו.
✅ אומת במנוע (רגיל=1237). התכנסות אמיתית: «כח המשיח השליטה בתודעה» ="
הארת פנים,wa-vip,צבי (OPOC1),True,research_package,786,tzvi_786_keter,premium_candidate,HIGH,whatsapp_researcher_cluster,normal,צבי — העוגן: כתר עליון = תשפ״ו = הארת פנים = 786. מאומת במנוע.
ועשית,wa-vip,צבי (OPOC1),True,research_package,786,tzvi_786_keter,premium_candidate,HIGH,whatsapp_researcher_cluster,normal,צבי/גילוי-יומי — וְעָשִׂיתָ = 786 = תשפ״ו. מאומת במנוע.
ותשמם,wa-vip,צבי (OPOC1),True,research_package,786,tzvi_786_keter,premium_candidate,HIGH,whatsapp_researcher_cluster,normal,"צבי — «וַתְּשִׂמֵם בְּכַר הַגָּמָל» (רחל, פרשת ויצא) = תשפ״ו. מאומת במנוע."
אור המשיח אמת,wa-gilui-yomi,יצחק שחר קנדרו,True,research_package,1011,ysk_1011,premium_candidate,HIGH,whatsapp_researcher_cluster,normal,הגילוי היומי 13.7.2026 · הביא יצחק שחר קנדרו
המשיח בן יוסף ומשיח בן דויד,wa-gilui-yomi,יצחק שחר קנדרו,True,research_package,1011,ysk_1011,premium_candidate,HIGH,whatsapp_researcher_cluster,normal,הגילוי היומי 13.7.2026 · הביא יצחק שחר קנדרו
המשיח פועל במעשים,wa-gilui-yomi,יצחק שחר קנדרו,True,research_package,1011,ysk_1011,premium_candidate,HIGH,whatsapp_researcher_cluster,normal,הגילוי היומי 13.7.2026 · הביא יצחק שחר קנדרו
וגאלך קדוש ישראל,wa-gilui-yomi,יניב לוי,True,research_package,1011,ysk_1011,premium_candidate,HIGH,whatsapp_researcher_cluster,normal,הגילוי היומי 13.7.2026 · הביא יניב לוי
הפסקת האש הזמנית עם איראן,wa-gilui-yomi,יצחק שחר קנדרו,True,research_package,1835,ysk_1835,premium_candidate,HIGH,whatsapp_researcher_cluster,normal,מאת יצחק שחר קנדרו — הפסקת האש הזמנית עם איראן = מלחמת איראן השלישית = סוד אחד שתים שלש שבע = 1835
מלחמת איראן השלישית,wa-gilui-yomi,יצחק שחר קנדרו,True,research_package,1835,ysk_1835,premium_candidate,HIGH,whatsapp_researcher_cluster,normal,מאת יצחק שחר קנדרו — התכנסות 1835
סוד אחד שתים שלש שבע,wa-gilui-yomi,יצחק שחר קנדרו,True,research_package,1835,ysk_1835,premium_candidate,HIGH,whatsapp_researcher_cluster,normal,מאת יצחק שחר קנדרו — «סוד 1237» = 1835
אגם צרפי,wa-vip,יצחק שחר קנדרו,True,research_package,424,ysk_hitkansut,premium_candidate,HIGH,whatsapp_researcher_cluster,normal,"424 = משיח בן דוד. מאת: יצחק שחר קנדרו.
✅ אומת במנוע (רגיל=424). מאת: יצחק שחר קנדרו."
איפוס השעון,wa-vip,יצחק שחר קנדרו,True,research_package,588,ysk_hitkansut,premium_candidate,HIGH,whatsapp_researcher_cluster,normal,"588 = מלחמת גוג ומגוג. מאת: יצחק שחר קנדרו.
✅ אומת במנוע (רגיל=588). מאת: יצחק שחר קנדרו."
1335 1290 התגלותי כבן דוד האמיתי האחרון - סת,excel_import,,False,personal_or_restricted,1202,messianic_claim_linked,internal_only,HIGH,personal_claim_classification,personal_claim,1335 1290 התגלותי כבן דוד האמיתי האחרון - סת
1335 1290 התגלותי כמלך המשיח האמיתי - לפי אחת,excel_import,,False,personal_or_restricted,5880,messianic_claim_linked,internal_only,HIGH,personal_claim_classification,personal_claim,1335 1290 התגלותי כמלך המשיח האמיתי - לפי אחת
1335 1290 התגלותי כמשיחך - לפני לפי אחד,excel_import,,False,personal_or_restricted,3245,messianic_claim_linked,internal_only,HIGH,personal_claim_classification,personal_claim,1335 1290 התגלותי כמשיחך - לפני לפי אחד
1335 1290 התגלותי כמשיחך - מסתתר -לפי אחת,excel_import,,False,personal_or_restricted,5330,messianic_claim_linked,internal_only,HIGH,personal_claim_classification,personal_claim,1335 1290 התגלותי כמשיחך - מסתתר - לפי אחת
1335 1290 עד עת קץ סוד התגלותי - לפני - לפי אחד,excel_import,,False,personal_or_restricted,3630,messianic_claim_linked,internal_only,HIGH,personal_claim_classification,personal_claim,1335 1290 עד עת קץ סוד התגלותי - לפני - לפי אחד
אהיה משיח יהוה 11111- לפני הבן איש חי,excel_import,,False,personal_or_restricted,1820,messianic_claim_linked,internal_only,HIGH,personal_claim_classification,personal_claim,אהיה משיח יהוה 11111 - לפני הבן איש חי
אמשח למשיח אמיתי ב 22 12 - אתבש,excel_import,,False,personal_or_restricted,2015,messianic_claim_linked,internal_only,HIGH,personal_claim_classification,personal_claim,אמשח למשיח אמיתי ב 22 12 - אתבש
אמשח למשיח יהוה ב 22 12 -לפני,excel_import,,False,personal_or_restricted,3860,messianic_claim_linked,internal_only,HIGH,personal_claim_classification,personal_claim,אמשח למשיח יהוה ב 22 12 - לפני
אני הוא,excel_import,,True,personal_or_restricted,73,messianic_claim_linked,do_not_display,HIGH,personal_claim_classification,personal_claim,משולש
אני הוא דוד מבית הלחמי,excel_import,,False,personal_or_restricted,632,messianic_claim_linked,do_not_display,HIGH,personal_claim_classification,personal_claim,מסתתר
אני הוא דויד בן ישי בזמן הזה,excel_import,,False,personal_or_restricted,585,messianic_claim_linked,do_not_display,HIGH,personal_claim_classification,personal_claim,משולש
אני הוא דויד בן ישי היום,excel_import,,False,personal_or_restricted,530,messianic_claim_linked,do_not_display,HIGH,personal_claim_classification,personal_claim,מילוי = 2480 - אתבש
אני הוא זה המשיח האחרון,excel_import,,False,personal_or_restricted,718,messianic_claim_linked,do_not_display,HIGH,personal_claim_classification,personal_claim,(none)
אני הוא מלך המשיח בזמן הזה,excel_import,,False,personal_or_restricted,642,messianic_claim_linked,do_not_display,HIGH,personal_claim_classification,personal_claim,רגיל ומילוי - 1396 רגיל ומסתתר
אני הוא מלך המשיח בימינו,excel_import,,False,personal_or_restricted,644,messianic_claim_linked,do_not_display,HIGH,personal_claim_classification,personal_claim,(none)
אני המשיח,excel_import,,True,personal_or_restricted,424,messianic_claim_linked,do_not_display,HIGH,personal_claim_classification,personal_claim,מסתתר - 424
אני המשיח ב 776-אות שניה,excel_import,,False,personal_or_restricted,396,messianic_claim_linked,do_not_display,HIGH,personal_claim_classification,personal_claim,אני המשיח ב 776 - אות שניה
אני המשיח בעתה,excel_import,,True,personal_or_restricted,901,messianic_claim_linked,do_not_display,HIGH,personal_claim_classification,personal_claim,מילוי ללא
אני המשיח האחרון,excel_import,,True,personal_or_restricted,694,messianic_claim_linked,do_not_display,HIGH,personal_claim_classification,personal_claim,משולש גדול - פי 5
אני המשיח האמיתי האחרון,excel_import,,True,personal_or_restricted,1160,messianic_claim_linked,do_not_display,HIGH,personal_claim_classification,personal_claim,ריבוע - פי 5
אני המשיח ודאי,excel_import,,True,personal_or_restricted,445,messianic_claim_linked,do_not_display,HIGH,personal_claim_classification,personal_claim,משולש שמילה
אני צמח מלך המשיח האמיתי,excel_import,,False,personal_or_restricted,1118,messianic_claim_linked,internal_only,HIGH,personal_claim_classification,personal_claim,רגיל
אני שליח יהוה,excel_import,,True,personal_or_restricted,435,messianic_claim_linked,internal_only,HIGH,personal_claim_classification,personal_claim,אחרי
אני שליח יהוה האחרון האמיתי,excel_import,,False,personal_or_restricted,1171,messianic_claim_linked,internal_only,HIGH,personal_claim_classification,personal_claim,לפני
אני שליח יהוה האחרן,excel_import,,True,personal_or_restricted,699,messianic_claim_linked,internal_only,HIGH,personal_claim_classification,personal_claim,רגיל ומילוי - פי 5
אעלה לדרגת 11111,excel_import,,False,personal_or_restricted,743,messianic_claim_linked,internal_only,HIGH,personal_claim_classification,personal_claim,אעלה לדרגת 11111
ארץ 291 - גדול 1101 = אני חושב שאני המשיח = 1101,excel_import,,False,personal_or_restricted,1291,messianic_claim_linked,do_not_display,HIGH,personal_claim_classification,personal_claim,ארץ 291 - גדול 1101 = אני חושב שאני המשיח = 1101
אתגלה בעתה בשנה החדשה ב22 12 -לי אחד - 7810- מילוי,excel_import,,False,personal_or_restricted,3860,messianic_claim_linked,internal_only,HIGH,personal_claim_classification,personal_claim,אתגלה בעתה בשנה החדשה ב22 12 - לי אחד - 7810 - מילוי
ביאתי 1335- מילוי ללא לפי -אחת,excel_import,,False,personal_or_restricted,7180,messianic_claim_linked,internal_only,HIGH,personal_claim_classification,personal_claim,ביאתי 1335 - מילוי ללא לפי - אחת
דרגתי 11111,excel_import,,False,personal_or_restricted,617,messianic_claim_linked,internal_only,HIGH,personal_claim_classification,personal_claim,דרגתי 11111
דרגתי בעתה אחת אחת אחת אחת אחת,excel_import,,False,personal_or_restricted,3139,messianic_claim_linked,internal_only,HIGH,personal_claim_classification,personal_claim,סת
דרגתי פי 5,excel_import,,False,personal_or_restricted,707,messianic_claim_linked,internal_only,HIGH,personal_claim_classification,personal_claim,דרגתי פי 5
הזמן האחרון להתגלותי,excel_import,,True,personal_or_restricted,1256,messianic_claim_linked,internal_only,HIGH,personal_claim_classification,personal_claim,לפני
התגלותי בחדש הבא =פי 5,excel_import,,False,personal_or_restricted,5880,messianic_claim_linked,internal_only,HIGH,personal_claim_classification,personal_claim,התגלותי בחדש הבא =פי 5
התגלותי בליל העשירי בטבת,excel_import,,True,personal_or_restricted,1934,messianic_claim_linked,internal_only,HIGH,personal_claim_classification,personal_claim,מילוי
התגלותי בעתה,excel_import,,True,personal_or_restricted,1331,messianic_claim_linked,internal_only,HIGH,personal_claim_classification,personal_claim,(none)
התגלותי כמלך,excel_import,,True,personal_or_restricted,964,messianic_claim_linked,internal_only,HIGH,personal_claim_classification,personal_claim,(none)
התגלותי כמשיח בשנה הבאה עלינו לטובה,excel_import,,False,personal_or_restricted,1820,messianic_claim_linked,internal_only,HIGH,personal_claim_classification,personal_claim,781 - אות שניה
זה אני המשיח,excel_import,,True,personal_or_restricted,436,messianic_claim_linked,do_not_display,HIGH,personal_claim_classification,personal_claim,מילוי - 776 - מילוי ללא
זו שנת התגלותי כמשיחך,excel_import,,True,personal_or_restricted,2015,messianic_claim_linked,internal_only,HIGH,personal_claim_classification,personal_claim,(none)
זמן התגלותי כמשיח בעתה,excel_import,,True,personal_or_restricted,1806,messianic_claim_linked,internal_only,HIGH,personal_claim_classification,personal_claim,לפני
יהוה אני מקבל את זה שאני הוא הנבחר,excel_import,,False,personal_or_restricted,1310,messianic_claim_linked,do_not_display,HIGH,personal_claim_classification,personal_claim,(none)
יהוה גילה לי את הקץ 1335- מסתתר,excel_import,,False,personal_or_restricted,2756,messianic_claim_linked,internal_only,HIGH,personal_claim_classification,personal_claim,יהוה גילה לי את הקץ 1335 - מסתתר
יום התגלותי כמשיח,excel_import,,True,personal_or_restricted,1288,messianic_claim_linked,internal_only,HIGH,personal_claim_classification,personal_claim,רגיל פי 5
יום התגלותי כמשיח יהוה עשרה בטבת,excel_import,,False,personal_or_restricted,2302,messianic_claim_linked,internal_only,HIGH,personal_claim_classification,personal_claim,משולש - 3970 מסתתר
לא יאמינו לי שאני המשיח,excel_import,,False,personal_or_restricted,912,messianic_claim_linked,do_not_display,HIGH,personal_claim_classification,personal_claim,לפני
לא יאמינו לי שאני צמח המשיח האמיתי,excel_import,,False,personal_or_restricted,1516,messianic_claim_linked,internal_only,HIGH,personal_claim_classification,personal_claim,לפני פליאה
לי דרגת 11111 - לפי שתים,excel_import,,False,personal_or_restricted,7170,messianic_claim_linked,internal_only,HIGH,personal_claim_classification,personal_claim,לי דרגת 11111 - לפי שתים
לי דרגת 11111 - משולש -לפי אחד,excel_import,,False,personal_or_restricted,2701,messianic_claim_linked,internal_only,HIGH,personal_claim_classification,personal_claim,לי דרגת 11111 - משולש - לפי אחד
לי דרגת 11111 מאליהו הנביא - ריבוע,excel_import,,False,personal_or_restricted,3850,messianic_claim_linked,internal_only,HIGH,personal_claim_classification,personal_claim,לי דרגת 11111 מאליהו הנביא - ריבוע
לי דרגת המשיח ה11111,excel_import,,False,personal_or_restricted,7170,messianic_claim_linked,internal_only,HIGH,personal_claim_classification,personal_claim,לי דרגת המשיח ה11111
לי דרגת יחידה 11111 בעשירי בטבת - מילוי - פי 5,excel_import,,False,personal_or_restricted,51400,messianic_claim_linked,internal_only,HIGH,personal_claim_classification,personal_claim,לי דרגת יחידה 11111 בעשירי בטבת - מילוי - פי 5
לי דרגת מלך המשיח ה11111-גדול- אחת,excel_import,,False,personal_or_restricted,3630,messianic_claim_linked,internal_only,HIGH,personal_claim_classification,personal_claim,לי דרגת מלך המשיח ה11111 - גדול - אחת
לי הדרגת 11111 - לפי אחד,excel_import,,False,personal_or_restricted,717,messianic_claim_linked,internal_only,HIGH,personal_claim_classification,personal_claim,לי הדרגת 11111 - לפי אחד
מהו תאריך התגלותי כמשיח יהוה,excel_import,,False,personal_or_restricted,1940,messianic_claim_linked,internal_only,HIGH,personal_claim_classification,personal_claim,מסתתר - פי 5
מחכה להתגלותי כמשיח,excel_import,,True,personal_or_restricted,1335,messianic_claim_linked,internal_only,HIGH,personal_claim_classification,personal_claim,(none)
מחכה להתגלותי כמשיח אחרון,excel_import,,True,personal_or_restricted,1600,messianic_claim_linked,internal_only,HIGH,personal_claim_classification,personal_claim,מסתתר - 2936 - רגיל ואתבש
מתי אתגלה ב22 12 -רת-לפי אחת,excel_import,,False,personal_or_restricted,644,messianic_claim_linked,internal_only,HIGH,personal_claim_classification,personal_claim,מתי אתגלה ב22 12 - רת - לפי אחת
נשמת מלך המשיח תנוח עלי ב22 12 - אחרי -לפי אחד,excel_import,,False,personal_or_restricted,7760,messianic_claim_linked,internal_only,HIGH,personal_claim_classification,personal_claim,נשמת מלך המשיח תנוח עלי ב22 12 - אחרי - לפי אחד
נשמתי תעלה 11111- סת - לפי אחד,excel_import,,False,personal_or_restricted,2015,messianic_claim_linked,internal_only,HIGH,personal_claim_classification,personal_claim,נשמתי תעלה 11111 - סת - לפי אחד
סוד אליהו הנביא תאריך התגלותי כמשיח,excel_import,,False,personal_or_restricted,2053,messianic_claim_linked,internal_only,HIGH,personal_claim_classification,personal_claim,מילוי דה מילוי =פי 5
עת התגלותי כמשיח בימינו,excel_import,,True,personal_or_restricted,1820,messianic_claim_linked,internal_only,HIGH,personal_claim_classification,personal_claim,(none)
עת התגלותי שנה הבאה 2626 מילוי,excel_import,,False,personal_or_restricted,1692,messianic_claim_linked,internal_only,HIGH,personal_claim_classification,personal_claim,עת התגלותי שנה הבאה 2626 מילוי
שמע ישראל אני המשיח האמיתי האחרון,excel_import,,False,personal_or_restricted,2111,messianic_claim_linked,do_not_display,HIGH,personal_claim_classification,personal_claim,לפני =פי 5
שנת התגלותי 781- 266 מילוי האות,excel_import,,False,personal_or_restricted,266,messianic_claim_linked,internal_only,HIGH,personal_claim_classification,personal_claim,שנת התגלותי 781 - 266 מילוי האות
