id,phrase,ragil,is_verified,source,corpus_role,display_access,claim_subtype,confidence,rule_or_reason
3979744a-8b33-41f0-9216-143d3c4c5c2b,"״פני הדור כפני הכלב בימינו""",690,False,excel_import,thematic_corpus,premium_candidate,research_phrase,medium,"Full-sentence messianic/redemption-themed research phrase (classical trope: Messiah/Davidic line/Temple/redemption timing); presented as an unverified researcher hypothesis, not a documented fact, so kept at research tier rather than public-default."
263ae285-4834-4a8f-a25b-22c6d4a0030d,∆ גימטריה,277,False,excel_import,thematic_corpus,premium_candidate,research_phrase,medium,"Full-sentence messianic/redemption-themed research phrase (classical trope: Messiah/Davidic line/Temple/redemption timing); presented as an unverified researcher hypothesis, not a documented fact, so kept at research tier rather than public-default."
63275789-3ed8-446a-8b72-3124c7d5cbd1,∆ יבא שילה,358,False,excel_import,thematic_corpus,premium_candidate,research_phrase,medium,"Full-sentence messianic/redemption-themed research phrase (classical trope: Messiah/Davidic line/Temple/redemption timing); presented as an unverified researcher hypothesis, not a documented fact, so kept at research tier rather than public-default."
875aef95-4fc1-41c1-b06a-6834488e4c1c,אאא העא אגו יהו יעב מוב,240,False,excel_import,unknown,human_review,source_claim,low,"Cryptic letter-sequence ('אאא העא אגו יהו יעב מוב') with no notes; cannot determine whether this is an acronym, cipher output, or transcription error."
57938c46-c333-4986-8b25-9bfcef260999,אברהם אבינו ר ועוד ∆ ישרפוך,1551,False,excel_import,thematic_corpus,premium_candidate,research_phrase,medium,"Full-sentence messianic/redemption-themed research phrase (classical trope: Messiah/Davidic line/Temple/redemption timing); presented as an unverified researcher hypothesis, not a documented fact, so kept at research tier rather than public-default."
ad21bac6-17fd-4538-978d-cdbea70f5da5,אברהם שרה יצחק רבקה יעקב לאה רחל,1724,False,excel_import,thematic_corpus,premium_candidate,research_phrase,medium,"Full-sentence messianic/redemption-themed research phrase (classical trope: Messiah/Davidic line/Temple/redemption timing); presented as an unverified researcher hypothesis, not a documented fact, so kept at research tier rather than public-default."
f2cb0e0c-b92f-409e-9a9d-e791c3c490b6,אומות העולם יחרימו את ישראל,1820,False,excel_import,thematic_corpus,premium_candidate,research_phrase,medium,"Full-sentence messianic/redemption-themed research phrase (classical trope: Messiah/Davidic line/Temple/redemption timing); presented as an unverified researcher hypothesis, not a documented fact, so kept at research tier rather than public-default."
498db543-2a23-410d-b08d-4bbd7ff9e532,אור אין סוף / נחשון,414,False,excel_import,thematic_corpus,premium_candidate,research_phrase,medium,"Full-sentence messianic/redemption-themed research phrase (classical trope: Messiah/Davidic line/Temple/redemption timing); presented as an unverified researcher hypothesis, not a documented fact, so kept at research tier rather than public-default."
d4a0519b-69bf-448e-b114-4fed16774bc7,אור גנוז יבקע מהר הזיתים,1172,False,excel_import,thematic_corpus,premium_candidate,research_phrase,medium,"Full-sentence messianic/redemption-themed research phrase (classical trope: Messiah/Davidic line/Temple/redemption timing); presented as an unverified researcher hypothesis, not a documented fact, so kept at research tier rather than public-default."
3806ad11-4832-47da-815d-00308f904477,אחד אחד אחד אחד אפס סופי תיבות,1167,False,excel_import,thematic_corpus,premium_candidate,research_phrase,medium,"Full-sentence messianic/redemption-themed research phrase (classical trope: Messiah/Davidic line/Temple/redemption timing); presented as an unverified researcher hypothesis, not a documented fact, so kept at research tier rather than public-default."
14ad885c-48df-4207-93c4-6abe5fc86e87,אחת אחת אפס אפס ר ישרפוך,1916,False,excel_import,thematic_corpus,premium_candidate,research_phrase,medium,"Full-sentence messianic/redemption-themed research phrase (classical trope: Messiah/Davidic line/Temple/redemption timing); presented as an unverified researcher hypothesis, not a documented fact, so kept at research tier rather than public-default."
07f3f6ab-dc74-45dd-9de5-443e992c6cb3,אימתי (רגיל ו ∆ ),710,False,excel_import,thematic_corpus,premium_candidate,research_phrase,medium,"Full-sentence messianic/redemption-themed research phrase (classical trope: Messiah/Davidic line/Temple/redemption timing); presented as an unverified researcher hypothesis, not a documented fact, so kept at research tier rather than public-default."
f8fd2226-4eb3-41b4-97b0-763698c5223e,"אין סוף, אין קץ, אין תכלית, אין מספר",1820,False,excel_import,thematic_corpus,premium_candidate,research_phrase,medium,"Full-sentence messianic/redemption-themed research phrase (classical trope: Messiah/Davidic line/Temple/redemption timing); presented as an unverified researcher hypothesis, not a documented fact, so kept at research tier rather than public-default."
4ebc8ce3-7665-47d1-afd8-2d8efab33109,אין עוד מלבדו אפס זולתו,813,False,excel_import,thematic_corpus,public_expanded,biblical_text,high,"Recognizable biblical/liturgical quotation, not a personal or third-party claim. Deuteronomy 4:35 / Aleinu 'אין עוד מלבדו' — biblical/liturgical quotation."
23036604-a1a6-47ee-a327-5e11f7c7bba7,אכרית את זרעו מילוי ללא,1472,False,excel_import,thematic_corpus,premium_candidate,research_phrase,medium,"Full-sentence messianic/redemption-themed research phrase (classical trope: Messiah/Davidic line/Temple/redemption timing); presented as an unverified researcher hypothesis, not a documented fact, so kept at research tier rather than public-default."
bcb8d6b0-3b03-4aae-919f-fc382dd72e33,אלדולה אלאסלאמיה פי אלעראק ואלשאם,1124,False,excel_import,thematic_corpus,internal_only,research_phrase,medium,"Names a terror organization (ISIS, in Arabic) for gematria calculation — standard practice of computing the value of an adversary's name (cf. Haman/Amalek), not an accusation against an individual; kept out of public tiers as a precaution given the subject matter."
ab459b50-0e41-4354-bb7d-44ab5cba2be5,אלהי אברהם אלהי יצחק אלהי יעקב,776,False,excel_import,thematic_corpus,public_expanded,biblical_text,high,"Recognizable biblical/liturgical quotation, not a personal or third-party claim. Amidah prayer opening ('God of Abraham, Isaac, Jacob') — liturgical quotation."
1a921dc3-064b-4a80-a894-b7363e900884,אליהו אליעד מרדכי נעים,611,False,excel_import,thematic_corpus,public_expanded,research_vocabulary,medium,"Bare personal name, no claim attached; likely a contemporary teacher/lecturer's name used for gematria only."
5f75184d-68eb-46ff-a243-be386463bc5d,אליהו הנביא עשרה בטבת (מילוי),3580,False,excel_import,thematic_corpus,premium_candidate,research_phrase,medium,"Full-sentence messianic/redemption-themed research phrase (classical trope: Messiah/Davidic line/Temple/redemption timing); presented as an unverified researcher hypothesis, not a documented fact, so kept at research tier rather than public-default."
9b297574-310e-4658-8327-5ba8ea62e1f3,"אליהו התשבי יתגלה את ב""ש",1920,False,excel_import,thematic_corpus,premium_candidate,research_phrase,medium,"Full-sentence messianic/redemption-themed research phrase (classical trope: Messiah/Davidic line/Temple/redemption timing); presented as an unverified researcher hypothesis, not a documented fact, so kept at research tier rather than public-default."
5cd562d1-d252-4985-99e7-5b59a265824e,אלפיים ושבע עשרה - מקדש,1568,False,excel_import,thematic_corpus,premium_candidate,research_phrase,medium,"Full-sentence messianic/redemption-themed research phrase (classical trope: Messiah/Davidic line/Temple/redemption timing); presented as an unverified researcher hypothesis, not a documented fact, so kept at research tier rather than public-default."
c3e281af-0d7c-4abb-8319-6bd2423f5f90,אמחה את זכר עמלק לעולם אות שלישית,2555,False,excel_import,thematic_corpus,public_expanded,biblical_text,high,"Recognizable biblical/liturgical quotation, not a personal or third-party claim. Paraphrase of Exodus 17:14 'מחה אמחה את זכר עמלק' — God's own words, reused verbatim as a common thematic formula across this corpus, not the researcher's personal claim."
1c031dfd-c21c-4d98-90c2-6f6d1b64b295,אש בהרי ירושלים אליהו הנביא,1234,False,excel_import,thematic_corpus,premium_candidate,research_phrase,medium,"Full-sentence messianic/redemption-themed research phrase (classical trope: Messiah/Davidic line/Temple/redemption timing); presented as an unverified researcher hypothesis, not a documented fact, so kept at research tier rather than public-default."
1f61eac6-a070-4968-a6e2-bd22141bdf3a,אשרי המאמין בגאולת בני ישראל ב,1704,False,excel_import,thematic_corpus,premium_candidate,research_phrase,medium,"Full-sentence messianic/redemption-themed research phrase (classical trope: Messiah/Davidic line/Temple/redemption timing); presented as an unverified researcher hypothesis, not a documented fact, so kept at research tier rather than public-default."
bd0e118f-d91f-42fa-8eb7-bd9eee95a56a,ב בן ד דו דוי דויד,112,False,excel_import,numeric_word_construct,public_expanded,research_phrase,high,"Notarikon / progressive-letter-buildup technique (e.g. צ-צמ-צמח...) — a standard gematria construction method, not an interpretive claim."
81744676-1ab0-4a04-9dcc-f03e172ebd15,בא סוד יהוה ∆,99,False,excel_import,thematic_corpus,premium_candidate,research_phrase,medium,"Full-sentence messianic/redemption-themed research phrase (classical trope: Messiah/Davidic line/Temple/redemption timing); presented as an unverified researcher hypothesis, not a documented fact, so kept at research tier rather than public-default."
8e581eb0-69be-45e5-9a81-63a009b697ed,ביאת אליהו באלפים חמש עשרה,1551,False,excel_import,thematic_corpus,premium_candidate,research_phrase,medium,"Full-sentence messianic/redemption-themed research phrase (classical trope: Messiah/Davidic line/Temple/redemption timing); presented as an unverified researcher hypothesis, not a documented fact, so kept at research tier rather than public-default."
6ced949f-f521-4923-bff7-fb1bc79e5ac9,ביום ההוא יוחרבו ערים בעולם,775,False,excel_import,thematic_corpus,premium_candidate,research_phrase,medium,"Full-sentence messianic/redemption-themed research phrase (classical trope: Messiah/Davidic line/Temple/redemption timing); presented as an unverified researcher hypothesis, not a documented fact, so kept at research tier rather than public-default."
1b479ebb-06cb-41f5-ae24-7628912aa5fd,בין הזמנים בחדש אב יבוטל,588,False,excel_import,thematic_corpus,premium_candidate,research_phrase,medium,"Full-sentence messianic/redemption-themed research phrase (classical trope: Messiah/Davidic line/Temple/redemption timing); presented as an unverified researcher hypothesis, not a documented fact, so kept at research tier rather than public-default."
0f50ff58-d06f-45cc-9e45-4c3642e7b477,בית המקדש השלישי לדר אחרון,2015,False,excel_import,thematic_corpus,premium_candidate,research_phrase,medium,"Full-sentence messianic/redemption-themed research phrase (classical trope: Messiah/Davidic line/Temple/redemption timing); presented as an unverified researcher hypothesis, not a documented fact, so kept at research tier rather than public-default."
dcd9aa7b-7e9d-4811-ad2f-300109188fdf,בית המקדש השלישי נבנה בשמים,2015,False,excel_import,thematic_corpus,premium_candidate,research_phrase,medium,"Full-sentence messianic/redemption-themed research phrase (classical trope: Messiah/Davidic line/Temple/redemption timing); presented as an unverified researcher hypothesis, not a documented fact, so kept at research tier rather than public-default."
49b21f36-15ea-418c-a89c-8d48f7c49753,בית מקדש שכינה ר יפ,1531,False,excel_import,thematic_corpus,premium_candidate,research_phrase,medium,"Full-sentence messianic/redemption-themed research phrase (classical trope: Messiah/Davidic line/Temple/redemption timing); presented as an unverified researcher hypothesis, not a documented fact, so kept at research tier rather than public-default."
6e1d8bc8-4b61-4959-8143-06364d48989c,בן דוד יבוא בחמש שבע שבע שש ∆,6634,False,excel_import,thematic_corpus,premium_candidate,research_phrase,medium,"Full-sentence messianic/redemption-themed research phrase (classical trope: Messiah/Davidic line/Temple/redemption timing); presented as an unverified researcher hypothesis, not a documented fact, so kept at research tier rather than public-default."
fe25fb0f-c55b-4c1c-a832-cd99d49a20ca,בן דויד חמש שבע שבע שש ∆,6606,False,excel_import,thematic_corpus,premium_candidate,research_phrase,medium,"Full-sentence messianic/redemption-themed research phrase (classical trope: Messiah/Davidic line/Temple/redemption timing); presented as an unverified researcher hypothesis, not a documented fact, so kept at research tier rather than public-default."
e2d21341-4b38-48d6-abbf-f0e8d7c1dbc1,בניסן חמשת אלפים שבע מאות שבעים ושש,2928,False,excel_import,thematic_corpus,premium_candidate,research_phrase,medium,"Full-sentence messianic/redemption-themed research phrase (classical trope: Messiah/Davidic line/Temple/redemption timing); presented as an unverified researcher hypothesis, not a documented fact, so kept at research tier rather than public-default."
41940043-5920-49b3-bf0d-d1b4de8c7cf2,בסלין לאה תהיה המלכה ∆,2666,False,excel_import,thematic_corpus,premium_candidate,research_phrase,medium,"Full-sentence messianic/redemption-themed research phrase (classical trope: Messiah/Davidic line/Temple/redemption timing); presented as an unverified researcher hypothesis, not a documented fact, so kept at research tier rather than public-default."
65969756-78f1-4c34-8d35-04fa82e4d06f,בראשית (ב ∆ ישר והפוך),913,False,excel_import,thematic_corpus,premium_candidate,research_phrase,medium,"Full-sentence messianic/redemption-themed research phrase (classical trope: Messiah/Davidic line/Temple/redemption timing); presented as an unverified researcher hypothesis, not a documented fact, so kept at research tier rather than public-default."
26807860-1105-467d-a515-ef4fac76608d,בראשית (ב ∆ ישר והפוך),7887,False,excel_import,thematic_corpus,premium_candidate,research_phrase,medium,"Full-sentence messianic/redemption-themed research phrase (classical trope: Messiah/Davidic line/Temple/redemption timing); presented as an unverified researcher hypothesis, not a documented fact, so kept at research tier rather than public-default."
42ffeb12-a067-437d-ad64-4a45a07fcf89,בראשית דוד בן ישי בית הלחמי לפני,1974,False,excel_import,thematic_corpus,premium_candidate,research_phrase,medium,"Full-sentence messianic/redemption-themed research phrase (classical trope: Messiah/Davidic line/Temple/redemption timing); presented as an unverified researcher hypothesis, not a documented fact, so kept at research tier rather than public-default."
25bc6a2e-929d-4043-a44d-df95e42afc04,ברוך שם כבוד מלכותו לעולם ועד,1358,False,excel_import,thematic_corpus,public_expanded,biblical_text,high,"Recognizable biblical/liturgical quotation, not a personal or third-party claim. 'ברוך שם כבוד מלכותו לעולם ועד' — classic liturgical response line."
72f5c343-8871-46b0-8336-9b002427ce28,בשורת הגאלה לישראל מילוי ללא,1680,False,excel_import,thematic_corpus,premium_candidate,research_phrase,medium,"Full-sentence messianic/redemption-themed research phrase (classical trope: Messiah/Davidic line/Temple/redemption timing); presented as an unverified researcher hypothesis, not a documented fact, so kept at research tier rather than public-default."
b03fed7d-134b-4ef9-8f3c-7137b6ed7968,בשנת חמשת אלפים שבע מאות שבעים ושש,3508,False,excel_import,thematic_corpus,premium_candidate,research_phrase,medium,"Full-sentence messianic/redemption-themed research phrase (classical trope: Messiah/Davidic line/Temple/redemption timing); presented as an unverified researcher hypothesis, not a documented fact, so kept at research tier rather than public-default."
9822e7ac-0a30-4750-b0d1-858b17974a77,גאולת ישראל ברחמים כל אות שניה,2103,False,excel_import,thematic_corpus,premium_candidate,research_phrase,medium,"Full-sentence messianic/redemption-themed research phrase (classical trope: Messiah/Davidic line/Temple/redemption timing); presented as an unverified researcher hypothesis, not a documented fact, so kept at research tier rather than public-default."
48d97b26-6281-4b34-a5ac-1fc6bb0a4f99,גאלת ישראל בעתה שנה הבאה,1820,False,excel_import,thematic_corpus,premium_candidate,research_phrase,medium,"Full-sentence messianic/redemption-themed research phrase (classical trope: Messiah/Davidic line/Temple/redemption timing); presented as an unverified researcher hypothesis, not a documented fact, so kept at research tier rather than public-default."
9000528c-4477-4283-9b86-41caa0ae69a0,גויים יבאו על ירושלים ב,786,False,excel_import,thematic_corpus,premium_candidate,research_phrase,medium,"Full-sentence messianic/redemption-themed research phrase (classical trope: Messiah/Davidic line/Temple/redemption timing); presented as an unverified researcher hypothesis, not a documented fact, so kept at research tier rather than public-default."
9ad63acb-0fcf-4ef4-924f-3647a8c6a086,גילוי השכינה (משולש),1692,False,excel_import,thematic_corpus,premium_candidate,research_phrase,medium,"Full-sentence messianic/redemption-themed research phrase (classical trope: Messiah/Davidic line/Temple/redemption timing); presented as an unverified researcher hypothesis, not a documented fact, so kept at research tier rather than public-default."
e6fda7a2-e8d0-4f05-8cd9-bc5046c0f76c,גילי מאד בת ציון הריעי בת ירושלם,1939,False,excel_import,thematic_corpus,premium_candidate,research_phrase,medium,"Full-sentence messianic/redemption-themed research phrase (classical trope: Messiah/Davidic line/Temple/redemption timing); presented as an unverified researcher hypothesis, not a documented fact, so kept at research tier rather than public-default."
6c719444-2051-492a-837d-b9986f166b33,גל עיני ואביטה נפלאות מתורתך,1839,False,excel_import,thematic_corpus,public_expanded,biblical_text,high,"Recognizable biblical/liturgical quotation, not a personal or third-party claim. Psalm 119:18 'גל עיני ואביטה נפלאות מתורתך' — direct biblical quotation."
ad6714dc-afb1-4b3b-b302-5c31386f7db4,גלוי אליה ∆,95,False,excel_import,thematic_corpus,premium_candidate,research_phrase,medium,"Full-sentence messianic/redemption-themed research phrase (classical trope: Messiah/Davidic line/Temple/redemption timing); presented as an unverified researcher hypothesis, not a documented fact, so kept at research tier rather than public-default."
24db3335-6957-463d-9a90-460720c32d30,דברי חזל דברי אלהים משולש,1239,False,excel_import,thematic_corpus,premium_candidate,research_phrase,medium,"Full-sentence messianic/redemption-themed research phrase (classical trope: Messiah/Davidic line/Temple/redemption timing); presented as an unverified researcher hypothesis, not a documented fact, so kept at research tier rather than public-default."
d459b228-0d02-42be-ae80-6e81b432af62,דויד בן ישי בשבע שבע שש לפני,1912,False,excel_import,thematic_corpus,premium_candidate,research_phrase,medium,"Full-sentence messianic/redemption-themed research phrase (classical trope: Messiah/Davidic line/Temple/redemption timing); presented as an unverified researcher hypothesis, not a documented fact, so kept at research tier rather than public-default."
bdaa5e1d-c28f-4718-b386-2d32bfeb5681,דויד בן ישי ואליהו הנביא יבאו,541,False,excel_import,thematic_corpus,premium_candidate,research_phrase,medium,"Full-sentence messianic/redemption-themed research phrase (classical trope: Messiah/Davidic line/Temple/redemption timing); presented as an unverified researcher hypothesis, not a documented fact, so kept at research tier rather than public-default."
e3d62897-6db2-4669-bb5e-93bcdf7f38d2,דויד בן ישי עבדך אות שניה,1264,False,excel_import,thematic_corpus,premium_candidate,research_phrase,medium,"Full-sentence messianic/redemption-themed research phrase (classical trope: Messiah/Davidic line/Temple/redemption timing); presented as an unverified researcher hypothesis, not a documented fact, so kept at research tier rather than public-default."
2a3a3c6e-b870-4b46-9b33-bbbce4d427d6,דויד בן ישי עבדך אליהו הנביא בית מקדש ∆,5775,False,excel_import,thematic_corpus,premium_candidate,research_phrase,medium,"Full-sentence messianic/redemption-themed research phrase (classical trope: Messiah/Davidic line/Temple/redemption timing); presented as an unverified researcher hypothesis, not a documented fact, so kept at research tier rather than public-default."
1d5b44b7-661e-4d11-a347-a292dd635740,דויד בן ישי עבדך אליהו הנביא בית מקדש ∆,5776,False,excel_import,thematic_corpus,premium_candidate,research_phrase,medium,"Full-sentence messianic/redemption-themed research phrase (classical trope: Messiah/Davidic line/Temple/redemption timing); presented as an unverified researcher hypothesis, not a documented fact, so kept at research tier rather than public-default."
c207eb45-b3c8-4f6d-a456-e86ce3400798,דויד בן ישי עבדך סופי תיבות,1466,False,excel_import,thematic_corpus,premium_candidate,research_phrase,medium,"Full-sentence messianic/redemption-themed research phrase (classical trope: Messiah/Davidic line/Temple/redemption timing); presented as an unverified researcher hypothesis, not a documented fact, so kept at research tier rather than public-default."
35b31136-af76-47bf-bb19-a3fe39f72ba1,דויד בן ישי צדיק נסתר - אטבח,1330,False,excel_import,thematic_corpus,premium_candidate,research_phrase,medium,"Full-sentence messianic/redemption-themed research phrase (classical trope: Messiah/Davidic line/Temple/redemption timing); presented as an unverified researcher hypothesis, not a documented fact, so kept at research tier rather than public-default."
458f9d25-e9f2-47b0-b332-fef58c9aaa8e,דויד המלך יבנה בית המקדש השלשי,1692,False,excel_import,thematic_corpus,premium_candidate,research_phrase,medium,"Full-sentence messianic/redemption-themed research phrase (classical trope: Messiah/Davidic line/Temple/redemption timing); presented as an unverified researcher hypothesis, not a documented fact, so kept at research tier rather than public-default."
75b80e91-15cf-4be9-a447-01ce959db5f2,דעת פירוד - את בש,1477,False,excel_import,thematic_corpus,premium_candidate,research_phrase,medium,"Full-sentence messianic/redemption-themed research phrase (classical trope: Messiah/Davidic line/Temple/redemption timing); presented as an unverified researcher hypothesis, not a documented fact, so kept at research tier rather than public-default."
1cf0a6bd-8607-436a-b89b-b2e7bb9300c4,דרגת הנבואה גילויי אליהו דעת עליון,1437,False,excel_import,thematic_corpus,premium_candidate,research_phrase,medium,"Full-sentence messianic/redemption-themed research phrase (classical trope: Messiah/Davidic line/Temple/redemption timing); presented as an unverified researcher hypothesis, not a documented fact, so kept at research tier rather than public-default."
a7f92b5e-48bf-453c-8a40-e66e5e310c41,האדמה תרעד בציון ( ∆ ),3580,False,excel_import,thematic_corpus,premium_candidate,research_phrase,medium,"Full-sentence messianic/redemption-themed research phrase (classical trope: Messiah/Davidic line/Temple/redemption timing); presented as an unverified researcher hypothesis, not a documented fact, so kept at research tier rather than public-default."
06a1a3e9-da0c-49c6-960e-0750e7bef05b,האדמה תרעד בציון ∆,3580,False,excel_import,thematic_corpus,premium_candidate,research_phrase,medium,"Full-sentence messianic/redemption-themed research phrase (classical trope: Messiah/Davidic line/Temple/redemption timing); presented as an unverified researcher hypothesis, not a documented fact, so kept at research tier rather than public-default."
9b4f8231-b393-4e1e-be7a-766969312519,האות יוד של דוד לבנימן נתניהו,1479,False,excel_import,thematic_corpus,premium_candidate,research_phrase,medium,"Odd numerological letter-association about a real sitting politician; not defamatory, just an unverified association."
b0219461-8da5-4766-84fe-ca89fcceb0e0,האחרון ירד משמים ∆,3508,False,excel_import,thematic_corpus,premium_candidate,research_phrase,medium,"Full-sentence messianic/redemption-themed research phrase (classical trope: Messiah/Davidic line/Temple/redemption timing); presented as an unverified researcher hypothesis, not a documented fact, so kept at research tier rather than public-default."
83027255-ffe0-4aad-987e-7dc79219f837,האספו ואגידה לכם משולש גדול,990,False,excel_import,thematic_corpus,premium_candidate,research_phrase,medium,"Full-sentence messianic/redemption-themed research phrase (classical trope: Messiah/Davidic line/Temple/redemption timing); presented as an unverified researcher hypothesis, not a documented fact, so kept at research tier rather than public-default."
bcb1154d-e264-49e4-94be-62e108de24ef,הגאלה האמיתית עד עת קץ,1644,False,excel_import,thematic_corpus,premium_candidate,research_phrase,medium,"Full-sentence messianic/redemption-themed research phrase (classical trope: Messiah/Davidic line/Temple/redemption timing); presented as an unverified researcher hypothesis, not a documented fact, so kept at research tier rather than public-default."
047e6d76-c4b8-46cf-9ef9-81a127043966,הוא בא קליפורניה ארצות הברית,1820,False,excel_import,personal_or_restricted,internal_only,source_claim,medium,"Third-person claim asserting a specific real-world origin/location for an unnamed 'he' (presumed Messiah figure); a claim, not a documented fact, and no named individual to route to human_review."
b62a2fbc-6a4e-47ca-9ba0-32162769f3b7,הוא הנבחר למלך ישראל אות שניה,1710,False,excel_import,thematic_corpus,premium_candidate,research_phrase,medium,"Full-sentence messianic/redemption-themed research phrase (classical trope: Messiah/Davidic line/Temple/redemption timing); presented as an unverified researcher hypothesis, not a documented fact, so kept at research tier rather than public-default."
14d7b8d8-a131-47e1-96c4-e12edd55da21,הוא יבנה המקדש בזמן הזה,644,False,excel_import,thematic_corpus,premium_candidate,research_phrase,medium,"Full-sentence messianic/redemption-themed research phrase (classical trope: Messiah/Davidic line/Temple/redemption timing); presented as an unverified researcher hypothesis, not a documented fact, so kept at research tier rather than public-default."
894cc83d-ac05-4bd2-a2a1-8a6593cf35d0,הוא מסאן דייגו ∆,780,False,excel_import,personal_or_restricted,internal_only,source_claim,medium,"Third-person claim asserting a specific real-world origin/location for an unnamed 'he' (presumed Messiah figure); a claim, not a documented fact, and no named individual to route to human_review."
f4a43d95-a26e-400f-b29e-f58e2659de3e,הוא מסתתר - (מסתתר),566,False,excel_import,thematic_corpus,premium_candidate,research_phrase,medium,"Full-sentence messianic/redemption-themed research phrase (classical trope: Messiah/Davidic line/Temple/redemption timing); presented as an unverified researcher hypothesis, not a documented fact, so kept at research tier rather than public-default."
dead15c7-f37e-4980-9f8a-7a2fae7a534b,הוא עבדו ∆,94,False,excel_import,thematic_corpus,premium_candidate,research_phrase,medium,"Full-sentence messianic/redemption-themed research phrase (classical trope: Messiah/Davidic line/Temple/redemption timing); presented as an unverified researcher hypothesis, not a documented fact, so kept at research tier rather than public-default."
b6283399-9a07-4b4e-881b-2ca260e30c02,הוא צמח דויד בן ישי ∆,2212,False,excel_import,thematic_corpus,premium_candidate,research_phrase,medium,"Full-sentence messianic/redemption-themed research phrase (classical trope: Messiah/Davidic line/Temple/redemption timing); presented as an unverified researcher hypothesis, not a documented fact, so kept at research tier rather than public-default."
8f7427ce-67a7-4360-809b-45ef1d4e1fbf,הויה מתגלה לעיניי כל אוהביו ב י,776,False,excel_import,thematic_corpus,premium_candidate,research_phrase,medium,"Full-sentence messianic/redemption-themed research phrase (classical trope: Messiah/Davidic line/Temple/redemption timing); presented as an unverified researcher hypothesis, not a documented fact, so kept at research tier rather than public-default."
08b9cc9d-a7dd-4b14-a5ea-0a9454ce0149,היום האחרון לגאולתכם באחישנה ט בטבת,1659,False,excel_import,thematic_corpus,premium_candidate,research_phrase,medium,"Full-sentence messianic/redemption-themed research phrase (classical trope: Messiah/Davidic line/Temple/redemption timing); presented as an unverified researcher hypothesis, not a documented fact, so kept at research tier rather than public-default."
fbf1d258-9abc-4973-8b1b-08462885d078,המלחמה תיפתח מדעאש סריה ריבוע,2004,False,excel_import,thematic_corpus,premium_candidate,research_phrase,medium,"Full-sentence messianic/redemption-themed research phrase (classical trope: Messiah/Davidic line/Temple/redemption timing); presented as an unverified researcher hypothesis, not a documented fact, so kept at research tier rather than public-default."
9273e0f7-12a5-45a0-862c-ed55911c3bd9,המלחמה תיפתח מצפון מילוי ללא,1449,False,excel_import,thematic_corpus,premium_candidate,research_phrase,medium,"Full-sentence messianic/redemption-themed research phrase (classical trope: Messiah/Davidic line/Temple/redemption timing); presented as an unverified researcher hypothesis, not a documented fact, so kept at research tier rather than public-default."
4bf45bbc-91f3-478f-94df-d7de70faeacc,המלחמה תפרוץ בחודש הבא רת,1832,False,excel_import,thematic_corpus,premium_candidate,research_phrase,medium,"Full-sentence messianic/redemption-themed research phrase (classical trope: Messiah/Davidic line/Temple/redemption timing); presented as an unverified researcher hypothesis, not a documented fact, so kept at research tier rather than public-default."
d3a2b46d-7575-4f3d-b994-e05c4627e98a,המקדש ירד מן השמים במחזה פלאי,1331,False,excel_import,thematic_corpus,premium_candidate,research_phrase,medium,"Full-sentence messianic/redemption-themed research phrase (classical trope: Messiah/Davidic line/Temple/redemption timing); presented as an unverified researcher hypothesis, not a documented fact, so kept at research tier rather than public-default."
6953bbe1-c932-40e9-8e58-7232fb43fc7b,הנשמה בת ששת אלפים השנים,2368,False,excel_import,thematic_corpus,premium_candidate,research_phrase,medium,"Full-sentence messianic/redemption-themed research phrase (classical trope: Messiah/Davidic line/Temple/redemption timing); presented as an unverified researcher hypothesis, not a documented fact, so kept at research tier rather than public-default."
2e129eb4-e10d-4f15-a68b-921cecd99b7d,הנשמה היא חלק אלוה ממעל,776,False,excel_import,thematic_corpus,premium_candidate,research_phrase,medium,"Full-sentence messianic/redemption-themed research phrase (classical trope: Messiah/Davidic line/Temple/redemption timing); presented as an unverified researcher hypothesis, not a documented fact, so kept at research tier rather than public-default."
a9f136b8-0d42-4f1d-8629-b111599e5c2e,העולם יכיר מלך מלכי המלכים,726,False,excel_import,thematic_corpus,premium_candidate,research_phrase,medium,"Full-sentence messianic/redemption-themed research phrase (classical trope: Messiah/Davidic line/Temple/redemption timing); presented as an unverified researcher hypothesis, not a documented fact, so kept at research tier rather than public-default."
52ea453c-834c-4d82-bebb-b6085e375145,העם לא יכרת (זכריה י),776,False,excel_import,thematic_corpus,public_expanded,biblical_text,high,"Recognizable biblical/liturgical quotation, not a personal or third-party claim. Explicitly self-cited '(זכריה י)' — Zechariah 10, direct biblical quotation."
2f461242-9b37-4815-83bb-73abba7e975a,הצעקה בעתה מלוי ללא מילה,979,False,excel_import,thematic_corpus,premium_candidate,research_phrase,medium,"Full-sentence messianic/redemption-themed research phrase (classical trope: Messiah/Davidic line/Temple/redemption timing); presented as an unverified researcher hypothesis, not a documented fact, so kept at research tier rather than public-default."
6476526a-bd02-4076-b5fa-beced8661a6f,הקדוש ברוך הוא בחר בו לבנות את מקדשו,2212,False,excel_import,thematic_corpus,premium_candidate,research_phrase,medium,"Full-sentence messianic/redemption-themed research phrase (classical trope: Messiah/Davidic line/Temple/redemption timing); presented as an unverified researcher hypothesis, not a documented fact, so kept at research tier rather than public-default."
25451b56-42fa-48ae-9ff1-17ef5b8b3091,הקדוש ברוך הוא יהיה מלך ב,777,False,excel_import,thematic_corpus,premium_candidate,research_phrase,medium,"Full-sentence messianic/redemption-themed research phrase (classical trope: Messiah/Davidic line/Temple/redemption timing); presented as an unverified researcher hypothesis, not a documented fact, so kept at research tier rather than public-default."
1ac39361-9490-4e63-abd0-93794a0cebce,הקץ חמשת אלפים שבע מאות שבעים ושש,2951,False,excel_import,thematic_corpus,premium_candidate,research_phrase,medium,"Full-sentence messianic/redemption-themed research phrase (classical trope: Messiah/Davidic line/Temple/redemption timing); presented as an unverified researcher hypothesis, not a documented fact, so kept at research tier rather than public-default."
bc794b79-4a34-4241-8ccf-52f3218b27f1,הרב פנחס זלמן הורוביץ ∆,3582,False,excel_import,thematic_corpus,public_expanded,research_vocabulary,high,"Bare rabbi's name (real, historical) with no claim attached — standard gematria-of-a-name entry."
62b676a5-017d-4a2b-beea-5c879978fe7e,השכינה ציון ∆,546,False,excel_import,thematic_corpus,premium_candidate,research_phrase,medium,"Full-sentence messianic/redemption-themed research phrase (classical trope: Messiah/Davidic line/Temple/redemption timing); presented as an unverified researcher hypothesis, not a documented fact, so kept at research tier rather than public-default."
9bf53201-6369-4ee5-a260-66362ef1088d,השנה אלפיים חמש עשרה - ריבוע,1742,False,excel_import,thematic_corpus,premium_candidate,research_phrase,medium,"Full-sentence messianic/redemption-themed research phrase (classical trope: Messiah/Davidic line/Temple/redemption timing); presented as an unverified researcher hypothesis, not a documented fact, so kept at research tier rather than public-default."
10821d68-e71c-4eb5-89dc-d8c87b10f058,השנה המסוגלת לגאולת יה וה תהיה,1820,False,excel_import,thematic_corpus,premium_candidate,research_phrase,medium,"Full-sentence messianic/redemption-themed research phrase (classical trope: Messiah/Davidic line/Temple/redemption timing); presented as an unverified researcher hypothesis, not a documented fact, so kept at research tier rather than public-default."
ad6fd250-a3ce-47c2-b836-18e0f2649471,התגלות אליהו הנביא לצמח דוד בגוף,1237,False,excel_import,thematic_corpus,premium_candidate,research_phrase,medium,"Full-sentence messianic/redemption-themed research phrase (classical trope: Messiah/Davidic line/Temple/redemption timing); presented as an unverified researcher hypothesis, not a documented fact, so kept at research tier rather than public-default."
f1b9930d-5919-407c-897a-5e740f9701f5,התגלות צמח דוד בן ישי בכי לה המלוכה,1541,False,excel_import,thematic_corpus,premium_candidate,research_phrase,medium,"Full-sentence messianic/redemption-themed research phrase (classical trope: Messiah/Davidic line/Temple/redemption timing); presented as an unverified researcher hypothesis, not a documented fact, so kept at research tier rather than public-default."
2e12f466-26ec-4613-a7f1-7e1530d42f56,ו וע ועש ועשת ועשתה,2015,False,excel_import,numeric_word_construct,public_expanded,research_phrase,high,"Notarikon / progressive-letter-buildup technique (e.g. צ-צמ-צמח...) — a standard gematria construction method, not an interpretive claim."
f3d3dfb3-c34d-44fc-97f5-16c427ef1edf,ואלה תפילותיו של שלמה יהודה בן דליה,1820,False,excel_import,personal_or_restricted,internal_only,personal_note,medium,"Names a private (non-public-figure) individual in a personal/affectionate note; kept out of public display as a privacy precaution, not because of any defamatory content."
3fcb6365-15c1-4dee-929d-d6a856fb1f53,ודוד עבדי נשיא להם ( ∆ ),2066,False,excel_import,thematic_corpus,premium_candidate,research_phrase,medium,"Full-sentence messianic/redemption-themed research phrase (classical trope: Messiah/Davidic line/Temple/redemption timing); presented as an unverified researcher hypothesis, not a documented fact, so kept at research tier rather than public-default."
0ddad687-4a8e-4403-a360-e30d9f0ceef1,ודוד עבדי נשיא להם לעולם,718,False,excel_import,thematic_corpus,premium_candidate,research_phrase,medium,"Full-sentence messianic/redemption-themed research phrase (classical trope: Messiah/Davidic line/Temple/redemption timing); presented as an unverified researcher hypothesis, not a documented fact, so kept at research tier rather than public-default."
3274dcf8-2bf2-451b-980e-14986b4e9882,ויאמר אלהים יהי אור ויהי אור,813,False,excel_import,thematic_corpus,public_expanded,biblical_text,high,"Recognizable biblical/liturgical quotation, not a personal or third-party claim. Genesis 1:3 'ויאמר אלהים יהי אור ויהי אור' — direct biblical quotation."
5738d26c-1d6f-4707-a96f-8ce4fbdf97ef,ותנוח ותעמד לגרלך לקץ הימין,1608,False,excel_import,thematic_corpus,premium_candidate,research_phrase,medium,"Full-sentence messianic/redemption-themed research phrase (classical trope: Messiah/Davidic line/Temple/redemption timing); presented as an unverified researcher hypothesis, not a documented fact, so kept at research tier rather than public-default."
aa0019b9-fb6d-4bfc-9bd7-9add5435594a,זה היום עשה הויה נגילה ונשמחה בו,989,False,excel_import,thematic_corpus,premium_candidate,research_phrase,medium,"Full-sentence messianic/redemption-themed research phrase (classical trope: Messiah/Davidic line/Temple/redemption timing); presented as an unverified researcher hypothesis, not a documented fact, so kept at research tier rather than public-default."
ee2d2e34-3219-46a6-87c8-5eee47e61998,חמשת אלפים שבע מאות שבעים ושש,2756,False,excel_import,thematic_corpus,premium_candidate,research_phrase,medium,"Full-sentence messianic/redemption-themed research phrase (classical trope: Messiah/Davidic line/Temple/redemption timing); presented as an unverified researcher hypothesis, not a documented fact, so kept at research tier rather than public-default."
b75b1701-3d19-4664-a3d3-9269d54d3d70,חמשת אלפים שבע מאות שמונים וארבע,2453,False,excel_import,thematic_corpus,premium_candidate,research_phrase,medium,"Full-sentence messianic/redemption-themed research phrase (classical trope: Messiah/Davidic line/Temple/redemption timing); presented as an unverified researcher hypothesis, not a documented fact, so kept at research tier rather than public-default."
4ab4dcbd-8197-49e4-a8a5-cc958e04d15d,י ה ו ה אחד מעתה ועד עולם,780,False,excel_import,thematic_corpus,premium_candidate,research_phrase,medium,"Full-sentence messianic/redemption-themed research phrase (classical trope: Messiah/Davidic line/Temple/redemption timing); presented as an unverified researcher hypothesis, not a documented fact, so kept at research tier rather than public-default."
0d4df6e0-afc5-4cd5-8562-2d6b17809d56,י ה ו ה יושיע את עמו,939,False,excel_import,thematic_corpus,premium_candidate,research_phrase,medium,"Full-sentence messianic/redemption-themed research phrase (classical trope: Messiah/Davidic line/Temple/redemption timing); presented as an unverified researcher hypothesis, not a documented fact, so kept at research tier rather than public-default."
8e1e4b1b-8a7f-4f11-a15f-fb17f36cb53c,י ה ו ה יחזיר בן דויד,337,False,excel_import,thematic_corpus,premium_candidate,research_phrase,medium,"Full-sentence messianic/redemption-themed research phrase (classical trope: Messiah/Davidic line/Temple/redemption timing); presented as an unverified researcher hypothesis, not a documented fact, so kept at research tier rather than public-default."
26867efa-6a66-4987-8087-edb85f8950be,י ה ו ה יחזיר מלכות דויד,781,False,excel_import,thematic_corpus,premium_candidate,research_phrase,medium,"Full-sentence messianic/redemption-themed research phrase (classical trope: Messiah/Davidic line/Temple/redemption timing); presented as an unverified researcher hypothesis, not a documented fact, so kept at research tier rather than public-default."
fa8a8b76-a27a-4982-84b8-843eb10a4080,י ה ו ה ילחם את מלחמות ישראל עמלק,1820,False,excel_import,thematic_corpus,premium_candidate,research_phrase,medium,"Full-sentence messianic/redemption-themed research phrase (classical trope: Messiah/Davidic line/Temple/redemption timing); presented as an unverified researcher hypothesis, not a documented fact, so kept at research tier rather than public-default."
3a91bfbe-f113-4eb5-bb7b-89a289d847da,י ה ו ה ימשול לעולם,588,False,excel_import,thematic_corpus,premium_candidate,research_phrase,medium,"Full-sentence messianic/redemption-themed research phrase (classical trope: Messiah/Davidic line/Temple/redemption timing); presented as an unverified researcher hypothesis, not a documented fact, so kept at research tier rather than public-default."
316930dc-83f5-4aa5-b742-ea39ad72404b,יה וה יחון את אלאור אזריה,962,False,excel_import,thematic_corpus,premium_candidate,research_phrase,medium,"Full-sentence messianic/redemption-themed research phrase (classical trope: Messiah/Davidic line/Temple/redemption timing); presented as an unverified researcher hypothesis, not a documented fact, so kept at research tier rather than public-default."
1902e0b1-5286-4ec5-a467-74bbd61ee02a,יה וה ילחם עם איתני הטבע,781,False,excel_import,thematic_corpus,premium_candidate,research_phrase,medium,"Full-sentence messianic/redemption-themed research phrase (classical trope: Messiah/Davidic line/Temple/redemption timing); presented as an unverified researcher hypothesis, not a documented fact, so kept at research tier rather than public-default."
ccb4cdac-3770-4f1a-86c5-2206dddd20bb,יה וה ישכון במקדשו שנה הבאה בירושלם,1820,False,excel_import,thematic_corpus,premium_candidate,research_phrase,medium,"Full-sentence messianic/redemption-themed research phrase (classical trope: Messiah/Davidic line/Temple/redemption timing); presented as an unverified researcher hypothesis, not a documented fact, so kept at research tier rather than public-default."
51ce882a-e2c0-4a90-bc46-a8d5522ad91c,יהו'ה מלך יהו'ה מלך יהו'ה ימלך לעלם ועד,608,False,excel_import,thematic_corpus,premium_candidate,research_phrase,medium,"Full-sentence messianic/redemption-themed research phrase (classical trope: Messiah/Davidic line/Temple/redemption timing); presented as an unverified researcher hypothesis, not a documented fact, so kept at research tier rather than public-default."
44cf7847-d009-48a7-9bb3-4fb0950309b2,יהוה ימליך ∆,136,False,excel_import,thematic_corpus,premium_candidate,research_phrase,medium,"Full-sentence messianic/redemption-themed research phrase (classical trope: Messiah/Davidic line/Temple/redemption timing); presented as an unverified researcher hypothesis, not a documented fact, so kept at research tier rather than public-default."
622ea5d4-282e-4e48-9906-fb22a899c7b0,יהוה נורא ∆,283,False,excel_import,thematic_corpus,premium_candidate,research_phrase,medium,"Full-sentence messianic/redemption-themed research phrase (classical trope: Messiah/Davidic line/Temple/redemption timing); presented as an unverified researcher hypothesis, not a documented fact, so kept at research tier rather than public-default."
0c67a86b-81e6-4b44-a5b8-01cc3e478ef8,יהוה שולח ∆,370,False,excel_import,thematic_corpus,premium_candidate,research_phrase,medium,"Full-sentence messianic/redemption-themed research phrase (classical trope: Messiah/Davidic line/Temple/redemption timing); presented as an unverified researcher hypothesis, not a documented fact, so kept at research tier rather than public-default."
716bdf75-cce6-4f91-a3d4-2b74745c2e1b,יום הויה הגדול והנורא עשרה בטבת,1386,False,excel_import,thematic_corpus,premium_candidate,research_phrase,medium,"Full-sentence messianic/redemption-themed research phrase (classical trope: Messiah/Davidic line/Temple/redemption timing); presented as an unverified researcher hypothesis, not a documented fact, so kept at research tier rather than public-default."
66aaa460-4c60-4390-bf35-0678cdc7b35c,יום שבן דוד בא בו,433,False,excel_import,thematic_corpus,premium_candidate,research_phrase,medium,"Full-sentence messianic/redemption-themed research phrase (classical trope: Messiah/Davidic line/Temple/redemption timing); presented as an unverified researcher hypothesis, not a documented fact, so kept at research tier rather than public-default."
3b74deb6-7cd5-490f-ab01-a5f10fe60881,יום שכולו שבת אסור מותר,2033,False,excel_import,thematic_corpus,premium_candidate,research_phrase,medium,"Full-sentence messianic/redemption-themed research phrase (classical trope: Messiah/Davidic line/Temple/redemption timing); presented as an unverified researcher hypothesis, not a documented fact, so kept at research tier rather than public-default."
8ebf1fe0-1a2e-4f19-b7c2-6435f690151c,יוסף יצחק מנחם מענדל שניאורסאהן אמת,1820,False,excel_import,thematic_corpus,premium_candidate,research_phrase,medium,"Names historical (deceased) Chabad Rebbes with 'truth' affirmation — standard religious veneration, not defamatory, not a living-person claim."
3d3ba3c0-2e8c-473e-80f0-491a9f5a86f9,יחזיר שאול המלך דוד המלך,776,False,excel_import,thematic_corpus,premium_candidate,research_phrase,medium,"Full-sentence messianic/redemption-themed research phrase (classical trope: Messiah/Davidic line/Temple/redemption timing); presented as an unverified researcher hypothesis, not a documented fact, so kept at research tier rather than public-default."
16992907-fc1a-4725-b65c-25609665a5c9,ייעדת אותי לעבדך משוןלש =,1763,False,excel_import,thematic_corpus,premium_candidate,research_phrase,medium,"Full-sentence messianic/redemption-themed research phrase (classical trope: Messiah/Davidic line/Temple/redemption timing); presented as an unverified researcher hypothesis, not a documented fact, so kept at research tier rather than public-default."
1dda0fc6-e1e6-426b-b041-217669c73e32,יפול מצדך אלף ורבבה מימינך,776,False,excel_import,thematic_corpus,premium_candidate,research_phrase,medium,"Full-sentence messianic/redemption-themed research phrase (classical trope: Messiah/Davidic line/Temple/redemption timing); presented as an unverified researcher hypothesis, not a documented fact, so kept at research tier rather than public-default."
87ea2dae-6295-4af3-a4db-778dfc1d1e97,ישלח מלאכו (משולש מילה),1333,False,excel_import,thematic_corpus,premium_candidate,research_phrase,medium,"Full-sentence messianic/redemption-themed research phrase (classical trope: Messiah/Davidic line/Temple/redemption timing); presented as an unverified researcher hypothesis, not a documented fact, so kept at research tier rather than public-default."
5bc5caa3-3c17-4ba5-be2d-bf60cc970999,ישראל שבת ∆,1243,False,excel_import,thematic_corpus,premium_candidate,research_phrase,medium,"Full-sentence messianic/redemption-themed research phrase (classical trope: Messiah/Davidic line/Temple/redemption timing); presented as an unverified researcher hypothesis, not a documented fact, so kept at research tier rather than public-default."
be9d7c6a-106b-4cf8-b742-78a2ac43a045,כדור הארץ מסתובב במהירות זו בשעה,2089,False,excel_import,thematic_corpus,premium_candidate,research_phrase,medium,"Full-sentence messianic/redemption-themed research phrase (classical trope: Messiah/Davidic line/Temple/redemption timing); presented as an unverified researcher hypothesis, not a documented fact, so kept at research tier rather than public-default."
13ce4b46-9384-4594-846a-21767e38d3d8,כי בא כי בא לשפט הארץ,781,False,excel_import,thematic_corpus,public_expanded,biblical_text,high,"Recognizable biblical/liturgical quotation, not a personal or third-party claim. Psalm 96:13 'כי בא לשפט הארץ' — direct biblical quotation."
dbea1384-c16b-47c5-9ced-8e18bbb1f693,כי בהר ציון ובירושלמ תהיה פליטה,1541,False,excel_import,thematic_corpus,premium_candidate,research_phrase,medium,"Full-sentence messianic/redemption-themed research phrase (classical trope: Messiah/Davidic line/Temple/redemption timing); presented as an unverified researcher hypothesis, not a documented fact, so kept at research tier rather than public-default."
3f273dec-e9f2-428c-8ddd-491a1212707f,כי יום נקם בלבי ושנת גאולי באה,1134,False,excel_import,thematic_corpus,premium_candidate,research_phrase,medium,"Full-sentence messianic/redemption-themed research phrase (classical trope: Messiah/Davidic line/Temple/redemption timing); presented as an unverified researcher hypothesis, not a documented fact, so kept at research tier rather than public-default."
925d72bf-5a47-4d4a-9091-62d706ae10cc,כי לה המלוכה בעתה ריבוע,936,False,excel_import,thematic_corpus,premium_candidate,research_phrase,medium,"Full-sentence messianic/redemption-themed research phrase (classical trope: Messiah/Davidic line/Temple/redemption timing); presented as an unverified researcher hypothesis, not a documented fact, so kept at research tier rather than public-default."
401c7a24-acd9-4449-95f4-7f9a0b9c8fe0,כי לה' המלוכה אלף שמונה מאות עשרים,1750,False,excel_import,thematic_corpus,premium_candidate,research_phrase,medium,"Full-sentence messianic/redemption-themed research phrase (classical trope: Messiah/Davidic line/Temple/redemption timing); presented as an unverified researcher hypothesis, not a documented fact, so kept at research tier rather than public-default."
fb9c9f8f-544a-4b01-abf5-70e122d69112,כי להויה המלוכה ∆,717,False,excel_import,thematic_corpus,premium_candidate,research_phrase,medium,"Full-sentence messianic/redemption-themed research phrase (classical trope: Messiah/Davidic line/Temple/redemption timing); presented as an unverified researcher hypothesis, not a documented fact, so kept at research tier rather than public-default."
89a43633-2d5d-432e-871f-a9233729564f,כי ליה וה המלוכה ומשל בגוים,629,False,excel_import,thematic_corpus,premium_candidate,research_phrase,medium,"Full-sentence messianic/redemption-themed research phrase (classical trope: Messiah/Davidic line/Temple/redemption timing); presented as an unverified researcher hypothesis, not a documented fact, so kept at research tier rather than public-default."
f0b37b4c-ccd2-4e1b-bed8-95ab4cc689ea,כלכלת העולם תקרוס בזמן הזה,1533,False,excel_import,thematic_corpus,premium_candidate,research_phrase,medium,"Full-sentence messianic/redemption-themed research phrase (classical trope: Messiah/Davidic line/Temple/redemption timing); presented as an unverified researcher hypothesis, not a documented fact, so kept at research tier rather than public-default."
794d8c3d-c3f0-43dd-b35a-4f571701e9c6,כתר יתנו לך בזמן הזה,1252,False,excel_import,thematic_corpus,premium_candidate,research_phrase,medium,"Full-sentence messianic/redemption-themed research phrase (classical trope: Messiah/Davidic line/Temple/redemption timing); presented as an unverified researcher hypothesis, not a documented fact, so kept at research tier rather than public-default."
18575490-5da4-4749-9864-02823fa4ee3a,לא זכו עני ורכב על חמור,776,False,excel_import,thematic_corpus,premium_candidate,research_phrase,medium,"Full-sentence messianic/redemption-themed research phrase (classical trope: Messiah/Davidic line/Temple/redemption timing); presented as an unverified researcher hypothesis, not a documented fact, so kept at research tier rather than public-default."
3525ee3a-4128-4c8e-9606-834e473a7acc,לינוי אור משה שכינה,1043,False,excel_import,thematic_corpus,premium_candidate,research_phrase,medium,"Full-sentence messianic/redemption-themed research phrase (classical trope: Messiah/Davidic line/Temple/redemption timing); presented as an unverified researcher hypothesis, not a documented fact, so kept at research tier rather than public-default."
61807e9c-c984-4aa3-909a-2ab5c8c98ca6,מדוע לא בא בן ישי ∆,2014,False,excel_import,thematic_corpus,premium_candidate,research_phrase,medium,"Full-sentence messianic/redemption-themed research phrase (classical trope: Messiah/Davidic line/Temple/redemption timing); presented as an unverified researcher hypothesis, not a documented fact, so kept at research tier rather than public-default."
163075c1-ea0b-4f23-87a5-e76831b71a84,מה אדיר שמך בכל הארץ את בש,1671,False,excel_import,thematic_corpus,public_expanded,biblical_text,high,"Recognizable biblical/liturgical quotation, not a personal or third-party claim. Psalm 8:2 'מה אדיר שמך בכל הארץ' — direct biblical quotation."
3b21f508-4ed1-49c6-b257-12d1e3b36afd,מה היא שנת התגלות בנ דויד ∆,6447,False,excel_import,thematic_corpus,premium_candidate,research_phrase,medium,"Full-sentence messianic/redemption-themed research phrase (classical trope: Messiah/Davidic line/Temple/redemption timing); presented as an unverified researcher hypothesis, not a documented fact, so kept at research tier rather than public-default."
bfd790a4-021c-462c-b0ce-422870e26d24,מוצאי שבעית ∆,929,False,excel_import,thematic_corpus,premium_candidate,research_phrase,medium,"Full-sentence messianic/redemption-themed research phrase (classical trope: Messiah/Davidic line/Temple/redemption timing); presented as an unverified researcher hypothesis, not a documented fact, so kept at research tier rather than public-default."
8c09a477-9603-49fa-b79e-c2d9f7decdd8,מזמור לדויד ∆,347,False,excel_import,thematic_corpus,premium_candidate,research_phrase,medium,"Full-sentence messianic/redemption-themed research phrase (classical trope: Messiah/Davidic line/Temple/redemption timing); presented as an unverified researcher hypothesis, not a documented fact, so kept at research tier rather than public-default."
ef34b5bd-b7dd-45dd-b98d-eb346dcebfe0,מי הוא מלך שגזירותיו קשות כהמן,2015,False,excel_import,thematic_corpus,premium_candidate,research_phrase,medium,"Full-sentence messianic/redemption-themed research phrase (classical trope: Messiah/Davidic line/Temple/redemption timing); presented as an unverified researcher hypothesis, not a documented fact, so kept at research tier rather than public-default."
beae8f5a-475b-4e6f-bf0d-6726acccf556,מי זה צמח בן דוד היום,327,False,excel_import,thematic_corpus,premium_candidate,research_phrase,medium,"Full-sentence messianic/redemption-themed research phrase (classical trope: Messiah/Davidic line/Temple/redemption timing); presented as an unverified researcher hypothesis, not a documented fact, so kept at research tier rather than public-default."
d11c6c3a-e18f-4c3d-b1ca-e4b04f9b9aea,מי יבנה את בית המקדש האחרון ∆,6440,False,excel_import,thematic_corpus,premium_candidate,research_phrase,medium,"Full-sentence messianic/redemption-themed research phrase (classical trope: Messiah/Davidic line/Temple/redemption timing); presented as an unverified researcher hypothesis, not a documented fact, so kept at research tier rather than public-default."
172c9282-584f-4cb1-9544-b049e69c65f4,מיהו בן דויד ∆ גדול,3630,False,excel_import,thematic_corpus,premium_candidate,research_phrase,medium,"Full-sentence messianic/redemption-themed research phrase (classical trope: Messiah/Davidic line/Temple/redemption timing); presented as an unverified researcher hypothesis, not a documented fact, so kept at research tier rather than public-default."
a09c955e-93a0-43ba-8783-5d49dd36428d,מיהו זרע דויד המלך ∆,1820,False,excel_import,thematic_corpus,premium_candidate,research_phrase,medium,"Full-sentence messianic/redemption-themed research phrase (classical trope: Messiah/Davidic line/Temple/redemption timing); presented as an unverified researcher hypothesis, not a documented fact, so kept at research tier rather than public-default."
502c0eba-14d9-444a-a270-bf95ac4c24f6,מיהו עבד נאמן ∆,1110,False,excel_import,thematic_corpus,premium_candidate,research_phrase,medium,"Full-sentence messianic/redemption-themed research phrase (classical trope: Messiah/Davidic line/Temple/redemption timing); presented as an unverified researcher hypothesis, not a documented fact, so kept at research tier rather than public-default."
633abd70-6e39-4833-b020-05e1328dabef,מלחמה אלפים חמש מאות וארבע,1358,False,excel_import,thematic_corpus,premium_candidate,research_phrase,medium,"Full-sentence messianic/redemption-themed research phrase (classical trope: Messiah/Davidic line/Temple/redemption timing); presented as an unverified researcher hypothesis, not a documented fact, so kept at research tier rather than public-default."
c911d769-f0cc-4cef-9433-b42d70af3995,מלחמה בעמלקים ∆,1819,False,excel_import,thematic_corpus,premium_candidate,research_phrase,medium,"Full-sentence messianic/redemption-themed research phrase (classical trope: Messiah/Davidic line/Temple/redemption timing); presented as an unverified researcher hypothesis, not a documented fact, so kept at research tier rather than public-default."
22fba655-ad72-4a20-8566-c05d7f876fae,מלחמה להויה בעמלק מדר דר משול/ש,3585,False,excel_import,thematic_corpus,premium_candidate,research_phrase,medium,"Full-sentence messianic/redemption-themed research phrase (classical trope: Messiah/Davidic line/Temple/redemption timing); presented as an unverified researcher hypothesis, not a documented fact, so kept at research tier rather than public-default."
c33a350c-5157-4298-b03b-9ad17ba8e295,מלחמת העולם השלישית סוד יהו ה,1820,False,excel_import,thematic_corpus,premium_candidate,research_phrase,medium,"Full-sentence messianic/redemption-themed research phrase (classical trope: Messiah/Davidic line/Temple/redemption timing); presented as an unverified researcher hypothesis, not a documented fact, so kept at research tier rather than public-default."
9f45f204-05a2-491b-9410-a7607b878ffc,מלחמת העלם השלישית תחל בחג הסכות,2660,False,excel_import,thematic_corpus,premium_candidate,research_phrase,medium,"Full-sentence messianic/redemption-themed research phrase (classical trope: Messiah/Davidic line/Temple/redemption timing); presented as an unverified researcher hypothesis, not a documented fact, so kept at research tier rather than public-default."
cacb42af-2adf-4322-bc37-4f407286cb8f,מלחמת עולם שלישית ∆ ישר פוך,8668,False,excel_import,thematic_corpus,public_expanded,biblical_text,high,"Recognizable biblical/liturgical quotation, not a personal or third-party claim. 'מלחמת עולם שלישית' matched only because 'שלישית' contains the substring 'שלי'; plain geopolitical WWIII phrase, not first-person."
fd25de61-c6f6-4b2e-ab41-1a68873b9419,מלחמת עולם שלישת בזמן הזה,1820,False,excel_import,thematic_corpus,public_expanded,biblical_text,high,"Recognizable biblical/liturgical quotation, not a personal or third-party claim. Same false-positive ('שלישת' contains 'שלי'); plain geopolitical WWIII phrase."
2a8fa965-8944-4d00-a7a5-b04b9ccfba89,מלחמת עולם שלשית בזמן הזה,1820,False,excel_import,thematic_corpus,premium_candidate,research_phrase,medium,"Full-sentence messianic/redemption-themed research phrase (classical trope: Messiah/Davidic line/Temple/redemption timing); presented as an unverified researcher hypothesis, not a documented fact, so kept at research tier rather than public-default."
b32cd588-a4a2-48af-9070-d19b06b54d62,מלך מלכי המלכים יוכר בעולם כולו,781,False,excel_import,thematic_corpus,premium_candidate,research_phrase,medium,"Full-sentence messianic/redemption-themed research phrase (classical trope: Messiah/Davidic line/Temple/redemption timing); presented as an unverified researcher hypothesis, not a documented fact, so kept at research tier rather than public-default."
db841029-96e8-430e-beda-922321940e09,מלך פרס יחריב את העולם,1212,False,excel_import,thematic_corpus,premium_candidate,research_phrase,medium,"Full-sentence messianic/redemption-themed research phrase (classical trope: Messiah/Davidic line/Temple/redemption timing); presented as an unverified researcher hypothesis, not a documented fact, so kept at research tier rather than public-default."
9b4a7aa9-a9b8-4bd3-86eb-f521194797ae,מלכה סינדרלה סלין ∆,3860,False,excel_import,thematic_corpus,premium_candidate,research_phrase,medium,"Full-sentence messianic/redemption-themed research phrase (classical trope: Messiah/Davidic line/Temple/redemption timing); presented as an unverified researcher hypothesis, not a documented fact, so kept at research tier rather than public-default."
f260e7f1-02c4-4d1a-9240-ae7414f93a9c,מלכות בן דוד במהרה בימינו ∆,3582,False,excel_import,thematic_corpus,premium_candidate,research_phrase,medium,"Full-sentence messianic/redemption-themed research phrase (classical trope: Messiah/Davidic line/Temple/redemption timing); presented as an unverified researcher hypothesis, not a documented fact, so kept at research tier rather than public-default."
e92ca6d5-597e-4c44-8755-fe3abe27cb10,מלכות י הוה לעייני הגויים,776,False,excel_import,thematic_corpus,premium_candidate,research_phrase,medium,"Full-sentence messianic/redemption-themed research phrase (classical trope: Messiah/Davidic line/Temple/redemption timing); presented as an unverified researcher hypothesis, not a documented fact, so kept at research tier rather than public-default."
3d74f813-b733-4418-a720-7c8b20232024,מלכות יה וה תהיה לעולם,1118,False,excel_import,thematic_corpus,premium_candidate,research_phrase,medium,"Full-sentence messianic/redemption-themed research phrase (classical trope: Messiah/Davidic line/Temple/redemption timing); presented as an unverified researcher hypothesis, not a documented fact, so kept at research tier rather than public-default."
797375d7-0598-4b38-bb0b-215bb754de36,מלכות לכות כות ות ת דוד וד ד,2212,False,excel_import,numeric_word_construct,public_expanded,research_phrase,high,"Notarikon / progressive-letter-buildup technique (e.g. צ-צמ-צמח...) — a standard gematria construction method, not an interpretive claim."
8074e53f-ca4d-43af-af2d-dc208d3e0857,מסר גדול מעת בורא עולם,1208,False,excel_import,thematic_corpus,premium_candidate,research_phrase,medium,"Full-sentence messianic/redemption-themed research phrase (classical trope: Messiah/Davidic line/Temple/redemption timing); presented as an unverified researcher hypothesis, not a documented fact, so kept at research tier rather than public-default."
dd10ba00-98c0-4706-927d-65eee120ffd9,מפלת הכלכלה העולמית בזמן הזה,1337,False,excel_import,thematic_corpus,premium_candidate,research_phrase,medium,"Full-sentence messianic/redemption-themed research phrase (classical trope: Messiah/Davidic line/Temple/redemption timing); presented as an unverified researcher hypothesis, not a documented fact, so kept at research tier rather than public-default."
53745a16-b9f2-4f3a-8c9f-4e9bcd80ddf5,מצאתי דוד עבדי + רגיל ומלים,1010,False,excel_import,thematic_corpus,public_expanded,biblical_text,high,"Recognizable biblical/liturgical quotation, not a personal or third-party claim. Psalm 89:21 'מצאתי דוד עבדי' — God speaking, direct biblical paraphrase, not the researcher's personal claim."
0798945c-59ef-486a-a8d6-9109cb60e9aa,משבר מניות עולמי = ריבוע,1492,False,excel_import,thematic_corpus,premium_candidate,research_phrase,medium,"Full-sentence messianic/redemption-themed research phrase (classical trope: Messiah/Davidic line/Temple/redemption timing); presented as an unverified researcher hypothesis, not a documented fact, so kept at research tier rather than public-default."
74634e4f-5655-4b61-9366-4e95e45c6f26,משיח ∆,358,False,excel_import,thematic_corpus,premium_candidate,research_phrase,medium,"Full-sentence messianic/redemption-themed research phrase (classical trope: Messiah/Davidic line/Temple/redemption timing); presented as an unverified researcher hypothesis, not a documented fact, so kept at research tier rather than public-default."
0f882fac-b4e9-4f2e-b659-b9751cb0e718,משיח ישראל ∆,899,False,excel_import,thematic_corpus,premium_candidate,research_phrase,medium,"Full-sentence messianic/redemption-themed research phrase (classical trope: Messiah/Davidic line/Temple/redemption timing); presented as an unverified researcher hypothesis, not a documented fact, so kept at research tier rather than public-default."
855ea6b0-d5c2-46c4-b502-2e546c4b394d,משיח תשובה ∆,1071,False,excel_import,thematic_corpus,premium_candidate,research_phrase,medium,"Full-sentence messianic/redemption-themed research phrase (classical trope: Messiah/Davidic line/Temple/redemption timing); presented as an unverified researcher hypothesis, not a documented fact, so kept at research tier rather than public-default."
7287f11f-43c6-427f-9088-d1d9cc76633c,משיחי ∆,368,False,excel_import,thematic_corpus,premium_candidate,research_phrase,medium,"Full-sentence messianic/redemption-themed research phrase (classical trope: Messiah/Davidic line/Temple/redemption timing); presented as an unverified researcher hypothesis, not a documented fact, so kept at research tier rather than public-default."
f1226baa-ce2d-4852-9319-94f5a4f7a836,משכן הקבע ∆,587,False,excel_import,thematic_corpus,premium_candidate,research_phrase,medium,"Full-sentence messianic/redemption-themed research phrase (classical trope: Messiah/Davidic line/Temple/redemption timing); presented as an unverified researcher hypothesis, not a documented fact, so kept at research tier rather than public-default."
5a30403c-9b48-43a5-b000-abb63da4343a,נבואת הנביא יחזקאל לח לט היא,776,False,excel_import,thematic_corpus,premium_candidate,research_phrase,medium,"Full-sentence messianic/redemption-themed research phrase (classical trope: Messiah/Davidic line/Temple/redemption timing); presented as an unverified researcher hypothesis, not a documented fact, so kept at research tier rather than public-default."
a0ac5005-8a53-49c4-95f2-3162dbac7500,נביא ישראל האמתי האחרון יבא בעתה,1820,False,excel_import,thematic_corpus,premium_candidate,research_phrase,medium,"Full-sentence messianic/redemption-themed research phrase (classical trope: Messiah/Davidic line/Temple/redemption timing); presented as an unverified researcher hypothesis, not a documented fact, so kept at research tier rather than public-default."
d3ee9989-f7fc-49d2-a676-e990c1e30a51,נהר יצא מעדן להשקות את הגן,1820,False,excel_import,thematic_corpus,premium_candidate,research_phrase,medium,"Full-sentence messianic/redemption-themed research phrase (classical trope: Messiah/Davidic line/Temple/redemption timing); presented as an unverified researcher hypothesis, not a documented fact, so kept at research tier rather than public-default."
6f0806cb-98ef-406b-9460-cfb1773866cf,נס קורה פה אל שוכח ואל סולח,1012,False,excel_import,thematic_corpus,premium_candidate,research_phrase,medium,"Full-sentence messianic/redemption-themed research phrase (classical trope: Messiah/Davidic line/Temple/redemption timing); presented as an unverified researcher hypothesis, not a documented fact, so kept at research tier rather than public-default."
b34c4ce4-1289-4ebc-9b22-9d2d7228d648,נפשי נכספה אליך רגיל ומשולש,1641,False,excel_import,thematic_corpus,public_expanded,biblical_text,high,"Recognizable biblical/liturgical quotation, not a personal or third-party claim. Echoes Psalm 84:3 'נכספה... נפשי' — devotional psalm phrase."
1d5527f6-441b-4fdd-bf15-4b1e1b7c0c72,נצעק ליהוה ∆,366,False,excel_import,thematic_corpus,public_expanded,biblical_text,high,"Recognizable biblical/liturgical quotation, not a personal or third-party claim. Liturgical call to prayer ('let us cry out to God'), plural imperative, not a personal claim."
be9f6529-88ff-4e41-b0b5-9b4c45f7f029,נשמת אברהמ דויד בנ ישי,1434,False,excel_import,thematic_corpus,premium_candidate,research_phrase,medium,"Full-sentence messianic/redemption-themed research phrase (classical trope: Messiah/Davidic line/Temple/redemption timing); presented as an unverified researcher hypothesis, not a documented fact, so kept at research tier rather than public-default."
0c5453ee-9fda-4e32-a527-a65e78da65c8,סאלי חיה מור היא הכל,441,False,excel_import,personal_or_restricted,internal_only,personal_note,medium,"Names a private (non-public-figure) individual in a personal/affectionate note; kept out of public display as a privacy precaution, not because of any defamatory content."
f436ab5b-471b-4e0a-81f9-916c45203bf5,סוד אלף שמונה מאות עשרים כי לה' המלוכה,1820,False,excel_import,thematic_corpus,premium_candidate,research_phrase,medium,"Full-sentence messianic/redemption-themed research phrase (classical trope: Messiah/Davidic line/Temple/redemption timing); presented as an unverified researcher hypothesis, not a documented fact, so kept at research tier rather than public-default."
ef79a4cc-0b10-41b4-b2a2-7aa17c42246e,סוד בן דוד המספר הקדוש,936,False,excel_import,thematic_corpus,premium_candidate,research_phrase,medium,"Full-sentence messianic/redemption-themed research phrase (classical trope: Messiah/Davidic line/Temple/redemption timing); presented as an unverified researcher hypothesis, not a documented fact, so kept at research tier rather than public-default."
f5db2cd2-0ca5-477b-847c-6048609f3b45,סוד המקדש השלישי בזמן הזה,1290,False,excel_import,thematic_corpus,premium_candidate,research_phrase,medium,"Full-sentence messianic/redemption-themed research phrase (classical trope: Messiah/Davidic line/Temple/redemption timing); presented as an unverified researcher hypothesis, not a documented fact, so kept at research tier rather than public-default."
78de9a28-64f6-4193-95a6-9ba5713c774a,סוד מלכות דויד בן ישי נחשף,1400,False,excel_import,thematic_corpus,premium_candidate,research_phrase,medium,"Full-sentence messianic/redemption-themed research phrase (classical trope: Messiah/Davidic line/Temple/redemption timing); presented as an unverified researcher hypothesis, not a documented fact, so kept at research tier rather than public-default."
f9484bc4-f861-4d8e-8b2b-a330a8cafcd4,סעודת שור הבר והלויתן ) מילוי,3626,False,excel_import,thematic_corpus,premium_candidate,research_phrase,medium,"Full-sentence messianic/redemption-themed research phrase (classical trope: Messiah/Davidic line/Temple/redemption timing); presented as an unverified researcher hypothesis, not a documented fact, so kept at research tier rather than public-default."
517a670b-f803-4961-9206-ec4ff39dd224,ספר דניאל ∆,435,False,excel_import,thematic_corpus,premium_candidate,research_phrase,medium,"Full-sentence messianic/redemption-themed research phrase (classical trope: Messiah/Davidic line/Temple/redemption timing); presented as an unverified researcher hypothesis, not a documented fact, so kept at research tier rather than public-default."
7cef11a1-46f9-48b3-9b87-9400f975b873,סתם הדברים וחתם הספר עד,1634,False,excel_import,thematic_corpus,premium_candidate,research_phrase,medium,"Full-sentence messianic/redemption-themed research phrase (classical trope: Messiah/Davidic line/Temple/redemption timing); presented as an unverified researcher hypothesis, not a documented fact, so kept at research tier rather than public-default."
368ae76d-8423-4f6c-8901-15e6a5239f7d,עבור ילדיה,337,False,excel_import,unknown,human_review,source_claim,low,Fragment ('for her children') with no notes; subject/referent ('her') cannot be identified from the phrase alone.
65af3ded-fceb-4559-9968-8149e7ff9e34,עד ט בטבת השנה זכו,889,False,excel_import,thematic_corpus,premium_candidate,research_phrase,medium,"Full-sentence messianic/redemption-themed research phrase (classical trope: Messiah/Davidic line/Temple/redemption timing); presented as an unverified researcher hypothesis, not a documented fact, so kept at research tier rather than public-default."
393e0681-29dd-4a95-bd21-c77fdad4d470,עד כי יבא שילה אחרית הימים,1186,False,excel_import,thematic_corpus,premium_candidate,research_phrase,medium,"Full-sentence messianic/redemption-themed research phrase (classical trope: Messiah/Davidic line/Temple/redemption timing); presented as an unverified researcher hypothesis, not a documented fact, so kept at research tier rather than public-default."
9b569c9a-2a17-4a0d-8025-329e9bc00848,עד כי יבא שילה בעתה,939,False,excel_import,thematic_corpus,premium_candidate,research_phrase,medium,"Full-sentence messianic/redemption-themed research phrase (classical trope: Messiah/Davidic line/Temple/redemption timing); presented as an unverified researcher hypothesis, not a documented fact, so kept at research tier rather than public-default."
89072f50-c91b-4c83-83da-6eb28d408b8f,עד כי יבא שילה ולו יקהת עמים ∆,4771,False,excel_import,thematic_corpus,premium_candidate,research_phrase,medium,"Full-sentence messianic/redemption-themed research phrase (classical trope: Messiah/Davidic line/Temple/redemption timing); presented as an unverified researcher hypothesis, not a documented fact, so kept at research tier rather than public-default."
12069a1b-7e61-4b41-b988-20e0081d38d2,עד מתי קץ הפלאות (רגיל ו ∆ ישר והפוך),15334,False,excel_import,thematic_corpus,premium_candidate,research_phrase,medium,"Full-sentence messianic/redemption-themed research phrase (classical trope: Messiah/Davidic line/Temple/redemption timing); presented as an unverified researcher hypothesis, not a documented fact, so kept at research tier rather than public-default."
5566112d-0c32-4224-a648-9bde28203474,עד עת קץ ∆,734,False,excel_import,thematic_corpus,premium_candidate,research_phrase,medium,"Full-sentence messianic/redemption-themed research phrase (classical trope: Messiah/Davidic line/Temple/redemption timing); presented as an unverified researcher hypothesis, not a documented fact, so kept at research tier rather than public-default."
69c18ce5-15be-45f6-89d2-b3dfeafa6d63,עולם כמנהגו נוהג ∆,1290,False,excel_import,thematic_corpus,premium_candidate,research_phrase,medium,"Full-sentence messianic/redemption-themed research phrase (classical trope: Messiah/Davidic line/Temple/redemption timing); presented as an unverified researcher hypothesis, not a documented fact, so kept at research tier rather than public-default."
257d7079-1663-4bb5-8d8d-857876d49125,עזר כנגדו (אלה) (שנוסיף גל יהיה פלאים),360,False,excel_import,thematic_corpus,premium_candidate,research_phrase,medium,"Full-sentence messianic/redemption-themed research phrase (classical trope: Messiah/Davidic line/Temple/redemption timing); presented as an unverified researcher hypothesis, not a documented fact, so kept at research tier rather than public-default."
a84673b4-8ab0-4f48-a0e0-4438cfff0923,עם ישראל איכזב את הויה,1118,False,excel_import,thematic_corpus,premium_candidate,research_phrase,medium,"Full-sentence messianic/redemption-themed research phrase (classical trope: Messiah/Davidic line/Temple/redemption timing); presented as an unverified researcher hypothesis, not a documented fact, so kept at research tier rather than public-default."
e8c74614-a60d-46af-bca5-07b8ac7a66aa,עם ישראל בצרה גדולה בימינו לפני,1284,False,excel_import,thematic_corpus,premium_candidate,research_phrase,medium,"Full-sentence messianic/redemption-themed research phrase (classical trope: Messiah/Davidic line/Temple/redemption timing); presented as an unverified researcher hypothesis, not a documented fact, so kept at research tier rather than public-default."
99cce61b-21ba-4bbd-a7c2-0b1f9b39f3f1,עם ישראל יקים את כל מצוותיו,1820,False,excel_import,thematic_corpus,premium_candidate,research_phrase,medium,"Full-sentence messianic/redemption-themed research phrase (classical trope: Messiah/Davidic line/Temple/redemption timing); presented as an unverified researcher hypothesis, not a documented fact, so kept at research tier rather than public-default."
6ffd52ae-8adc-40bd-a5d4-fc2cca09c80c,עם ישראל ישיש בציון ירושלם,2015,False,excel_import,thematic_corpus,premium_candidate,research_phrase,medium,"Full-sentence messianic/redemption-themed research phrase (classical trope: Messiah/Davidic line/Temple/redemption timing); presented as an unverified researcher hypothesis, not a documented fact, so kept at research tier rather than public-default."
2c16c17a-33f5-44a8-ab46-428582d39a12,עם ישראל לא יאמין פליאה,919,False,excel_import,thematic_corpus,premium_candidate,research_phrase,medium,"Full-sentence messianic/redemption-themed research phrase (classical trope: Messiah/Davidic line/Temple/redemption timing); presented as an unverified researcher hypothesis, not a documented fact, so kept at research tier rather than public-default."
66466939-6db1-443f-8597-e11809e52750,עשרים ושבע האותיות (גדול),2386,False,excel_import,thematic_corpus,premium_candidate,research_phrase,medium,"Full-sentence messianic/redemption-themed research phrase (classical trope: Messiah/Davidic line/Temple/redemption timing); presented as an unverified researcher hypothesis, not a documented fact, so kept at research tier rather than public-default."
40babe8e-17e7-4e71-9ec5-24629c4ced50,עת ∆,470,False,excel_import,thematic_corpus,premium_candidate,research_phrase,medium,"Full-sentence messianic/redemption-themed research phrase (classical trope: Messiah/Davidic line/Temple/redemption timing); presented as an unverified researcher hypothesis, not a documented fact, so kept at research tier rather than public-default."
556e8653-62df-4059-b699-ca2087413e36,עת נ ∆,520,False,excel_import,thematic_corpus,premium_candidate,research_phrase,medium,"Full-sentence messianic/redemption-themed research phrase (classical trope: Messiah/Davidic line/Temple/redemption timing); presented as an unverified researcher hypothesis, not a documented fact, so kept at research tier rather than public-default."
12de2d7e-66dd-4682-aa79-f21a220915af,עת שער הנון מילוי המילה,1337,False,excel_import,thematic_corpus,premium_candidate,research_phrase,medium,"Full-sentence messianic/redemption-themed research phrase (classical trope: Messiah/Davidic line/Temple/redemption timing); presented as an unverified researcher hypothesis, not a documented fact, so kept at research tier rather than public-default."
8ab495eb-b0eb-41ee-8e3e-ce5ca71dac1d,פינחס - ריבוע,496,False,excel_import,thematic_corpus,premium_candidate,research_phrase,medium,"Full-sentence messianic/redemption-themed research phrase (classical trope: Messiah/Davidic line/Temple/redemption timing); presented as an unverified researcher hypothesis, not a documented fact, so kept at research tier rather than public-default."
c2640069-fd26-4a87-b26e-810f23188a46,פתאום יבוא אל היכלו את בש,1351,False,excel_import,thematic_corpus,premium_candidate,research_phrase,medium,"Full-sentence messianic/redemption-themed research phrase (classical trope: Messiah/Davidic line/Temple/redemption timing); presented as an unverified researcher hypothesis, not a documented fact, so kept at research tier rather than public-default."
963acadb-54c7-4da6-9af9-727632ca239e,צ צמ צמח ד דו דוד,386,False,excel_import,numeric_word_construct,public_expanded,research_phrase,high,"Notarikon / progressive-letter-buildup technique (e.g. צ-צמ-צמח...) — a standard gematria construction method, not an interpretive claim."
82fb8dad-5b9d-4ef7-bf63-2925c333c64c,צ צמ צמח ד דו דוי דויד ב בן י יש ישי,1110,False,excel_import,numeric_word_construct,public_expanded,research_phrase,high,"Notarikon / progressive-letter-buildup technique (e.g. צ-צמ-צמח...) — a standard gematria construction method, not an interpretive claim."
22f4ef31-bc66-459b-b907-a554663f8cbc,צמח דוד ∆,152,False,excel_import,thematic_corpus,premium_candidate,research_phrase,medium,"Full-sentence messianic/redemption-themed research phrase (classical trope: Messiah/Davidic line/Temple/redemption timing); presented as an unverified researcher hypothesis, not a documented fact, so kept at research tier rather than public-default."
43235059-8614-49cb-9add-fb673b4b002c,צמח דוד הוא האמיתי הכפלה,770,False,excel_import,thematic_corpus,premium_candidate,research_phrase,medium,"Full-sentence messianic/redemption-themed research phrase (classical trope: Messiah/Davidic line/Temple/redemption timing); presented as an unverified researcher hypothesis, not a documented fact, so kept at research tier rather than public-default."
2afb0cb9-5893-4aa9-b8bb-500dff0d993a,צמח דוד המלך בזמן הזה,363,False,excel_import,thematic_corpus,premium_candidate,research_phrase,medium,"Full-sentence messianic/redemption-themed research phrase (classical trope: Messiah/Davidic line/Temple/redemption timing); presented as an unverified researcher hypothesis, not a documented fact, so kept at research tier rather than public-default."
b12b177d-e117-4ab1-97c3-a9e307057fe8,צמח דוד מצפה לשכינה הקדושה,1202,False,excel_import,thematic_corpus,premium_candidate,research_phrase,medium,"Full-sentence messianic/redemption-themed research phrase (classical trope: Messiah/Davidic line/Temple/redemption timing); presented as an unverified researcher hypothesis, not a documented fact, so kept at research tier rather than public-default."
f67dfe55-3575-4529-98f0-65d53bd853db,צמח דויד בן ישי אותיות לפני,1527,False,excel_import,thematic_corpus,premium_candidate,research_phrase,medium,"Full-sentence messianic/redemption-themed research phrase (classical trope: Messiah/Davidic line/Temple/redemption timing); presented as an unverified researcher hypothesis, not a documented fact, so kept at research tier rather than public-default."
6aa023a3-9f33-4a17-8704-9270b44b8af2,צמח דויד בן ישי כל אות שניה,1356,False,excel_import,thematic_corpus,premium_candidate,research_phrase,medium,"Full-sentence messianic/redemption-themed research phrase (classical trope: Messiah/Davidic line/Temple/redemption timing); presented as an unverified researcher hypothesis, not a documented fact, so kept at research tier rather than public-default."
2562b218-8f2c-4533-a519-a05e0f605736,צמח דויד בנ ישי לפני,704,False,excel_import,thematic_corpus,premium_candidate,research_phrase,medium,"Full-sentence messianic/redemption-themed research phrase (classical trope: Messiah/Davidic line/Temple/redemption timing); presented as an unverified researcher hypothesis, not a documented fact, so kept at research tier rather than public-default."
f5412e57-3a9b-48d8-a74e-cfa207cbdce2,צמח דויד בן ישי נסתר - מדבר רבה,1697,False,excel_import,thematic_corpus,premium_candidate,research_phrase,medium,"Full-sentence messianic/redemption-themed research phrase (classical trope: Messiah/Davidic line/Temple/redemption timing); presented as an unverified researcher hypothesis, not a documented fact, so kept at research tier rather than public-default."
a9d54966-a998-4fec-8986-fab24b4e6172,צמח דויד שורש יהודה ותמר,1644,False,excel_import,thematic_corpus,premium_candidate,research_phrase,medium,"Full-sentence messianic/redemption-themed research phrase (classical trope: Messiah/Davidic line/Temple/redemption timing); presented as an unverified researcher hypothesis, not a documented fact, so kept at research tier rather than public-default."
64475e08-a0c3-4903-8bff-a3f3d26df3b2,קאזה מרוקו ב ∆,467,False,excel_import,thematic_corpus,premium_candidate,research_phrase,medium,"Full-sentence messianic/redemption-themed research phrase (classical trope: Messiah/Davidic line/Temple/redemption timing); presented as an unverified researcher hypothesis, not a documented fact, so kept at research tier rather than public-default."
58088252-4ce0-4466-b133-e02c18a09511,קץ הסתר הפנים - מסתתר,,False,excel_import,thematic_corpus,premium_candidate,research_phrase,medium,"Full-sentence messianic/redemption-themed research phrase (classical trope: Messiah/Davidic line/Temple/redemption timing); presented as an unverified researcher hypothesis, not a documented fact, so kept at research tier rather than public-default."
87324094-cecc-48db-bed7-27573c090032,קריסת הכלכלה העולמית - ריבוע,1729,False,excel_import,thematic_corpus,premium_candidate,research_phrase,medium,"Full-sentence messianic/redemption-themed research phrase (classical trope: Messiah/Davidic line/Temple/redemption timing); presented as an unverified researcher hypothesis, not a documented fact, so kept at research tier rather than public-default."
c516b320-3e64-4182-b0d3-2c9f142dc33e,רוח אלהים מרחפת על פני הארץ ∆,6440,False,excel_import,thematic_corpus,premium_candidate,research_phrase,medium,"Full-sentence messianic/redemption-themed research phrase (classical trope: Messiah/Davidic line/Temple/redemption timing); presented as an unverified researcher hypothesis, not a documented fact, so kept at research tier rather than public-default."
97bd03a7-f2cd-47ba-a331-9edc08d0961f,רוח אלהים תנוח על צמח דוד בשנה הבאה,1386,False,excel_import,thematic_corpus,premium_candidate,research_phrase,medium,"Full-sentence messianic/redemption-themed research phrase (classical trope: Messiah/Davidic line/Temple/redemption timing); presented as an unverified researcher hypothesis, not a documented fact, so kept at research tier rather than public-default."
1d8fb630-d923-4f8a-8eaa-bf9ddfd5baed,שאול המלך יבוא את בש,1154,False,excel_import,thematic_corpus,premium_candidate,research_phrase,medium,"Full-sentence messianic/redemption-themed research phrase (classical trope: Messiah/Davidic line/Temple/redemption timing); presented as an unverified researcher hypothesis, not a documented fact, so kept at research tier rather than public-default."
29d1cb06-af7f-4a1a-8334-f544ef4707dd,שבעים ושלוש ∆ (חכמה = שבעים ושלוש),3960,False,excel_import,thematic_corpus,premium_candidate,research_phrase,medium,"Full-sentence messianic/redemption-themed research phrase (classical trope: Messiah/Davidic line/Temple/redemption timing); presented as an unverified researcher hypothesis, not a documented fact, so kept at research tier rather than public-default."
46be66c8-d38a-4955-89a8-198a250e1f4d,שואה בדרך (∆),538,False,excel_import,thematic_corpus,premium_candidate,research_phrase,medium,"Full-sentence messianic/redemption-themed research phrase (classical trope: Messiah/Davidic line/Temple/redemption timing); presented as an unverified researcher hypothesis, not a documented fact, so kept at research tier rather than public-default."
9145a4ec-516f-4e7e-85c3-bb1480b0317c,שואה שניה בדרך (משולש),3375,False,excel_import,thematic_corpus,premium_candidate,research_phrase,medium,"Full-sentence messianic/redemption-themed research phrase (classical trope: Messiah/Davidic line/Temple/redemption timing); presented as an unverified researcher hypothesis, not a documented fact, so kept at research tier rather than public-default."
04f14e0d-7f91-4447-ba2f-2c68ae69ee49,שומר פיו ולשונו שומר מצרות נפשו,2758,False,excel_import,thematic_corpus,premium_candidate,research_phrase,medium,"Full-sentence messianic/redemption-themed research phrase (classical trope: Messiah/Davidic line/Temple/redemption timing); presented as an unverified researcher hypothesis, not a documented fact, so kept at research tier rather than public-default."
0a3f754f-cce7-4ad8-8682-cdfa4c4e5532,שופר גדול - קץ גלות,1258,False,excel_import,thematic_corpus,premium_candidate,research_phrase,medium,"Full-sentence messianic/redemption-themed research phrase (classical trope: Messiah/Davidic line/Temple/redemption timing); presented as an unverified researcher hypothesis, not a documented fact, so kept at research tier rather than public-default."
6cb7c096-a889-4610-87c4-10cf8b9eeb40,שכינתו ∆,786,False,excel_import,thematic_corpus,premium_candidate,research_phrase,medium,"Full-sentence messianic/redemption-themed research phrase (classical trope: Messiah/Davidic line/Temple/redemption timing); presented as an unverified researcher hypothesis, not a documented fact, so kept at research tier rather than public-default."
8e422141-ebdf-47d3-b7d6-19fb4881cd14,שכינתך תנוח מילוי ללא מילה,1506,False,excel_import,thematic_corpus,premium_candidate,research_phrase,medium,"Full-sentence messianic/redemption-themed research phrase (classical trope: Messiah/Davidic line/Temple/redemption timing); presented as an unverified researcher hypothesis, not a documented fact, so kept at research tier rather than public-default."
6fbab824-f7fa-41c8-99cd-db10718c9ee7,שלח אליהו הנביא לעמך ישראל לפני,1329,False,excel_import,thematic_corpus,premium_candidate,research_phrase,medium,"Full-sentence messianic/redemption-themed research phrase (classical trope: Messiah/Davidic line/Temple/redemption timing); presented as an unverified researcher hypothesis, not a documented fact, so kept at research tier rather than public-default."
1bf524b9-cb59-47cf-8c22-e83fb1f288d5,שמע ישראל י ה ו ה אלוהינו י ה ו ה אחד + כולל,1210,False,excel_import,thematic_corpus,public_expanded,biblical_text,high,"Recognizable biblical/liturgical quotation, not a personal or third-party claim. The Shema (Deut. 6:4) — direct biblical/liturgical quotation."
676fc47c-a02e-4213-80c5-29d989e1a3e5,שמע ישראל יה וה אלהינו יה וה אחד,1118,False,excel_import,thematic_corpus,public_expanded,biblical_text,high,"Recognizable biblical/liturgical quotation, not a personal or third-party claim. The Shema (Deut. 6:4) — direct biblical/liturgical quotation."
7ac9077e-a503-429c-bdb5-73bd428e2812,שנה הבאה גאלת ישראל בעתה,1820,False,excel_import,thematic_corpus,premium_candidate,research_phrase,medium,"Full-sentence messianic/redemption-themed research phrase (classical trope: Messiah/Davidic line/Temple/redemption timing); presented as an unverified researcher hypothesis, not a documented fact, so kept at research tier rather than public-default."
649213f4-06a1-43d2-89ed-0c6c273dd4c2,שנת י ה ו ה,776,False,excel_import,thematic_corpus,premium_candidate,research_phrase,medium,"Full-sentence messianic/redemption-themed research phrase (classical trope: Messiah/Davidic line/Temple/redemption timing); presented as an unverified researcher hypothesis, not a documented fact, so kept at research tier rather than public-default."
4cc35796-8fef-4178-b15d-912f990b393f,שנת שבעים וחמש למדינת ישראל,2601,False,excel_import,thematic_corpus,premium_candidate,research_phrase,medium,"Full-sentence messianic/redemption-themed research phrase (classical trope: Messiah/Davidic line/Temple/redemption timing); presented as an unverified researcher hypothesis, not a documented fact, so kept at research tier rather than public-default."
ac57a26e-424d-4324-bb9a-ff6108f421c5,שער נון ישראל (ב ∆ ישר והפוך),12441,False,excel_import,thematic_corpus,premium_candidate,research_phrase,medium,"Full-sentence messianic/redemption-themed research phrase (classical trope: Messiah/Davidic line/Temple/redemption timing); presented as an unverified researcher hypothesis, not a documented fact, so kept at research tier rather than public-default."
6fbed340-818b-4422-82fb-c7a55f0a0d90,שתים שש שש שש ארבע ארבע ∆,3096,False,excel_import,thematic_corpus,premium_candidate,research_phrase,medium,"Full-sentence messianic/redemption-themed research phrase (classical trope: Messiah/Davidic line/Temple/redemption timing); presented as an unverified researcher hypothesis, not a documented fact, so kept at research tier rather than public-default."
9f3cf340-6465-42c6-9eae-e07c6a443019,תאמין שאתה צמח דוד בן ישי,1731,False,excel_import,personal_or_restricted,internal_only,source_claim,medium,Direct-address identity claim ('you believe that you are the Branch of David son of Yishai') — addressee unspecified/ambiguous.
4bac3b8c-7032-4c87-aff7-d9a698921c79,תאריך המלחמה האחרונה ∆,3960,False,excel_import,thematic_corpus,premium_candidate,research_phrase,medium,"Full-sentence messianic/redemption-themed research phrase (classical trope: Messiah/Davidic line/Temple/redemption timing); presented as an unverified researcher hypothesis, not a documented fact, so kept at research tier rather than public-default."
15188c6b-1597-431c-ab79-7e5933f86a4c,תהלה לדוד ∆,484,False,excel_import,thematic_corpus,premium_candidate,research_phrase,medium,"Full-sentence messianic/redemption-themed research phrase (classical trope: Messiah/Davidic line/Temple/redemption timing); presented as an unverified researcher hypothesis, not a documented fact, so kept at research tier rather than public-default."
a24d8ca9-4e79-4de0-8777-cafa5cb0c4c9,תורתו של בן דוד - אתבש,,False,excel_import,thematic_corpus,premium_candidate,research_phrase,medium,"Full-sentence messianic/redemption-themed research phrase (classical trope: Messiah/Davidic line/Temple/redemption timing); presented as an unverified researcher hypothesis, not a documented fact, so kept at research tier rather than public-default."
afcb13f2-6a29-439d-a650-1c0589fbd5e1,תיפח רוחם של מחשבי קיצים,1692,False,excel_import,thematic_corpus,public_expanded,biblical_text,high,"Recognizable biblical/liturgical quotation, not a personal or third-party claim. Known rabbinic dictum criticizing date-predictors ('תיפח רוחם של מחשבי קיצים') — a quotation, ironically self-aware, not a personal prophecy claim."
1736bda9-98f0-4cb8-a0cd-fd27c77553cf,תכונה יהודית = נשיאת הפכים,1832,False,excel_import,thematic_corpus,premium_candidate,research_phrase,medium,"Full-sentence messianic/redemption-themed research phrase (classical trope: Messiah/Davidic line/Temple/redemption timing); presented as an unverified researcher hypothesis, not a documented fact, so kept at research tier rather than public-default."
55a13627-9968-4e3e-8cb4-613a4a2d2f70,1437 אלוהים אוהב אותך - מילוי,5335,False,excel_import,thematic_corpus,public_expanded,quotation,high,"'God loves you' — generic devotional/faith affirmation, not an identity claim."
12cd1b57-5af5-4cba-9e74-5543b1ce0cfb,אוהב אותך סלי 1000,1449,False,excel_import,personal_or_restricted,internal_only,personal_note,medium,"Personal affection note naming a private individual ('Sally') — privacy precaution, not a defamatory concern. (Also listed under private-individuals.)"
0a114d65-354a-46d3-876b-0c8020515f8c,אתה הוא מלכנו ב ?,566,False,excel_import,unknown,human_review,source_claim,low,"Direct address with a trailing question mark ('You are our king?') — genuinely ambiguous whether this is devotional (addressed to God), a messianic-identity question, or something else; no notes to resolve it."
a5c4db92-ca74-411f-8b78-cf1607458e4e,"אמלוך בעולם בט""ו ניסן השנה",3960,False,excel_import,personal_or_restricted,internal_only,source_claim,high,'I will reign in the world on 15 Nisan this year' — grandiose first-person kingship claim with specific date.
e081d815-7c73-49b2-9ad7-e1b6420ceb0e,אמליך אותך השנה=פי 5,4440,False,excel_import,personal_or_restricted,internal_only,source_claim,high,"'I will crown you this year' — first-person kingship-bestowal claim, addressee ambiguous."
bdca5683-0252-48d7-b37c-e910055cdd0e,אני אומר בטרם 559,646,False,excel_import,personal_or_restricted,internal_only,source_claim,low,"First-person fragment ('I say, before... 559') — incomplete, subject unclear."
0e591f60-b761-464e-acb9-2639b68c5152,אני אל השמש 1237 933,737,False,excel_import,personal_or_restricted,internal_only,source_claim,low,"Cryptic first-person phrase ('I to/at the sun') — grammatically ambiguous, no notes."
1238749e-14cf-4454-aa6c-5819100e3a39,אני בראתי 2600 משולש,674,False,excel_import,personal_or_restricted,internal_only,source_claim,high,'I created' — grandiose first-person creation claim.
d2bb9a95-906b-4d9c-b005-dbd73741867b,אני הגימטריה 343 888 972,1382,False,excel_import,personal_or_restricted,internal_only,source_claim,high,'I am the gematria' — grandiose first-person self-identification.
98e2c82d-dda4-4ccd-bdd2-2265a93e1623,אני זרע דויד בן ישי האחרון,1004,False,excel_import,personal_or_restricted,internal_only,source_claim,high,'I am the last seed of David son of Yishai' — explicit first-person messianic-lineage claim.
189b84ee-7eeb-4d87-ab40-cfe7a81227b2,אני מודה לך על הנסיון האחרון 717 רגיל,2015,False,excel_import,thematic_corpus,public_expanded,personal_note,high,"'I thank You for the last trial' — benign devotional gratitude, not an identity claim."
c0c15dcf-e369-4698-b419-ee6caff09eaf,אני מזרעו של דויד בן ישי,1110,False,excel_import,personal_or_restricted,internal_only,source_claim,high,'I am of the seed of David son of Yishai' — first-person lineage claim.
4502e9ee-34ee-4dc7-a1ab-1ed3628b5fc1,אני משרש דויד המלך אות שניה,1792,False,excel_import,personal_or_restricted,internal_only,source_claim,high,'I am from the root of King David' — first-person lineage claim.
febbb846-da77-4bf1-83e0-fb2108732f37,אני שקר 360 אלבם,734,False,excel_import,personal_or_restricted,internal_only,source_claim,medium,"'I am a lie/falsehood' — unusual self-negating claim, intent unclear (self-criticism vs. wordplay)."
7b04166d-0243-45cf-9cd9-c1cad0a044ce,אקבל את המלוכה ב 781 - לפני,1335,False,excel_import,personal_or_restricted,internal_only,source_claim,high,'I will receive the kingship' — first-person kingship claim.
39ed261f-a8d6-4d76-a9d5-cb8560bf6d54,אקבל דרגת היחידה בחדש הבא =פי 5,5520,False,excel_import,personal_or_restricted,internal_only,source_claim,high,"'I will receive the Unity spiritual rank next month' — same theme as the already-resolved 'דרגתי' cluster, different wording."
1e60bca4-f38e-41d9-9053-300f1cd1b3b4,אקבל דרגת יחידה בעתה ר יפ,1544,False,excel_import,personal_or_restricted,internal_only,source_claim,high,'I will receive the Unity rank soon' — same rank-claim theme.
51b2e61d-fd2b-4082-8caf-44451b77989e,אקבל רוח חכמה כשלמה בעשירי בטבת,1820,False,excel_import,personal_or_restricted,internal_only,source_claim,high,'I will receive the spirit of wisdom like Solomon' — first-person claim of prophetic/royal endowment.
547bda5d-d114-4228-a57e-94c7a68f22c3,אתעבר בנשמת דויד המלך בעתה אות שניה,2833,False,excel_import,personal_or_restricted,internal_only,source_claim,high,'I will become infused with the soul of King David' — first-person reincarnation claim.
ceac01b2-08e6-4775-b4db-480ee97ffe05,אתקדש בשמן קדשו מילוי ללא מילה,1849,False,excel_import,personal_or_restricted,internal_only,source_claim,medium,"'I will be sanctified with His holy oil' — devotional self-sanctification, less grandiose than the identity claims above."
7d2dc8ad-4bdc-499d-940d-f77b7ff8353e,בחרת בי - אחרי,841,False,excel_import,personal_or_restricted,internal_only,source_claim,medium,'You chose me' — devotional claim of being chosen by God; could be generic devotion or specific messianic-chosen-one claim.
5676b8ec-36c6-4aa1-9c42-c370230c3a40,ביאתי בזמן הזה מילוי ללא,696,False,excel_import,personal_or_restricted,internal_only,source_claim,high,'My coming [is] at this time' — first-person messianic-arrival claim.
aca020ca-c3a9-43cb-b035-35038c33f381,בסוף כל לילה אני בא,337,False,excel_import,personal_or_restricted,internal_only,source_claim,low,"Poetic first-person statement ('at the end of every night I come') — ambiguous referent, no notes."
a0d3c1ba-d386-41c9-b54c-9e24a5406f8f,בראתי את העולם 2448,4456,False,excel_import,personal_or_restricted,internal_only,source_claim,high,'I created the world' — strong first-person divine self-claim.
6ca274ac-de95-46d0-a5ea-023f79bdfd2a,האחד שלי 1317,358,False,excel_import,personal_or_restricted,internal_only,source_claim,medium,'The One is mine' — possessive claim about God/the One.
474bfb46-e2ae-44d7-847e-a7321e09d58f,הדעה שלי נכונה 555 2121,1600,False,excel_import,personal_or_restricted,internal_only,source_claim,high,"'My opinion is correct' — mundane personal assertion, not sensitive."
7b79d189-200d-49d7-95eb-6190b4faab63,הטבע שלי 449 1643 369,426,False,excel_import,personal_or_restricted,internal_only,source_claim,medium,"'My nature' — personal descriptive note, unclear scope."
be3dd4c9-d5de-4167-86ed-8a88d15b58b3,הכסא שלי . מסתתר 404 מילוי 337 ו 590,426,False,excel_import,personal_or_restricted,internal_only,source_claim,medium,'My throne' — possessive royal claim.
4100a32d-c0c1-4718-a581-050b752b3af8,הלב שלי 343 כמו סאלי חיה מור,343,False,excel_import,personal_or_restricted,internal_only,personal_note,medium,"Names a private (non-public-figure) individual in a personal/affectionate note; kept out of public display as a privacy precaution, not because of any defamatory content."
df1f6b49-f872-4bea-9439-1c5bb0ca2b96,הנצחון שלי 2212 676 2626,549,False,excel_import,personal_or_restricted,internal_only,source_claim,medium,"'My victory' — personal claim, unclear scope."
b6fbb027-e20f-4a5b-9960-1cfb0abf2442,הפעלת נשמתי 385 313 17:55,1385,False,excel_import,personal_or_restricted,internal_only,source_claim,medium,'Activation of my soul [17:55]' — personal/mystical experience note with timestamp.
6ff919da-32ac-46f0-bbd4-17f7fe69fc7a,הקדוש ברוך הוא בחר בי צמח דויד המלך,1134,False,excel_import,personal_or_restricted,internal_only,source_claim,high,"'God chose ME [as] the Branch of King David' — explicit, unambiguous first-person messianic self-identification."
da150148-7ba1-4cd6-a0a4-0a0005fd9194,ואנוכי הסתר אסתיר פני ביום ההוא,1644,False,excel_import,thematic_corpus,public_expanded,biblical_text,high,"Recognizable biblical/liturgical quotation, not a personal or third-party claim. Deuteronomy 31:18 'ואנכי הסתר אסתיר פני' — direct Torah quotation (God speaking)."
ce2a392d-8e51-41e3-afd8-08f6dd8a3c37,ואני שמעתי ולא אבין (דניאל) ( ∆ ישר והפוך),12441,False,excel_import,thematic_corpus,public_expanded,biblical_text,high,"Recognizable biblical/liturgical quotation, not a personal or third-party claim. Daniel 12:8 'ואני שמעתי ולא אבין' — direct quotation, explicitly self-labeled '(דניאל)' by the source."
ef8a6f86-dc9e-4628-933b-2965af70fdda,זה אני יוצא בתוך מצרים,988,False,excel_import,thematic_corpus,public_expanded,biblical_text,high,"Recognizable biblical/liturgical quotation, not a personal or third-party claim. Echoes Exodus 11:4 'אני יוצא בתוך מצרים' — God speaking through Moses; biblical paraphrase, not a personal claim."
6a422351-c91b-4963-8cde-3a53d314f19e,זוהי שנת ביאתי לגאולת ישראל,2212,False,excel_import,personal_or_restricted,internal_only,source_claim,high,'This is the year of MY coming for Israel's redemption' — first-person messianic-arrival claim with year specificity.
25717fd1-aced-4e95-a836-4b14059871f8,זכיתי אטבח 477 בעתה,363,False,excel_import,personal_or_restricted,internal_only,source_claim,low,"'I merited/won [atbash], soon' — fragment, unclear what was merited."
48c65640-54ad-42a6-9be4-3cd94dce5c5a,כתר שלי 96 960 148,960,False,excel_import,personal_or_restricted,internal_only,source_claim,medium,'My crown' — possessive royal claim.
43555693-4832-4e6d-993c-c702fae0dd8f,לי כסא דוד משולש - פי 5 - מילוי ללא 5900,2660,False,excel_import,personal_or_restricted,internal_only,source_claim,high,'David's throne is mine' — explicit self-identification as heir to David's throne.
af2f3d0b-36c2-4aef-8665-65a17e3460ad,לי לב של אבן 1111,455,False,excel_import,personal_or_restricted,internal_only,source_claim,medium,'I have a heart of stone' — echoes the Ezekiel 36:26 idiom but phrased personally; ambiguous confession vs. paraphrase.
b66d4bf7-4412-4c15-912c-47490a177669,לי מלכות דוד בן ישי אות שניה,1694,False,excel_import,personal_or_restricted,internal_only,source_claim,high,'Mine is the kingdom of David son of Yishai' — explicit royal/messianic self-claim.
a1623f60-fafc-4d52-9a62-d28aedb2dd4f,נשמתי משה משולש - 1437 מילוי רגיל,4240,False,excel_import,personal_or_restricted,internal_only,source_claim,high,'My soul is Moses' — first-person reincarnation/soul-identity claim.
dfb290fe-5e9a-478b-8ea6-cb38b22d281c,אז ימלא שחוק פינו מלחמת גוג ומגוג,1237,False,excel_import,thematic_corpus,deep_research_candidate,research_phrase,medium,"Geopolitical/eschatological war-prophecy phrase (nation- or organization-level: Gog/Magog, Iran, Russia, USA, Hamas, Ataturk dam); no named individual involved, but an alarming unverified prediction, so kept at research tier rather than public-default."
b4d9b30f-0868-40e1-86dc-5ff38618309a,איראן תחל מלחמת עולם נגד אדום בישראל,2015,False,excel_import,thematic_corpus,deep_research_candidate,research_phrase,medium,"Geopolitical/eschatological war-prophecy phrase (nation- or organization-level: Gog/Magog, Iran, Russia, USA, Hamas, Ataturk dam); no named individual involved, but an alarming unverified prediction, so kept at research tier rather than public-default."
c452cd57-3ab9-4d95-91f2-84185b521ddb,איראן תישלח אטום לתל אביב,1541,False,excel_import,thematic_corpus,deep_research_candidate,research_phrase,medium,"Geopolitical/eschatological war-prophecy phrase (nation- or organization-level: Gog/Magog, Iran, Russia, USA, Hamas, Ataturk dam); no named individual involved, but an alarming unverified prediction, so kept at research tier rather than public-default."
1caf61df-2d7d-487c-a1ff-92dafd64acc6,אמחה את זכר עמלק במלחמת גוג ומגוג,1512,False,excel_import,thematic_corpus,deep_research_candidate,research_phrase,medium,"Geopolitical/eschatological war-prophecy phrase (nation- or organization-level: Gog/Magog, Iran, Russia, USA, Hamas, Ataturk dam); no named individual involved, but an alarming unverified prediction, so kept at research tier rather than public-default."
c480b449-f783-4998-9369-20af76407d08,בני ישמעאל אחרית הימים = 1237,1237,False,excel_import,thematic_corpus,deep_research_candidate,research_phrase,medium,"Geopolitical/eschatological war-prophecy phrase (nation- or organization-level: Gog/Magog, Iran, Russia, USA, Hamas, Ataturk dam); no named individual involved, but an alarming unverified prediction, so kept at research tier rather than public-default."
34592772-e60c-4846-ab24-26b670afecaa,ישמעאל הגלות האחרונה בימינו =ph 5,6440,False,excel_import,thematic_corpus,deep_research_candidate,research_phrase,medium,"Geopolitical/eschatological war-prophecy phrase (nation- or organization-level: Gog/Magog, Iran, Russia, USA, Hamas, Ataturk dam); no named individual involved, but an alarming unverified prediction, so kept at research tier rather than public-default."
edd30c03-671c-4443-a14e-f057fd46a9e2,מלחמה אטומית בין ארהב לרוסיה,1170,False,excel_import,thematic_corpus,deep_research_candidate,research_phrase,medium,"Geopolitical/eschatological war-prophecy phrase (nation- or organization-level: Gog/Magog, Iran, Russia, USA, Hamas, Ataturk dam); no named individual involved, but an alarming unverified prediction, so kept at research tier rather than public-default."
dfedce86-0e81-4662-ae15-8a5cfbb41628,מלחמת גוג ומגוג 337 - 1780 +541,2220,False,excel_import,thematic_corpus,deep_research_candidate,research_phrase,medium,"Geopolitical/eschatological war-prophecy phrase (nation- or organization-level: Gog/Magog, Iran, Russia, USA, Hamas, Ataturk dam); no named individual involved, but an alarming unverified prediction, so kept at research tier rather than public-default."
e8c3c5c1-1a53-4aa9-8fec-57b30eabe3f8,מלחמת גוג ומגוג אטומית בזמן הזה,1170,False,excel_import,thematic_corpus,deep_research_candidate,research_phrase,medium,"Geopolitical/eschatological war-prophecy phrase (nation- or organization-level: Gog/Magog, Iran, Russia, USA, Hamas, Ataturk dam); no named individual involved, but an alarming unverified prediction, so kept at research tier rather than public-default."
fbd34768-bbb6-467d-8382-9483f5cf1c81,מלחמת גוג ומגוג בעתה 3996 ∆,3996,False,excel_import,thematic_corpus,deep_research_candidate,research_phrase,medium,"Geopolitical/eschatological war-prophecy phrase (nation- or organization-level: Gog/Magog, Iran, Russia, USA, Hamas, Ataturk dam); no named individual involved, but an alarming unverified prediction, so kept at research tier rather than public-default."
808de4ae-bb58-40ba-bc0a-67dc681d55ba,מלחמת גוג ומגוג בעתה משולש,1741,False,excel_import,thematic_corpus,deep_research_candidate,research_phrase,medium,"Geopolitical/eschatological war-prophecy phrase (nation- or organization-level: Gog/Magog, Iran, Russia, USA, Hamas, Ataturk dam); no named individual involved, but an alarming unverified prediction, so kept at research tier rather than public-default."
617401a1-d1b0-4f1c-bf17-61e7a49120be,מלחמת גוג ומגוג בשנה הזאת,1358,False,excel_import,thematic_corpus,deep_research_candidate,research_phrase,medium,"Geopolitical/eschatological war-prophecy phrase (nation- or organization-level: Gog/Magog, Iran, Russia, USA, Hamas, Ataturk dam); no named individual involved, but an alarming unverified prediction, so kept at research tier rather than public-default."
7e1e3918-464a-4f33-ad08-4062a4e2f1f8,מלחמת גוג ומגוג תחל השנה,1386,False,excel_import,thematic_corpus,deep_research_candidate,research_phrase,medium,"Geopolitical/eschatological war-prophecy phrase (nation- or organization-level: Gog/Magog, Iran, Russia, USA, Hamas, Ataturk dam); no named individual involved, but an alarming unverified prediction, so kept at research tier rather than public-default."
76e6c8d5-2960-4b61-85fd-8aa2a1010383,מלחמת גוג ומגוג תחל השנה בחודש אלול,1773,False,excel_import,thematic_corpus,deep_research_candidate,research_phrase,medium,"Geopolitical/eschatological war-prophecy phrase (nation- or organization-level: Gog/Magog, Iran, Russia, USA, Hamas, Ataturk dam); no named individual involved, but an alarming unverified prediction, so kept at research tier rather than public-default."
a151ba3a-81df-478c-8a5a-658acbc0c7cf,מפלת רומי במלחמת גוג ומגוג,1396,False,excel_import,thematic_corpus,deep_research_candidate,research_phrase,medium,"Geopolitical/eschatological war-prophecy phrase (nation- or organization-level: Gog/Magog, Iran, Russia, USA, Hamas, Ataturk dam); no named individual involved, but an alarming unverified prediction, so kept at research tier rather than public-default."
592a0a65-91fd-4bc3-904d-0ae8d48a04a1,ניצחון מוחלט בחמאס = 1789משולש,,False,excel_import,thematic_corpus,deep_research_candidate,research_phrase,medium,"Geopolitical/eschatological war-prophecy phrase (nation- or organization-level: Gog/Magog, Iran, Russia, USA, Hamas, Ataturk dam); no named individual involved, but an alarming unverified prediction, so kept at research tier rather than public-default."
e57da25f-59cd-444b-9697-77e206ceefbc,נשיא ארהב 44 אטבח,3860,False,excel_import,thematic_corpus,deep_research_candidate,research_phrase,medium,"Geopolitical/eschatological war-prophecy phrase (nation- or organization-level: Gog/Magog, Iran, Russia, USA, Hamas, Ataturk dam); no named individual involved, but an alarming unverified prediction, so kept at research tier rather than public-default."
901579a0-3383-4bd7-a979-05df1ce6ab8f,סוד גוג ומגוג 3333,2660,False,excel_import,thematic_corpus,deep_research_candidate,research_phrase,medium,"Geopolitical/eschatological war-prophecy phrase (nation- or organization-level: Gog/Magog, Iran, Russia, USA, Hamas, Ataturk dam); no named individual involved, but an alarming unverified prediction, so kept at research tier rather than public-default."
9a3560ea-642b-4767-9133-9a7f70a94724,סכר אטאטורק מסתתר רוחב הסכר 1820 מטר,541,False,excel_import,thematic_corpus,deep_research_candidate,research_phrase,medium,"Geopolitical/eschatological war-prophecy phrase (nation- or organization-level: Gog/Magog, Iran, Russia, USA, Hamas, Ataturk dam); no named individual involved, but an alarming unverified prediction, so kept at research tier rather than public-default."
c6466dc9-18e1-4800-a8fe-0cf9172a86df,סריה תפציץ סכר אטאטורק 3630 איק בכר,1551,False,excel_import,thematic_corpus,deep_research_candidate,research_phrase,medium,"Geopolitical/eschatological war-prophecy phrase (nation- or organization-level: Gog/Magog, Iran, Russia, USA, Hamas, Ataturk dam); no named individual involved, but an alarming unverified prediction, so kept at research tier rather than public-default."
e5cf22e9-926e-48b1-9b80-33d55e5b736d,צמח דויד בן ישי מוסתר בארהב בזמן הזה,1566,False,excel_import,thematic_corpus,deep_research_candidate,research_phrase,medium,"Geopolitical/eschatological war-prophecy phrase (nation- or organization-level: Gog/Magog, Iran, Russia, USA, Hamas, Ataturk dam); no named individual involved, but an alarming unverified prediction, so kept at research tier rather than public-default."
1164fef5-a002-4b23-b018-5c9f9f2be177,קץ איראן 2137 861,452,False,excel_import,thematic_corpus,deep_research_candidate,research_phrase,medium,"Geopolitical/eschatological war-prophecy phrase (nation- or organization-level: Gog/Magog, Iran, Russia, USA, Hamas, Ataturk dam); no named individual involved, but an alarming unverified prediction, so kept at research tier rather than public-default."
cefddfd4-7b85-463f-89e2-fc897f47b8de,....בימינו = 2216 גדול,161,False,excel_import,numeric_word_construct,public_expanded,research_phrase,high,Bare word/short phrase plus one or more computed gematria values; no interpretive or personal claim beyond the numeric record (Phase-1-style word=value entry).
1bb09793-493b-44f4-8024-c97c08a76bd4,(דוד בן ישי בית הלחמי)=891!,,False,excel_import,numeric_word_construct,public_expanded,research_phrase,high,Bare word/short phrase plus one or more computed gematria values; no interpretive or personal claim beyond the numeric record (Phase-1-style word=value entry).
806d69b2-d9ef-46d9-869b-042e94cc2886,1118 משיחי יבוא,387,False,excel_import,numeric_word_construct,public_expanded,research_phrase,high,Bare word/short phrase plus one or more computed gematria values; no interpretive or personal claim beyond the numeric record (Phase-1-style word=value entry).
8d83b648-05a6-4b53-a194-aa187e1cfe38,1358 יהוה 2216 איק כר,357,False,excel_import,numeric_word_construct,public_expanded,research_phrase,high,Bare word/short phrase plus one or more computed gematria values; no interpretive or personal claim beyond the numeric record (Phase-1-style word=value entry).
2660ff76-72ab-4782-95f6-580342143590,1692 - מסתתר (אחד) - רגיל 2133,,False,excel_import,numeric_word_construct,public_expanded,research_phrase,high,Bare word/short phrase plus one or more computed gematria values; no interpretive or personal claim beyond the numeric record (Phase-1-style word=value entry).
5168c7a4-e010-4c5b-9288-0acf7df48713,1692 המשיח מילוי,459,False,excel_import,numeric_word_construct,public_expanded,research_phrase,high,Bare word/short phrase plus one or more computed gematria values; no interpretive or personal claim beyond the numeric record (Phase-1-style word=value entry).
9652694a-89ff-4153-90d9-768b4700ab92,1820 ריבוע גדול,331,False,excel_import,numeric_word_construct,public_expanded,research_phrase,high,Bare word/short phrase plus one or more computed gematria values; no interpretive or personal claim beyond the numeric record (Phase-1-style word=value entry).
f3b8442f-ce6c-4f3a-b38c-5f389809e2f5,1820+הקץ = 195,195,False,excel_import,numeric_word_construct,public_expanded,research_phrase,high,Bare word/short phrase plus one or more computed gematria values; no interpretive or personal claim beyond the numeric record (Phase-1-style word=value entry).
235216b7-773b-4183-ac3d-92eb2bf5f3a9,1948 אליהו הנביא בימינו - מסתתר 1506,1695,False,excel_import,numeric_word_construct,public_expanded,research_phrase,high,Bare word/short phrase plus one or more computed gematria values; no interpretive or personal claim beyond the numeric record (Phase-1-style word=value entry).
a8e78e46-2708-4323-b509-bde781e972b9,222 - יש גם 12000 דם 4740,397,False,excel_import,numeric_word_construct,public_expanded,research_phrase,high,Bare word/short phrase plus one or more computed gematria values; no interpretive or personal claim beyond the numeric record (Phase-1-style word=value entry).
829ad81f-66a0-4f57-bab1-1ba1a8750a2e,"227 = ברכה - הקב""ה ממטיר לנו שפע",1227,False,excel_import,numeric_word_construct,public_expanded,research_phrase,high,Bare word/short phrase plus one or more computed gematria values; no interpretive or personal claim beyond the numeric record (Phase-1-style word=value entry).
d25cbced-3065-48a0-879d-4ed49a57ff0d,2504 ביאת המשיח,776,False,excel_import,numeric_word_construct,public_expanded,research_phrase,high,Bare word/short phrase plus one or more computed gematria values; no interpretive or personal claim beyond the numeric record (Phase-1-style word=value entry).
f555fb16-54d9-4f59-88df-d881374d281d,255 עזר כנגדו - אתבש,696,False,excel_import,numeric_word_construct,public_expanded,research_phrase,high,Bare word/short phrase plus one or more computed gematria values; no interpretive or personal claim beyond the numeric record (Phase-1-style word=value entry).
74744042-6f05-4c4e-9806-a1c3300ba7a9,266 1820 סוד - מיקום האות,386,False,excel_import,numeric_word_construct,public_expanded,research_phrase,high,Bare word/short phrase plus one or more computed gematria values; no interpretive or personal claim beyond the numeric record (Phase-1-style word=value entry).
fe2b5d6b-ecd1-4308-b7fd-fb04e65eebb0,266 266 - אחרי גדול,262,False,excel_import,numeric_word_construct,public_expanded,research_phrase,high,Bare word/short phrase plus one or more computed gematria values; no interpretive or personal claim beyond the numeric record (Phase-1-style word=value entry).
398e0ec1-3ce9-43b3-9cd3-9e8cc9b38b6a,266 514 396 644 ראשי תיבות,1329,False,excel_import,numeric_word_construct,public_expanded,research_phrase,high,Bare word/short phrase plus one or more computed gematria values; no interpretive or personal claim beyond the numeric record (Phase-1-style word=value entry).
695f1134-ac79-44d5-a625-4514731b270e,266 דוד לפני 644 סופי תיבות 1266 אטבח,1820,False,excel_import,numeric_word_construct,public_expanded,research_phrase,high,Bare word/short phrase plus one or more computed gematria values; no interpretive or personal claim beyond the numeric record (Phase-1-style word=value entry).
ff1997ca-56d4-4b12-919e-60d65f33ddf0,266 ו 337 - ריבוע,294,False,excel_import,numeric_word_construct,public_expanded,research_phrase,high,Bare word/short phrase plus one or more computed gematria values; no interpretive or personal claim beyond the numeric record (Phase-1-style word=value entry).
45a8f5b0-c663-41a8-b6f7-893f268d820b,266 משולש,676,False,excel_import,numeric_word_construct,public_expanded,research_phrase,high,Bare word/short phrase plus one or more computed gematria values; no interpretive or personal claim beyond the numeric record (Phase-1-style word=value entry).
d54f38aa-5ad6-4c39-9fe3-2fa28c19cede,266 צמח דוד בימינו - פי 5 - גדול ואותיות,14000,False,excel_import,numeric_word_construct,public_expanded,research_phrase,high,Bare word/short phrase plus one or more computed gematria values; no interpretive or personal claim beyond the numeric record (Phase-1-style word=value entry).
79d65bfa-62e9-496c-87e3-f61182157927,2660 3370 6440 5140 5330 3960 עשרה - רגיל ומסתתר,18200,False,excel_import,numeric_word_construct,public_expanded,research_phrase,high,Bare word/short phrase plus one or more computed gematria values; no interpretive or personal claim beyond the numeric record (Phase-1-style word=value entry).
4d6068a6-8f2e-449e-a7cd-8c8920ad1fb9,2662 המשיח רגיל,606,False,excel_import,numeric_word_construct,public_expanded,research_phrase,high,Bare word/short phrase plus one or more computed gematria values; no interpretive or personal claim beyond the numeric record (Phase-1-style word=value entry).
2a9cec42-4cf6-402e-9be3-d998aa032c1c,2756 - לפני,170,False,excel_import,numeric_word_construct,public_expanded,research_phrase,high,Bare word/short phrase plus one or more computed gematria values; no interpretive or personal claim beyond the numeric record (Phase-1-style word=value entry).
d8dbfaf7-1ee5-4e1a-8d3a-edd58a91bf42,3333 בזמן הזה - מסתתר,2212,False,excel_import,numeric_word_construct,public_expanded,research_phrase,high,Bare word/short phrase plus one or more computed gematria values; no interpretive or personal claim beyond the numeric record (Phase-1-style word=value entry).
1b75e26a-94f8-44d3-a580-b1d2895bb7fb,337 266 שליחיך,378,False,excel_import,thematic_corpus,public_expanded,biblical_text,high,"Recognizable biblical/liturgical quotation, not a personal or third-party claim. 'שליחיך' (Your emissaries) — 2nd-person possessive fragment, not 1st person; matched only via loose substring, benign thematic fragment."
400ad0ec-82f9-4d74-acf6-464877044d60,3370 2660 סוד יהוה,96,False,excel_import,numeric_word_construct,public_expanded,research_phrase,high,Bare word/short phrase plus one or more computed gematria values; no interpretive or personal claim beyond the numeric record (Phase-1-style word=value entry).
b52fb93f-cd08-4f5f-bcdb-7e5e9a49db78,358 יצמח,148,False,excel_import,numeric_word_construct,public_expanded,research_phrase,high,Bare word/short phrase plus one or more computed gematria values; no interpretive or personal claim beyond the numeric record (Phase-1-style word=value entry).
be3d768a-2b5c-4084-a706-93dee976b29f,363 396 120 781 26 לפני,170,False,excel_import,numeric_word_construct,public_expanded,research_phrase,high,Bare word/short phrase plus one or more computed gematria values; no interpretive or personal claim beyond the numeric record (Phase-1-style word=value entry).
895749e4-9499-4cc3-a4e9-cc0a57e4a137,363 396 120 781 26 ן רגיל שער נון,7760,False,excel_import,numeric_word_construct,public_expanded,research_phrase,high,Bare word/short phrase plus one or more computed gematria values; no interpretive or personal claim beyond the numeric record (Phase-1-style word=value entry).
4e4fb4f3-4ebd-462d-b6c6-e041ccdc67b0,363 396 120 781 26 שער ן מסתתר,1720,False,excel_import,numeric_word_construct,public_expanded,research_phrase,high,Bare word/short phrase plus one or more computed gematria values; no interpretive or personal claim beyond the numeric record (Phase-1-style word=value entry).
d363ca88-c73a-4421-b820-2eb929374120,3630 ב,2,False,excel_import,numeric_word_construct,public_expanded,research_phrase,high,Bare word/short phrase plus one or more computed gematria values; no interpretive or personal claim beyond the numeric record (Phase-1-style word=value entry).
127eecea-a61b-4b5c-a104-743e9548bd86,396 דויד בן ישי - רגיל ומסתתר - 12020 - ריבוע,3960,False,excel_import,numeric_word_construct,public_expanded,research_phrase,high,Bare word/short phrase plus one or more computed gematria values; no interpretive or personal claim beyond the numeric record (Phase-1-style word=value entry).
572ad645-81f2-4e6d-bc7a-d9cc2c82ba9b,396 זה 474 - מסתתר,1112,False,excel_import,numeric_word_construct,public_expanded,research_phrase,high,Bare word/short phrase plus one or more computed gematria values; no interpretive or personal claim beyond the numeric record (Phase-1-style word=value entry).
cd0c9fcf-bc7a-402e-8890-a9dcbe6576f6,396 יגאלנו בשנה הזו - לפני הארי,1717,False,excel_import,numeric_word_construct,public_expanded,research_phrase,high,Bare word/short phrase plus one or more computed gematria values; no interpretive or personal claim beyond the numeric record (Phase-1-style word=value entry).
e481471a-a338-4621-b62c-55b4307eb28d,396 מלך ישראל האחרון - לפני,2880,False,excel_import,numeric_word_construct,public_expanded,research_phrase,high,Bare word/short phrase plus one or more computed gematria values; no interpretive or personal claim beyond the numeric record (Phase-1-style word=value entry).
2a99ec42-996c-4d17-8a3c-33430e0beda5,396 סוד 1820 מיקום האות,386,False,excel_import,numeric_word_construct,public_expanded,research_phrase,high,Bare word/short phrase plus one or more computed gematria values; no interpretive or personal claim beyond the numeric record (Phase-1-style word=value entry).
5a6ef96f-96e3-46ef-b439-f294b3e7aa72,396 צמח דוד - פי 5 - אטבח,6440,False,excel_import,numeric_word_construct,public_expanded,research_phrase,high,Bare word/short phrase plus one or more computed gematria values; no interpretive or personal claim beyond the numeric record (Phase-1-style word=value entry).
4b46a0fa-bc2a-4448-81e4-95442387996e,396 רגיל ואותיות !,,False,excel_import,numeric_word_construct,public_expanded,research_phrase,high,Bare word/short phrase plus one or more computed gematria values; no interpretive or personal claim beyond the numeric record (Phase-1-style word=value entry).
fc60c39e-6db5-4987-bc3e-854be21ea593,434 בעשרים ושנים דצמבר אלפים חמש עשרה,3630,False,excel_import,thematic_corpus,deep_research_candidate,research_phrase,low,"'434, on 22 December 2015' — a specific spelled-out date reference, same texture as the already-resolved date-prophecy cluster but a different literal string so not caught by that exclusion query; no notes tie the date to a documented event."
fbf914d0-4cb9-4971-8357-f249786a14c1,448 - מלך המשיח,453,False,excel_import,numeric_word_construct,public_expanded,research_phrase,high,Bare word/short phrase plus one or more computed gematria values; no interpretive or personal claim beyond the numeric record (Phase-1-style word=value entry).
719f8189-b3e0-4e52-979c-90091b8791a4,474 הגואל - מסתתר,1145,False,excel_import,numeric_word_construct,public_expanded,research_phrase,high,Bare word/short phrase plus one or more computed gematria values; no interpretive or personal claim beyond the numeric record (Phase-1-style word=value entry).
882ee3d0-e287-4022-9f87-c73053ec5c60,506 מסתתר מספר - מסתתר,1111,False,excel_import,numeric_word_construct,public_expanded,research_phrase,high,Bare word/short phrase plus one or more computed gematria values; no interpretive or personal claim beyond the numeric record (Phase-1-style word=value entry).
4333b4c7-5bbf-4ab5-b1f1-af5e641b1661,514 * 10 - רגיל ואתויות,6440,False,excel_import,numeric_word_construct,public_expanded,research_phrase,high,Bare word/short phrase plus one or more computed gematria values; no interpretive or personal claim beyond the numeric record (Phase-1-style word=value entry).
d6238704-8cb7-4b95-9b2d-2ad1d19bcccc,514 צמח דוד בן ישי,644,False,excel_import,numeric_word_construct,public_expanded,research_phrase,high,Bare word/short phrase plus one or more computed gematria values; no interpretive or personal claim beyond the numeric record (Phase-1-style word=value entry).
3cf9bfb2-f4e6-46d1-b720-c6e213078651,533 337 משיח - מסתתר,1458,False,excel_import,numeric_word_construct,public_expanded,research_phrase,high,Bare word/short phrase plus one or more computed gematria values; no interpretive or personal claim beyond the numeric record (Phase-1-style word=value entry).
251bf3a6-1028-4c69-a754-af928a7c51b4,533 יודע סודי - מסתתר,1506,False,excel_import,numeric_word_construct,public_expanded,research_phrase,high,Bare word/short phrase plus one or more computed gematria values; no interpretive or personal claim beyond the numeric record (Phase-1-style word=value entry).
3914a328-715d-41ea-a21f-f2262471ae30,533 עוזר 644,283,False,excel_import,numeric_word_construct,public_expanded,research_phrase,high,Bare word/short phrase plus one or more computed gematria values; no interpretive or personal claim beyond the numeric record (Phase-1-style word=value entry).
7f8c2ae0-4de0-436d-8805-10a779f76929,644 - מסתתר - 1424 אתבש,1803,False,excel_import,numeric_word_construct,public_expanded,research_phrase,high,Bare word/short phrase plus one or more computed gematria values; no interpretive or personal claim beyond the numeric record (Phase-1-style word=value entry).
1bb1b7d5-7c91-43bc-97dd-15264084e46b,644 1820 סוד מספר - מדבר רבה,3860,False,excel_import,numeric_word_construct,public_expanded,research_phrase,high,Bare word/short phrase plus one or more computed gematria values; no interpretive or personal claim beyond the numeric record (Phase-1-style word=value entry).
081ba72b-39e1-49df-8bd4-0a58bbe7e9d7,644 363 533 1820 781 אתבש,703,False,excel_import,numeric_word_construct,public_expanded,research_phrase,high,Bare word/short phrase plus one or more computed gematria values; no interpretive or personal claim beyond the numeric record (Phase-1-style word=value entry).
edf5949e-9845-44d2-9cde-2e5534a95d6c,644 533 1820 781 מיקום הות,607,False,excel_import,numeric_word_construct,public_expanded,research_phrase,high,Bare word/short phrase plus one or more computed gematria values; no interpretive or personal claim beyond the numeric record (Phase-1-style word=value entry).
3b9c1c44-84bc-4485-b74f-fb9f066e03aa,644 אתבש,703,False,excel_import,numeric_word_construct,public_expanded,research_phrase,high,Bare word/short phrase plus one or more computed gematria values; no interpretive or personal claim beyond the numeric record (Phase-1-style word=value entry).
6b4d022d-455c-43a8-b7ef-6b351180a26f,644 ב 533,2,False,excel_import,numeric_word_construct,public_expanded,research_phrase,high,Bare word/short phrase plus one or more computed gematria values; no interpretive or personal claim beyond the numeric record (Phase-1-style word=value entry).
00375267-bda5-448c-9eeb-20f7127befef,644 ב 781,2,False,excel_import,numeric_word_construct,public_expanded,research_phrase,high,Bare word/short phrase plus one or more computed gematria values; no interpretive or personal claim beyond the numeric record (Phase-1-style word=value entry).
22a85483-b93b-4579-af14-9c0b73272c71,644 במלכות - 1396 מסתתר,1644,False,excel_import,numeric_word_construct,public_expanded,research_phrase,high,Bare word/short phrase plus one or more computed gematria values; no interpretive or personal claim beyond the numeric record (Phase-1-style word=value entry).
d5d77bec-4680-40d8-ac90-b26df1d80b95,644 יבנה - לפני,237,False,excel_import,numeric_word_construct,public_expanded,research_phrase,high,Bare word/short phrase plus one or more computed gematria values; no interpretive or personal claim beyond the numeric record (Phase-1-style word=value entry).
d8224ea2-7eea-42de-ac5b-68a0fcd52f38,644 יגאלנו - מילוי ללא,2216,False,excel_import,numeric_word_construct,public_expanded,research_phrase,high,Bare word/short phrase plus one or more computed gematria values; no interpretive or personal claim beyond the numeric record (Phase-1-style word=value entry).
cb08e6dc-166e-4954-831a-5fc42f3b790a,644 צמח דוד - רת,752,False,excel_import,numeric_word_construct,public_expanded,research_phrase,high,Bare word/short phrase plus one or more computed gematria values; no interpretive or personal claim beyond the numeric record (Phase-1-style word=value entry).
61418c1f-daf5-488a-b7c7-b974de5b5950,644 צמח דוד בן ישי - מסתתר,1644,False,excel_import,numeric_word_construct,public_expanded,research_phrase,high,Bare word/short phrase plus one or more computed gematria values; no interpretive or personal claim beyond the numeric record (Phase-1-style word=value entry).
70e9d7be-9ebf-4062-bc1e-afcd2c04f456,644 צמח דוד האמיתי,26000,False,excel_import,numeric_word_construct,public_expanded,research_phrase,high,Bare word/short phrase plus one or more computed gematria values; no interpretive or personal claim beyond the numeric record (Phase-1-style word=value entry).
8d64523a-44b1-4cee-b8c8-91366e3167e3,644 צמח דוד האמיתי בימינו - פי 5 - ראשי תיבות,2015,False,excel_import,numeric_word_construct,public_expanded,research_phrase,high,Bare word/short phrase plus one or more computed gematria values; no interpretive or personal claim beyond the numeric record (Phase-1-style word=value entry).
f56a7acf-0379-4802-b8d5-9c60615032d9,666 - מילו ורגיל,335,False,excel_import,numeric_word_construct,public_expanded,research_phrase,high,Bare word/short phrase plus one or more computed gematria values; no interpretive or personal claim beyond the numeric record (Phase-1-style word=value entry).
35511f83-3e62-4ca4-bf36-250e337851e8,666 - מילוי,96,False,excel_import,numeric_word_construct,public_expanded,research_phrase,high,Bare word/short phrase plus one or more computed gematria values; no interpretive or personal claim beyond the numeric record (Phase-1-style word=value entry).
f9ba33c6-4ecd-46fc-a34b-5a2f2c446179,776 מיקום האות,608,False,excel_import,numeric_word_construct,public_expanded,research_phrase,high,Bare word/short phrase plus one or more computed gematria values; no interpretive or personal claim beyond the numeric record (Phase-1-style word=value entry).
b4d8badd-9bc4-42a2-bdcb-647cc1189e1a,9328 - מסתתר - אתבש 358,1803,False,excel_import,numeric_word_construct,public_expanded,research_phrase,high,Bare word/short phrase plus one or more computed gematria values; no interpretive or personal claim beyond the numeric record (Phase-1-style word=value entry).
2f9cef0b-c30d-4cb9-b30f-9206c930a19a,"988 בימינו - אתב""ש",821,False,excel_import,numeric_word_construct,public_expanded,research_phrase,high,Bare word/short phrase plus one or more computed gematria values; no interpretive or personal claim beyond the numeric record (Phase-1-style word=value entry).
4a04ccb5-8887-4cf3-b9bb-bfb639404dda,אבוא בניסן 167000,182,False,excel_import,numeric_word_construct,public_expanded,research_phrase,high,Bare word/short phrase plus one or more computed gematria values; no interpretive or personal claim beyond the numeric record (Phase-1-style word=value entry).
fb25b467-fd71-446c-8127-e3c0b3b79368,אבוא ואגאלכם 260 111 380 671,1237,False,excel_import,numeric_word_construct,public_expanded,research_phrase,high,Bare word/short phrase plus one or more computed gematria values; no interpretive or personal claim beyond the numeric record (Phase-1-style word=value entry).
3b8cf154-e27d-49c2-94cd-5ca0116b24d2,אבל נובה 96 343,96,False,excel_import,numeric_word_construct,public_expanded,research_phrase,high,Bare word/short phrase plus one or more computed gematria values; no interpretive or personal claim beyond the numeric record (Phase-1-style word=value entry).
eb8e69ae-a126-480a-a611-b4405cc9961c,אגשים את חלומך 1118,3180,False,excel_import,numeric_word_construct,public_expanded,research_phrase,high,Bare word/short phrase plus one or more computed gematria values; no interpretive or personal claim beyond the numeric record (Phase-1-style word=value entry).
af8df54a-204f-4673-8455-cdbc68587f34,אדמה 755 480 (שמה הראשון של לילית),640,False,excel_import,numeric_word_construct,public_expanded,research_phrase,high,Bare word/short phrase plus one or more computed gematria values; no interpretive or personal claim beyond the numeric record (Phase-1-style word=value entry).
299166b8-3fb9-4383-b905-872d06094d4e,אהבת אמת 1202 (הוא שאול המלך = 849),849,False,excel_import,numeric_word_construct,public_expanded,research_phrase,high,Bare word/short phrase plus one or more computed gematria values; no interpretive or personal claim beyond the numeric record (Phase-1-style word=value entry).
875309e8-ab02-4525-8ba5-8089d2f0b858,אהרן חי 701 2560,274,False,excel_import,numeric_word_construct,public_expanded,research_phrase,high,Bare word/short phrase plus one or more computed gematria values; no interpretive or personal claim beyond the numeric record (Phase-1-style word=value entry).
868193b1-b050-46fd-ad8d-d82e549ed3df,אומץ 137 731,137,False,excel_import,numeric_word_construct,public_expanded,research_phrase,high,Bare word/short phrase plus one or more computed gematria values; no interpretive or personal claim beyond the numeric record (Phase-1-style word=value entry).
435c5f4f-373b-463c-8895-d033a1bfee80,אור 3370 פי 5 - רגיל לפני אחרי,33700,False,excel_import,numeric_word_construct,public_expanded,research_phrase,high,Bare word/short phrase plus one or more computed gematria values; no interpretive or personal claim beyond the numeric record (Phase-1-style word=value entry).
80bb518f-84a2-4351-96cc-ca14de1d71b6,אור יפרץ 5550,587,False,excel_import,numeric_word_construct,public_expanded,research_phrase,high,Bare word/short phrase plus one or more computed gematria values; no interpretive or personal claim beyond the numeric record (Phase-1-style word=value entry).
ccc37d3f-dc9f-421c-a93b-4b44f0152564,אורגזמה 853 (סאלי מתנתך),1011,False,excel_import,numeric_word_construct,public_expanded,research_phrase,high,Bare word/short phrase plus one or more computed gematria values; no interpretive or personal claim beyond the numeric record (Phase-1-style word=value entry).
f3bb7329-9ff7-4c21-ba38-55b2e46d9b13,אות אמת 898 3158,848,False,excel_import,numeric_word_construct,public_expanded,research_phrase,high,Bare word/short phrase plus one or more computed gematria values; no interpretive or personal claim beyond the numeric record (Phase-1-style word=value entry).
2e463dc1-94ff-4b21-a984-fae937999646,אחד ארבע שבע ושתיים (1472) רגיל 1424 - מסתתר 2216,1424,False,excel_import,numeric_word_construct,public_expanded,research_phrase,high,Bare word/short phrase plus one or more computed gematria values; no interpretive or personal claim beyond the numeric record (Phase-1-style word=value entry).
b933db1a-34aa-4f4c-a355-935e034e7bd0,אחדות בישראל + האתבש זה 2368,962,False,excel_import,numeric_word_construct,public_expanded,research_phrase,high,Bare word/short phrase plus one or more computed gematria values; no interpretive or personal claim beyond the numeric record (Phase-1-style word=value entry).
19d39b18-0604-4616-b7d4-826bd6638608,אחדות ישראל 644 אותיות לפני,960,False,excel_import,numeric_word_construct,public_expanded,research_phrase,high,Bare word/short phrase plus one or more computed gematria values; no interpretive or personal claim beyond the numeric record (Phase-1-style word=value entry).
d6ac8e9e-8f69-427e-9f3d-c7b1ba6b9202,אחריב את העולם 1333,2310,False,excel_import,numeric_word_construct,public_expanded,research_phrase,high,Bare word/short phrase plus one or more computed gematria values; no interpretive or personal claim beyond the numeric record (Phase-1-style word=value entry).
9310ce6b-873f-4503-b5e7-b12bb6a5be96,אחרית הימינם - פי 5 - מסתתר גדול,7170,False,excel_import,numeric_word_construct,public_expanded,research_phrase,high,Bare word/short phrase plus one or more computed gematria values; no interpretive or personal claim beyond the numeric record (Phase-1-style word=value entry).
1832c550-fbbb-4e47-9614-e6a826c5fab3,אחת ארבע שבע ושתיים = 1820 (1472),1820,False,excel_import,numeric_word_construct,public_expanded,research_phrase,high,Bare word/short phrase plus one or more computed gematria values; no interpretive or personal claim beyond the numeric record (Phase-1-style word=value entry).
c398f7ab-5434-4916-be3c-3d7169e0bf96,איזון אדם 1109 4560 861,119,False,excel_import,numeric_word_construct,public_expanded,research_phrase,high,Bare word/short phrase plus one or more computed gematria values; no interpretive or personal claim beyond the numeric record (Phase-1-style word=value entry).
ceb1acb1-4d8c-41af-9613-360cb4fdcd3c,אין לחם 1313 - 670 - 2662 - 676 537,139,False,excel_import,numeric_word_construct,public_expanded,research_phrase,high,Bare word/short phrase plus one or more computed gematria values; no interpretive or personal claim beyond the numeric record (Phase-1-style word=value entry).
28531c78-b01c-4130-9aea-ea40ead99e52,אין תאריך 2672,692,False,excel_import,numeric_word_construct,public_expanded,research_phrase,high,Bare word/short phrase plus one or more computed gematria values; no interpretive or personal claim beyond the numeric record (Phase-1-style word=value entry).
d63dc9b0-fbde-439c-97a3-2dfc0b1fc7fb,איראני 878 151,272,False,excel_import,numeric_word_construct,public_expanded,research_phrase,high,Bare word/short phrase plus one or more computed gematria values; no interpretive or personal claim beyond the numeric record (Phase-1-style word=value entry).
44c24d00-5fd7-4944-aaf2-a970d3b8034f,איש הניסים 852,486,False,excel_import,numeric_word_construct,public_expanded,research_phrase,high,Bare word/short phrase plus one or more computed gematria values; no interpretive or personal claim beyond the numeric record (Phase-1-style word=value entry).
115eaf29-92f0-4151-b9c1-bf48e1221d93,אישתי הרוחנית משולש מילה 18200 משולש 69069 19884,1400,False,excel_import,numeric_word_construct,public_expanded,research_phrase,high,Bare word/short phrase plus one or more computed gematria values; no interpretive or personal claim beyond the numeric record (Phase-1-style word=value entry).
85dd7a20-8c88-4bbe-86d4-9298b8343179,אכזבה אסתר 599,696,False,excel_import,numeric_word_construct,public_expanded,research_phrase,high,Bare word/short phrase plus one or more computed gematria values; no interpretive or personal claim beyond the numeric record (Phase-1-style word=value entry).
df4a2832-6d76-46b3-b3f2-8cdd6164925f,אל בני ישראל 1234,634,False,excel_import,numeric_word_construct,public_expanded,research_phrase,high,Bare word/short phrase plus one or more computed gematria values; no interpretive or personal claim beyond the numeric record (Phase-1-style word=value entry).
9ce90065-baf0-44e5-9546-4b16e8d046e6,אל השמש 3590 1000 844,676,False,excel_import,numeric_word_construct,public_expanded,research_phrase,high,Bare word/short phrase plus one or more computed gematria values; no interpretive or personal claim beyond the numeric record (Phase-1-style word=value entry).
173fa450-92ed-4b6a-b310-d2c5460b912b,אלהים ברא 1333 1120,289,False,excel_import,numeric_word_construct,public_expanded,research_phrase,high,Bare word/short phrase plus one or more computed gematria values; no interpretive or personal claim beyond the numeric record (Phase-1-style word=value entry).
5720b3e2-07b3-4d64-9444-5124bb8c53b0,אלול 337 - ריבוע,355,False,excel_import,numeric_word_construct,public_expanded,research_phrase,high,Bare word/short phrase plus one or more computed gematria values; no interpretive or personal claim beyond the numeric record (Phase-1-style word=value entry).
e181c6cd-aa9f-4a4e-bf7b-0f0900edf943,אליהו הנביא 644,120,False,excel_import,numeric_word_construct,public_expanded,research_phrase,high,Bare word/short phrase plus one or more computed gematria values; no interpretive or personal claim beyond the numeric record (Phase-1-style word=value entry).
14a0059b-563c-44ef-abc9-c6852593ff22,אליהו הנביא יגלה אותי ב781 - מיקום,266,False,excel_import,numeric_word_construct,public_expanded,research_phrase,high,Bare word/short phrase plus one or more computed gematria values; no interpretive or personal claim beyond the numeric record (Phase-1-style word=value entry).
78ed14a4-c299-41ec-9860-62ebde0f9296,אליהו יבא בעוד עשרים וששה יום=פי 5,7170,False,excel_import,numeric_word_construct,public_expanded,research_phrase,high,Bare word/short phrase plus one or more computed gematria values; no interpretive or personal claim beyond the numeric record (Phase-1-style word=value entry).
a946926b-5cbe-42d1-a02b-8c9ef1d3ee67,אליהו יבשר לצמח דויד 396 - מילוי גדול 11390,2756,False,excel_import,numeric_word_construct,public_expanded,research_phrase,high,Bare word/short phrase plus one or more computed gematria values; no interpretive or personal claim beyond the numeric record (Phase-1-style word=value entry).
ee38efd7-8237-49a3-80d4-f239f6fa035e,אלכסיי לילה נועה 337 - אלכסיי לילה = 661,1382,False,excel_import,numeric_word_construct,public_expanded,research_phrase,high,Bare word/short phrase plus one or more computed gematria values; no interpretive or personal claim beyond the numeric record (Phase-1-style word=value entry).
ec5bc3ee-e31d-4dad-a4f9-b4df8199cb34,אלמוג כהן 155 380,155,False,excel_import,numeric_word_construct,public_expanded,research_phrase,high,Bare word/short phrase plus one or more computed gematria values; no interpretive or personal claim beyond the numeric record (Phase-1-style word=value entry).
410f830d-7c12-4f69-8b06-a523c16569ac,אלף 12358,111,False,excel_import,numeric_word_construct,public_expanded,research_phrase,high,Bare word/short phrase plus one or more computed gematria values; no interpretive or personal claim beyond the numeric record (Phase-1-style word=value entry).
c9dbbf71-65a2-464e-9a46-c0baae5d4ea8,אלף מאתים ושתים (1202),1358,False,excel_import,numeric_word_construct,public_expanded,research_phrase,high,Bare word/short phrase plus one or more computed gematria values; no interpretive or personal claim beyond the numeric record (Phase-1-style word=value entry).
da50664a-cf1b-45fe-a9ba-199ba4f295ba,אלף מאתים ושתים 1358,1871,False,excel_import,numeric_word_construct,public_expanded,research_phrase,high,Bare word/short phrase plus one or more computed gematria values; no interpretive or personal claim beyond the numeric record (Phase-1-style word=value entry).
c3a6cc91-663d-4709-84d4-f04ee9f62eec,אלף= 511 - משולש ריבוע 143,511,False,excel_import,numeric_word_construct,public_expanded,research_phrase,high,Bare word/short phrase plus one or more computed gematria values; no interpretive or personal claim beyond the numeric record (Phase-1-style word=value entry).
0fcbe92b-f4e9-490a-b88f-eea46813d515,אמחה את זכר עמלק ב 781 מילוי,5140,False,excel_import,numeric_word_construct,public_expanded,research_phrase,high,Bare word/short phrase plus one or more computed gematria values; no interpretive or personal claim beyond the numeric record (Phase-1-style word=value entry).
7de75111-6761-4a22-ad47-e6f0b15e6ee6,אמריקה צפון קוריאה = 904,904,False,excel_import,numeric_word_construct,public_expanded,research_phrase,high,Bare word/short phrase plus one or more computed gematria values; no interpretive or personal claim beyond the numeric record (Phase-1-style word=value entry).
0aa46b8b-bf13-4459-ac35-b1ccb1729407,אמת ויציב 2270,559,False,excel_import,numeric_word_construct,public_expanded,research_phrase,high,Bare word/short phrase plus one or more computed gematria values; no interpretive or personal claim beyond the numeric record (Phase-1-style word=value entry).
38f354ac-7948-4a7b-b632-b8c9c94b71b9,אנחנו בחלום כבר אלבם. 2368,888,False,excel_import,numeric_word_construct,public_expanded,research_phrase,high,Bare word/short phrase plus one or more computed gematria values; no interpretive or personal claim beyond the numeric record (Phase-1-style word=value entry).
4023fdcb-7e8c-4554-9b6f-c6d915fcdac4,אנקי ואנליל יתגלו 737 1878,1445,False,excel_import,numeric_word_construct,public_expanded,research_phrase,high,Bare word/short phrase plus one or more computed gematria values; no interpretive or personal claim beyond the numeric record (Phase-1-style word=value entry).
6257793f-6534-441d-bda9-132c259f0073,אסון בלילית 2626 776 1234,599,False,excel_import,numeric_word_construct,public_expanded,research_phrase,high,Bare word/short phrase plus one or more computed gematria values; no interpretive or personal claim beyond the numeric record (Phase-1-style word=value entry).
384999bf-f720-4746-b8d4-25f363fe5230,אסתר אישתי הפיזית לא 1958,6760,False,excel_import,numeric_word_construct,public_expanded,research_phrase,high,Bare word/short phrase plus one or more computed gematria values; no interpretive or personal claim beyond the numeric record (Phase-1-style word=value entry).
2a00d895-0163-453c-88f2-d93208fd1098,אפס 1371 414 555 661,141,False,excel_import,numeric_word_construct,public_expanded,research_phrase,high,Bare word/short phrase plus one or more computed gematria values; no interpretive or personal claim beyond the numeric record (Phase-1-style word=value entry).
609056ee-105e-40e7-99fb-537bd2e93bce,אצפה לך 1820 - הפתיחה מביאה 2701,644,False,excel_import,numeric_word_construct,public_expanded,research_phrase,high,Bare word/short phrase plus one or more computed gematria values; no interpretive or personal claim beyond the numeric record (Phase-1-style word=value entry).
30a72402-3333-40b0-add2-7de1d6f9e2ff,אראך 702 832,222,False,excel_import,numeric_word_construct,public_expanded,research_phrase,high,Bare word/short phrase plus one or more computed gematria values; no interpretive or personal claim beyond the numeric record (Phase-1-style word=value entry).
c1d06c5a-efd3-45ea-9f4c-7bcbf0ff2646,ארץ אמתית 2910,1142,False,excel_import,numeric_word_construct,public_expanded,research_phrase,high,Bare word/short phrase plus one or more computed gematria values; no interpretive or personal claim beyond the numeric record (Phase-1-style word=value entry).
7a73886a-142e-46c5-9050-605c3ad25676,אש בירושלים 474,899,False,excel_import,numeric_word_construct,public_expanded,research_phrase,high,Bare word/short phrase plus one or more computed gematria values; no interpretive or personal claim beyond the numeric record (Phase-1-style word=value entry).
6946883d-ce44-4b1f-88b0-4bca5ebf5910,אשת איש 1378,1012,False,excel_import,numeric_word_construct,public_expanded,research_phrase,high,Bare word/short phrase plus one or more computed gematria values; no interpretive or personal claim beyond the numeric record (Phase-1-style word=value entry).
e10e9271-3619-407a-842f-c940492455b2,את לילית 552 881,881,False,excel_import,numeric_word_construct,public_expanded,research_phrase,high,Bare word/short phrase plus one or more computed gematria values; no interpretive or personal claim beyond the numeric record (Phase-1-style word=value entry).
d118c141-a9bf-465d-9ebe-e204d3d4d0ca,אתה אל מסתתר - רגיל 1537,2269,False,excel_import,numeric_word_construct,public_expanded,research_phrase,high,Bare word/short phrase plus one or more computed gematria values; no interpretive or personal claim beyond the numeric record (Phase-1-style word=value entry).
f6da3c45-49d7-4967-8105-82653c494878,ב2015 ר יפ,292,False,excel_import,numeric_word_construct,public_expanded,research_phrase,high,Bare word/short phrase plus one or more computed gematria values; no interpretive or personal claim beyond the numeric record (Phase-1-style word=value entry).
49ca0c84-6e72-47b0-8a3b-5b13bfe55382,באו 396,9,False,excel_import,numeric_word_construct,public_expanded,research_phrase,high,Bare word/short phrase plus one or more computed gematria values; no interpretive or personal claim beyond the numeric record (Phase-1-style word=value entry).
afce07dc-f050-408a-9a81-b2dda473b587,באחישנה עד ט בטבת 781 - אתבש =פי 5,13350,False,excel_import,numeric_word_construct,public_expanded,research_phrase,high,Bare word/short phrase plus one or more computed gematria values; no interpretive or personal claim beyond the numeric record (Phase-1-style word=value entry).
7e957bdb-6faa-4f7f-b9d3-97b7fd8400dd,באיזה מוצאי שביעית יבא 3906 ב ∆,3906,False,excel_import,numeric_word_construct,public_expanded,research_phrase,high,Bare word/short phrase plus one or more computed gematria values; no interpretive or personal claim beyond the numeric record (Phase-1-style word=value entry).
35c68463-b35b-42f4-9701-55f6f232159e,בדידות = עונש= נושע = 426,,False,excel_import,numeric_word_construct,public_expanded,research_phrase,high,Bare word/short phrase plus one or more computed gematria values; no interpretive or personal claim beyond the numeric record (Phase-1-style word=value entry).
b677b8a0-9787-4b79-9fa3-f3b7c3b4d137,בו דויד ∆ 1186 שרש דויד בנ ישי 1186,1186,False,excel_import,numeric_word_construct,public_expanded,research_phrase,high,Bare word/short phrase plus one or more computed gematria values; no interpretive or personal claim beyond the numeric record (Phase-1-style word=value entry).
45dcc44f-6732-4cb5-8eee-e44fbfa5dd95,בו דויד 120 ∆,32,False,excel_import,numeric_word_construct,public_expanded,research_phrase,high,Bare word/short phrase plus one or more computed gematria values; no interpretive or personal claim beyond the numeric record (Phase-1-style word=value entry).
77660d19-e087-4e63-b068-56b9d34ca412,בוא המשיח 396,372,False,excel_import,numeric_word_construct,public_expanded,research_phrase,high,Bare word/short phrase plus one or more computed gematria values; no interpretive or personal claim beyond the numeric record (Phase-1-style word=value entry).
6dcd3c69-896b-4e59-a268-4885c8b61611,בימינו 2880 - מסתתר,1537,False,excel_import,numeric_word_construct,public_expanded,research_phrase,high,Bare word/short phrase plus one or more computed gematria values; no interpretive or personal claim beyond the numeric record (Phase-1-style word=value entry).
62965ad6-13d8-4dcb-8719-88e3634c62fe,בינה מלאכותית סוד 1410,2368,False,excel_import,numeric_word_construct,public_expanded,research_phrase,high,Bare word/short phrase plus one or more computed gematria values; no interpretive or personal claim beyond the numeric record (Phase-1-style word=value entry).
85ce5db1-e81b-4088-bfe1-d1f9b7b67c14,בית דוד= 426,426,False,excel_import,numeric_word_construct,public_expanded,research_phrase,high,Bare word/short phrase plus one or more computed gematria values; no interpretive or personal claim beyond the numeric record (Phase-1-style word=value entry).
eff434c8-af4d-4abd-b7d1-07434270da62,בית הויה האחרון בירושלם 1296 3860 ∆ וגם,3860,False,excel_import,numeric_word_construct,public_expanded,research_phrase,high,Bare word/short phrase plus one or more computed gematria values; no interpretive or personal claim beyond the numeric record (Phase-1-style word=value entry).
523a577e-0b65-4dc6-a093-d88b568f8085,בית המקדש המקדש ירד ב2016 - סת,1118,False,excel_import,numeric_word_construct,public_expanded,research_phrase,high,Bare word/short phrase plus one or more computed gematria values; no interpretive or personal claim beyond the numeric record (Phase-1-style word=value entry).
457ea907-3d22-4b88-a3d5-8072a5844596,בית המקדש יבנה בניסן מילוי גדול 7600,1134,False,excel_import,numeric_word_construct,public_expanded,research_phrase,high,Bare word/short phrase plus one or more computed gematria values; no interpretive or personal claim beyond the numeric record (Phase-1-style word=value entry).
6b681bf2-7539-43a1-9a1e-6de008ffff11,במוצאי שביעית הזה ∆ אותיות אחרי 1118,3806,False,excel_import,numeric_word_construct,public_expanded,research_phrase,high,Bare word/short phrase plus one or more computed gematria values; no interpretive or personal claim beyond the numeric record (Phase-1-style word=value entry).
0749f936-7771-4f01-bd79-45a65a7bb96c,במוצאי שבת פינחס אליהו = 1111,4456,False,excel_import,numeric_word_construct,public_expanded,research_phrase,high,Bare word/short phrase plus one or more computed gematria values; no interpretive or personal claim beyond the numeric record (Phase-1-style word=value entry).
e532c630-0e7b-430c-9728-af85a3dbd34f,בן דוד נסתר - מילוי גדול 4340 - לפני 552,776,False,excel_import,numeric_word_construct,public_expanded,research_phrase,high,Bare word/short phrase plus one or more computed gematria values; no interpretive or personal claim beyond the numeric record (Phase-1-style word=value entry).
dad25c89-a5c1-4f48-bf25-dc35e86e7a19,בן שכם חמור 666,666,False,excel_import,numeric_word_construct,public_expanded,research_phrase,high,Bare word/short phrase plus one or more computed gematria values; no interpretive or personal claim beyond the numeric record (Phase-1-style word=value entry).
eeda3072-f0ee-44db-a49e-58b93a8a8ee2,בנימין ביבי נתניהו ימחה זכר עמלק = 1237,,False,excel_import,thematic_corpus,premium_candidate,research_phrase,medium,"Positive, non-defamatory messianic-era trope ('will erase the memory of Amalek') attributed to a real sitting politician; presented as unverified researcher hypothesis, not fact."
f3199481-71ba-4fb5-a3b3-5cc5d1cd8971,בעל ברוחני אתה 1270 אתבש,1310,False,excel_import,numeric_word_construct,public_expanded,research_phrase,high,Bare word/short phrase plus one or more computed gematria values; no interpretive or personal claim beyond the numeric record (Phase-1-style word=value entry).
cae57738-7d27-4ce5-8f14-d1d4cdf70a9e,בעל ברוחני אתה 676,881,False,excel_import,numeric_word_construct,public_expanded,research_phrase,high,Bare word/short phrase plus one or more computed gematria values; no interpretive or personal claim beyond the numeric record (Phase-1-style word=value entry).
36a9c285-ad43-44f0-8731-5a9161027fa4,בעל רוחני רק 555 2388 1202 גם אלבם משולש 2388,676,False,excel_import,numeric_word_construct,public_expanded,research_phrase,high,Bare word/short phrase plus one or more computed gematria values; no interpretive or personal claim beyond the numeric record (Phase-1-style word=value entry).
190577d8-b535-4afa-ba80-7320d5045608,בעלי שאול 1533,449,False,excel_import,numeric_word_construct,public_expanded,research_phrase,high,Bare word/short phrase plus one or more computed gematria values; no interpretive or personal claim beyond the numeric record (Phase-1-style word=value entry).
363269b8-5632-4b95-b42a-e2ec98c3fd13,בצלמך 717,182,False,excel_import,numeric_word_construct,public_expanded,research_phrase,high,Bare word/short phrase plus one or more computed gematria values; no interpretive or personal claim beyond the numeric record (Phase-1-style word=value entry).
77a4c0e6-d1f5-4850-b754-b6178646766e,בצלמך אני 717,243,False,excel_import,numeric_word_construct,public_expanded,research_phrase,high,Bare word/short phrase plus one or more computed gematria values; no interpretive or personal claim beyond the numeric record (Phase-1-style word=value entry).
c7a5367c-7df4-4bb2-9b38-137eab6edcb6,בר יהודה אפרים מילוי 2212,2212,False,excel_import,numeric_word_construct,public_expanded,research_phrase,high,Bare word/short phrase plus one or more computed gematria values; no interpretive or personal claim beyond the numeric record (Phase-1-style word=value entry).
c0372b97-7650-4415-a808-32da86c86a16,בראק חוסיין אובאמה מסתתר - פי 5 - איק בכר,12700,False,excel_import,thematic_corpus,public_expanded,research_phrase,high,"Bare name + calculation-method notation only ('מסתתר, פי 5, איק בכר'); no claim or accusation attached to the named figure."
15d2a328-6b91-4464-b0a5-3b567272ac23,ברית בין הבתרים רגיל 1331 ועוד ∆ 5430,6440,False,excel_import,numeric_word_construct,public_expanded,research_phrase,high,Bare word/short phrase plus one or more computed gematria values; no interpretive or personal claim beyond the numeric record (Phase-1-style word=value entry).
b5a7d25c-a76e-4d0a-b6a4-c5680bd7b97f,בשבילי מה בראת 1506 - אתבש,5330,False,excel_import,numeric_word_construct,public_expanded,research_phrase,high,Bare word/short phrase plus one or more computed gematria values; no interpretive or personal claim beyond the numeric record (Phase-1-style word=value entry).
fe330751-b564-469e-b6eb-2380a1ade137,בת הזוג שלך 776,773,False,excel_import,numeric_word_construct,public_expanded,research_phrase,high,Bare word/short phrase plus one or more computed gematria values; no interpretive or personal claim beyond the numeric record (Phase-1-style word=value entry).
27aeb700-d03d-4d58-b561-d199d480f275,בת קול 405 538 1110,538,False,excel_import,numeric_word_construct,public_expanded,research_phrase,high,Bare word/short phrase plus one or more computed gematria values; no interpretive or personal claim beyond the numeric record (Phase-1-style word=value entry).
5b222114-d792-4722-b8b8-cfef737d4465,גאולת 396,440,False,excel_import,numeric_word_construct,public_expanded,research_phrase,high,Bare word/short phrase plus one or more computed gematria values; no interpretive or personal claim beyond the numeric record (Phase-1-style word=value entry).
ea29904a-e8e8-4ed4-a8ec-f35dd988f43f,גאולת אמת מילוי 1313 ו 3333,881,False,excel_import,numeric_word_construct,public_expanded,research_phrase,high,Bare word/short phrase plus one or more computed gematria values; no interpretive or personal claim beyond the numeric record (Phase-1-style word=value entry).
b5d54567-6c30-49ca-b544-6e486f26d596,גאולת ישראל השלמה ב2015 - פי 5 - רגיל ואותיות,15200,False,excel_import,numeric_word_construct,public_expanded,research_phrase,high,Bare word/short phrase plus one or more computed gematria values; no interpretive or personal claim beyond the numeric record (Phase-1-style word=value entry).
98307e9a-4b8f-4a04-8584-176340070c6e,גאולתך ב781,462,False,excel_import,numeric_word_construct,public_expanded,research_phrase,high,Bare word/short phrase plus one or more computed gematria values; no interpretive or personal claim beyond the numeric record (Phase-1-style word=value entry).
a860145a-1b63-4f02-a271-64519b50ee3c,גדולת האל 3180 911,479,False,excel_import,numeric_word_construct,public_expanded,research_phrase,high,Bare word/short phrase plus one or more computed gematria values; no interpretive or personal claim beyond the numeric record (Phase-1-style word=value entry).
d1cf53fa-e5d9-48d3-932f-811cbf5e72da,גדולת יהוה - 873 1570 1101,469,False,excel_import,numeric_word_construct,public_expanded,research_phrase,high,Bare word/short phrase plus one or more computed gematria values; no interpretive or personal claim beyond the numeric record (Phase-1-style word=value entry).
9c7aacdf-012d-419f-ac03-2c2e0a5d6791,גדולת מרדכי 717,717,False,excel_import,numeric_word_construct,public_expanded,research_phrase,high,Bare word/short phrase plus one or more computed gematria values; no interpretive or personal claim beyond the numeric record (Phase-1-style word=value entry).
7d433a4f-802c-4b76-b086-970e6857bde4,גדלך 634,57,False,excel_import,numeric_word_construct,public_expanded,research_phrase,high,Bare word/short phrase plus one or more computed gematria values; no interpretive or personal claim beyond the numeric record (Phase-1-style word=value entry).
ef5affb5-b0e5-4e07-86ef-7acc538bf193,גואל 396 337 - אתבש,743,False,excel_import,numeric_word_construct,public_expanded,research_phrase,high,Bare word/short phrase plus one or more computed gematria values; no interpretive or personal claim beyond the numeric record (Phase-1-style word=value entry).
12943a14-dddf-4d61-a8e4-fb87674fa66c,גואל ישן 878 776,400,False,excel_import,numeric_word_construct,public_expanded,research_phrase,high,Bare word/short phrase plus one or more computed gematria values; no interpretive or personal claim beyond the numeric record (Phase-1-style word=value entry).
41b8ebe3-4e4a-4385-97c2-589c28d50ea5,גואלו 266 514 396 644,46,False,excel_import,numeric_word_construct,public_expanded,research_phrase,high,Bare word/short phrase plus one or more computed gematria values; no interpretive or personal claim beyond the numeric record (Phase-1-style word=value entry).
8a0c969e-8e34-42da-bb0e-ae3e7778bc19,גילוי גוף השכינה 1258 גוף השכינה 784,538,False,excel_import,numeric_word_construct,public_expanded,research_phrase,high,Bare word/short phrase plus one or more computed gematria values; no interpretive or personal claim beyond the numeric record (Phase-1-style word=value entry).
440e6d93-cc0a-43e5-85d2-13911af3958b,גילוי יהוה 85,85,False,excel_import,numeric_word_construct,public_expanded,research_phrase,high,Bare word/short phrase plus one or more computed gematria values; no interpretive or personal claim beyond the numeric record (Phase-1-style word=value entry).
3c8b691a-e38d-4b77-8a4a-13f236e90f57,גירוש לילית 600 999,999,False,excel_import,numeric_word_construct,public_expanded,research_phrase,high,Bare word/short phrase plus one or more computed gematria values; no interpretive or personal claim beyond the numeric record (Phase-1-style word=value entry).
7486300f-72ba-45a7-b637-80a60c72ca0c,גל חום 1881 2544 2600,87,False,excel_import,numeric_word_construct,public_expanded,research_phrase,high,Bare word/short phrase plus one or more computed gematria values; no interpretive or personal claim beyond the numeric record (Phase-1-style word=value entry).
dcee597d-d017-444c-9495-2acdabd4356b,גלוי שכינה 800 מילוי,434,False,excel_import,numeric_word_construct,public_expanded,research_phrase,high,Bare word/short phrase plus one or more computed gematria values; no interpretive or personal claim beyond the numeric record (Phase-1-style word=value entry).
51a7a59f-14d8-41c9-9d66-22b255260fb0,גן זהב 67 683 119 750,67,False,excel_import,numeric_word_construct,public_expanded,research_phrase,high,Bare word/short phrase plus one or more computed gematria values; no interpretive or personal claim beyond the numeric record (Phase-1-style word=value entry).
d223e3f3-de71-4e07-a108-4b7755c7d868,גן עדן זה כאן 1258 260,260,False,excel_import,numeric_word_construct,public_expanded,research_phrase,high,Bare word/short phrase plus one or more computed gematria values; no interpretive or personal claim beyond the numeric record (Phase-1-style word=value entry).
a4d25099-7a93-4d3e-8360-2db4c9eaf52d,געגוע 152,152,False,excel_import,numeric_word_construct,public_expanded,research_phrase,high,Bare word/short phrase plus one or more computed gematria values; no interpretive or personal claim beyond the numeric record (Phase-1-style word=value entry).
271a0658-7723-4718-9db2-b84370dbee5b,גרזן . מילוי בלבד. הרגיל 260 וכן יש 676,506,False,excel_import,numeric_word_construct,public_expanded,research_phrase,high,Bare word/short phrase plus one or more computed gematria values; no interpretive or personal claim beyond the numeric record (Phase-1-style word=value entry).
b3ecf647-9714-4183-9a26-20df40a5e909,דוד המלך כאן 131 360 832,180,False,excel_import,numeric_word_construct,public_expanded,research_phrase,high,Bare word/short phrase plus one or more computed gematria values; no interpretive or personal claim beyond the numeric record (Phase-1-style word=value entry).
10616358-c80b-4287-b58d-cb58842039fd,דוד המלך מסתתר 2701,453,False,excel_import,numeric_word_construct,public_expanded,research_phrase,high,Bare word/short phrase plus one or more computed gematria values; no interpretive or personal claim beyond the numeric record (Phase-1-style word=value entry).
864fb044-0b22-44c4-96be-85678247f16f,דוד תדר גבוה 491 1236 634!!!,634,False,excel_import,numeric_word_construct,public_expanded,research_phrase,high,Bare word/short phrase plus one or more computed gematria values; no interpretive or personal claim beyond the numeric record (Phase-1-style word=value entry).
afb58f00-f254-4693-9411-cdc78f8aafc8,דודי צח 1360,122,False,excel_import,numeric_word_construct,public_expanded,research_phrase,high,Bare word/short phrase plus one or more computed gematria values; no interpretive or personal claim beyond the numeric record (Phase-1-style word=value entry).
1380a93c-8b9e-432f-bb61-b745ac7e30c9,דויד המלך 119 599 555 470,119,False,excel_import,numeric_word_construct,public_expanded,research_phrase,high,Bare word/short phrase plus one or more computed gematria values; no interpretive or personal claim beyond the numeric record (Phase-1-style word=value entry).
30cbad30-7c64-4c24-9688-cf64e7e08e5c,דיבור חכמה 1155,295,False,excel_import,numeric_word_construct,public_expanded,research_phrase,high,Bare word/short phrase plus one or more computed gematria values; no interpretive or personal claim beyond the numeric record (Phase-1-style word=value entry).
b594284d-d067-4ab8-b929-4fcbc3057815,דיקטטורה 2368 3130,343,False,excel_import,numeric_word_construct,public_expanded,research_phrase,high,Bare word/short phrase plus one or more computed gematria values; no interpretive or personal claim beyond the numeric record (Phase-1-style word=value entry).
84d77df5-6716-42d9-84e1-6c8fcca24719,דמעות משיח 8780,878,False,excel_import,numeric_word_construct,public_expanded,research_phrase,high,Bare word/short phrase plus one or more computed gematria values; no interpretive or personal claim beyond the numeric record (Phase-1-style word=value entry).
663e6160-1c5a-43c6-9511-5f2180ee56dd,דמשק תיפל בית מקדש 1820 רגיל,3850,False,excel_import,numeric_word_construct,public_expanded,research_phrase,high,Bare word/short phrase plus one or more computed gematria values; no interpretive or personal claim beyond the numeric record (Phase-1-style word=value entry).
02e2f7b3-a0b2-4467-b395-935d75f643a1,דמשק תיפל בית מקדש 3850 ריבוע,1820,False,excel_import,numeric_word_construct,public_expanded,research_phrase,high,Bare word/short phrase plus one or more computed gematria values; no interpretive or personal claim beyond the numeric record (Phase-1-style word=value entry).
bcddbca1-022d-451a-ba7a-04bdd5fa8457,דעה את יהוה 506,506,False,excel_import,numeric_word_construct,public_expanded,research_phrase,high,Bare word/short phrase plus one or more computed gematria values; no interpretive or personal claim beyond the numeric record (Phase-1-style word=value entry).
dbbd4f83-62cc-4f2f-8fba-9bbd5b150a22,דעת = 474 אין שמחה אלא בדעת.,,False,excel_import,numeric_word_construct,public_expanded,research_phrase,high,Bare word/short phrase plus one or more computed gematria values; no interpretive or personal claim beyond the numeric record (Phase-1-style word=value entry).
e668a8d5-0d3b-4d00-a339-29074363821b,דעת 337 - לפני - מילוי ללא 1396 (שלוש),1474,False,excel_import,numeric_word_construct,public_expanded,research_phrase,high,Bare word/short phrase plus one or more computed gematria values; no interpretive or personal claim beyond the numeric record (Phase-1-style word=value entry).
92740b51-cb25-4ff0-9db7-2bec2f54db4d,דעת הקונספירציות 1111,474,False,excel_import,numeric_word_construct,public_expanded,research_phrase,high,Bare word/short phrase plus one or more computed gematria values; no interpretive or personal claim beyond the numeric record (Phase-1-style word=value entry).
a8d49aa5-b441-4b14-8255-b8c7955b709e,דעת קלה 255*2 491!!! 646,609,False,excel_import,numeric_word_construct,public_expanded,research_phrase,high,Bare word/short phrase plus one or more computed gematria values; no interpretive or personal claim beyond the numeric record (Phase-1-style word=value entry).
bdb5dced-29bc-4dc7-b7ad-7943bafabffa,דעתי קלה 881 גם מסתתתר וגם מילוי,881,False,excel_import,numeric_word_construct,public_expanded,research_phrase,high,Bare word/short phrase plus one or more computed gematria values; no interpretive or personal claim beyond the numeric record (Phase-1-style word=value entry).
a5780a5c-ae4b-41a2-8880-3c7e154e11ff,דרך חדשה אתבש 385,541,False,excel_import,numeric_word_construct,public_expanded,research_phrase,high,Bare word/short phrase plus one or more computed gematria values; no interpretive or personal claim beyond the numeric record (Phase-1-style word=value entry).
0f4bd265-6959-4df7-998e-2394d713b6bb,דרקון 1616 360 196,360,False,excel_import,numeric_word_construct,public_expanded,research_phrase,high,Bare word/short phrase plus one or more computed gematria values; no interpretive or personal claim beyond the numeric record (Phase-1-style word=value entry).
85bf884d-8928-4c40-974b-d32fac638d3a,דתים 950,454,False,excel_import,numeric_word_construct,public_expanded,research_phrase,high,Bare word/short phrase plus one or more computed gematria values; no interpretive or personal claim beyond the numeric record (Phase-1-style word=value entry).
56d336ae-a42c-4f67-a0e7-3b352895aa89,ה266 ה396 - במדבר רבה = 363,465,False,excel_import,numeric_word_construct,public_expanded,research_phrase,high,Bare word/short phrase plus one or more computed gematria values; no interpretive or personal claim beyond the numeric record (Phase-1-style word=value entry).
e3f2f2fb-edd3-4589-8963-12451baab028,ה266 ה533,10,False,excel_import,numeric_word_construct,public_expanded,research_phrase,high,Bare word/short phrase plus one or more computed gematria values; no interpretive or personal claim beyond the numeric record (Phase-1-style word=value entry).
c273a91c-c674-45a8-9a1b-68ded9e1cb9b,ה533 ה644 - מילוי ללא - אחסע 3370 - מסתתר 2600,2758,False,excel_import,numeric_word_construct,public_expanded,research_phrase,high,Bare word/short phrase plus one or more computed gematria values; no interpretive or personal claim beyond the numeric record (Phase-1-style word=value entry).
cf2e2045-3875-4fb7-b39d-471218e154aa,האות יוד של דוד 683 776,,False,excel_import,numeric_word_construct,public_expanded,research_phrase,high,Bare word/short phrase plus one or more computed gematria values; no interpretive or personal claim beyond the numeric record (Phase-1-style word=value entry).
d5a13242-85bf-4885-b87a-25c310f27294,האל האחרון 382 776 1152,306,False,excel_import,numeric_word_construct,public_expanded,research_phrase,high,Bare word/short phrase plus one or more computed gematria values; no interpretive or personal claim beyond the numeric record (Phase-1-style word=value entry).
58d9fb90-004b-40ee-b6e6-dd40291ab11d,האלף האחרון 386 עם האותיות 396,386,False,excel_import,numeric_word_construct,public_expanded,research_phrase,high,Bare word/short phrase plus one or more computed gematria values; no interpretive or personal claim beyond the numeric record (Phase-1-style word=value entry).
95f2d6da-07e1-45b7-9b3b-2cb4180c70c6,האמת תהיה נעדרת ב = 3096 מילוי רגיל,,False,excel_import,numeric_word_construct,public_expanded,research_phrase,high,Bare word/short phrase plus one or more computed gematria values; no interpretive or personal claim beyond the numeric record (Phase-1-style word=value entry).
33d6d95c-7120-48ce-a6f4-d8d7abf5dea5,האמת תהיה נעדרת ב 776 = 2936 רגיל,,False,excel_import,numeric_word_construct,public_expanded,research_phrase,high,Bare word/short phrase plus one or more computed gematria values; no interpretive or personal claim beyond the numeric record (Phase-1-style word=value entry).
564e8b26-5623-4be4-942b-624c7745e26d,האר ציון חביב ברכה 3588,3588,False,excel_import,numeric_word_construct,public_expanded,research_phrase,high,Bare word/short phrase plus one or more computed gematria values; no interpretive or personal claim beyond the numeric record (Phase-1-style word=value entry).
f23d67bf-2306-41da-afcc-2b8817431c3f,הבורא אינסופי (משטרה 155),1550,False,excel_import,numeric_word_construct,public_expanded,research_phrase,high,Bare word/short phrase plus one or more computed gematria values; no interpretive or personal claim beyond the numeric record (Phase-1-style word=value entry).
8af3d462-b053-4c2c-aaeb-be82fa80eb12,הבורא האינסופי - ריבוע 661,1237,False,excel_import,numeric_word_construct,public_expanded,research_phrase,high,Bare word/short phrase plus one or more computed gematria values; no interpretive or personal claim beyond the numeric record (Phase-1-style word=value entry).
5a685e9c-0f7e-4033-8512-fe8814aa0f85,הבזק אור 355,321,False,excel_import,numeric_word_construct,public_expanded,research_phrase,high,Bare word/short phrase plus one or more computed gematria values; no interpretive or personal claim beyond the numeric record (Phase-1-style word=value entry).
75a9b2ce-3db8-4374-b369-1e28539a87bd,הבירור האחרון קונספירטור 1414,1441,False,excel_import,numeric_word_construct,public_expanded,research_phrase,high,Bare word/short phrase plus one or more computed gematria values; no interpretive or personal claim beyond the numeric record (Phase-1-style word=value entry).
ea173ff6-8b77-48b7-9a87-be3a4ccee50d,הבית האחרון יורד מהשמימ בעתה 1819,1818,False,excel_import,numeric_word_construct,public_expanded,research_phrase,high,Bare word/short phrase plus one or more computed gematria values; no interpretive or personal claim beyond the numeric record (Phase-1-style word=value entry).
a892a36c-20f0-4c51-809e-a99219c8bd34,הגיון אלוהי 116 126,126,False,excel_import,numeric_word_construct,public_expanded,research_phrase,high,Bare word/short phrase plus one or more computed gematria values; no interpretive or personal claim beyond the numeric record (Phase-1-style word=value entry).
2b3cdb6d-b25f-40cf-b9d0-bf6acc4ee49e,הגימטריה לא טמאה 368 1443,559,False,excel_import,numeric_word_construct,public_expanded,research_phrase,high,Bare word/short phrase plus one or more computed gematria values; no interpretive or personal claim beyond the numeric record (Phase-1-style word=value entry).
c455a3a2-8b82-4a99-95b9-161437d35dd7,הדרכה (מהטבע = 360),360,False,excel_import,numeric_word_construct,public_expanded,research_phrase,high,Bare word/short phrase plus one or more computed gematria values; no interpretive or personal claim beyond the numeric record (Phase-1-style word=value entry).
853cfbaf-c636-427e-b263-0f5e8d621242,הדרקון אחרון 2440 630,4550,False,excel_import,numeric_word_construct,public_expanded,research_phrase,high,Bare word/short phrase plus one or more computed gematria values; no interpretive or personal claim beyond the numeric record (Phase-1-style word=value entry).
22010415-51e6-40e1-92d0-fd8fd1cda69d,הדרקון אחרון 630,2440,False,excel_import,numeric_word_construct,public_expanded,research_phrase,high,Bare word/short phrase plus one or more computed gematria values; no interpretive or personal claim beyond the numeric record (Phase-1-style word=value entry).
22766f0d-ab10-4e55-855f-ab97ed4f92c2,"הדת היהודית (שמוסיפים ""הסוף"" 1291 1000 755)",849,False,excel_import,numeric_word_construct,public_expanded,research_phrase,high,Bare word/short phrase plus one or more computed gematria values; no interpretive or personal claim beyond the numeric record (Phase-1-style word=value entry).
9e50655b-bb76-4388-8b87-4a563e115d1d,ההסתרה תגמר - מילוי 2180,1318,False,excel_import,numeric_word_construct,public_expanded,research_phrase,high,Bare word/short phrase plus one or more computed gematria values; no interpretive or personal claim beyond the numeric record (Phase-1-style word=value entry).
d28a5468-a887-4e97-870e-b2690180d21b,ההתגלות 2212,849,False,excel_import,numeric_word_construct,public_expanded,research_phrase,high,Bare word/short phrase plus one or more computed gematria values; no interpretive or personal claim beyond the numeric record (Phase-1-style word=value entry).
f910b434-f3ba-4559-a259-0affbf3478f3,הוא האחרון 1212 אתבש,1139,False,excel_import,numeric_word_construct,public_expanded,research_phrase,high,Bare word/short phrase plus one or more computed gematria values; no interpretive or personal claim beyond the numeric record (Phase-1-style word=value entry).
89cabf32-92e5-4b68-aa68-4de2e43bb10e,הוא המלך היחיד 118 2270,3180,False,excel_import,numeric_word_construct,public_expanded,research_phrase,high,Bare word/short phrase plus one or more computed gematria values; no interpretive or personal claim beyond the numeric record (Phase-1-style word=value entry).
d07caaa7-3656-49ac-a914-686c111bab0d,הוא ממוקד מטרה 1974 1202,,False,excel_import,numeric_word_construct,public_expanded,research_phrase,high,Bare word/short phrase plus one or more computed gematria values; no interpretive or personal claim beyond the numeric record (Phase-1-style word=value entry).
daf9a1c0-1013-483d-81ba-d564aa9d5bdb,הזבל של יהוה 1074 674 777 1202,400,False,excel_import,numeric_word_construct,public_expanded,research_phrase,high,Bare word/short phrase plus one or more computed gematria values; no interpretive or personal claim beyond the numeric record (Phase-1-style word=value entry).
909c8cee-d721-439a-9132-408c79899834,החטופים באים 643,1331,False,excel_import,numeric_word_construct,public_expanded,research_phrase,high,Bare word/short phrase plus one or more computed gematria values; no interpretive or personal claim beyond the numeric record (Phase-1-style word=value entry).
3d2eda2c-2a23-4c59-b6ed-4d710d886c76,היכל דוד 1898 148,79,False,excel_import,numeric_word_construct,public_expanded,research_phrase,high,Bare word/short phrase plus one or more computed gematria values; no interpretive or personal claim beyond the numeric record (Phase-1-style word=value entry).
0002e48c-696d-4bf0-aa55-0225650b1f0f,הישועה בימינו 644 - אתבש - 1100 לפני,2212,False,excel_import,numeric_word_construct,public_expanded,research_phrase,high,Bare word/short phrase plus one or more computed gematria values; no interpretive or personal claim beyond the numeric record (Phase-1-style word=value entry).
58c4bd03-4ce4-4061-aafa-164ca7a51ee2,הכרת הרע שבלב - משולש מילה 6700,1234,False,excel_import,numeric_word_construct,public_expanded,research_phrase,high,Bare word/short phrase plus one or more computed gematria values; no interpretive or personal claim beyond the numeric record (Phase-1-style word=value entry).
586da8de-82a4-4123-857e-1ffa85315e1f,המחירים יאמירו בימינו = 717 רגיל ואותיות,,False,excel_import,numeric_word_construct,public_expanded,research_phrase,high,Bare word/short phrase plus one or more computed gematria values; no interpretive or personal claim beyond the numeric record (Phase-1-style word=value entry).
bf6d75e5-2a9d-4c1b-b115-8d82be5f5e4b,המלך 644 האחרון - אתבש,2216,False,excel_import,numeric_word_construct,public_expanded,research_phrase,high,Bare word/short phrase plus one or more computed gematria values; no interpretive or personal claim beyond the numeric record (Phase-1-style word=value entry).
f5decf47-db4a-4f81-bb9e-f1d885a213a9,המלכות ב2015 - סופי תיבות,1202,False,excel_import,numeric_word_construct,public_expanded,research_phrase,high,Bare word/short phrase plus one or more computed gematria values; no interpretive or personal claim beyond the numeric record (Phase-1-style word=value entry).
ead01d02-b57e-4664-8e67-7aab33f69ad4,המספר הקדוש ∆ 3351,800,False,excel_import,numeric_word_construct,public_expanded,research_phrase,high,Bare word/short phrase plus one or more computed gematria values; no interpretive or personal claim beyond the numeric record (Phase-1-style word=value entry).
668717a7-d117-4471-ba2e-8d2aa184f1d0,המשוגע 266 מלוי ללא,266,False,excel_import,numeric_word_construct,public_expanded,research_phrase,high,Bare word/short phrase plus one or more computed gematria values; no interpretive or personal claim beyond the numeric record (Phase-1-style word=value entry).
df009ca8-a8ba-4ffc-8f92-084fa4c9e790,המשיח 337 בו,371,False,excel_import,numeric_word_construct,public_expanded,research_phrase,high,Bare word/short phrase plus one or more computed gematria values; no interpretive or personal claim beyond the numeric record (Phase-1-style word=value entry).
83885723-f03d-4a19-8237-e5a71f1c019e,המתמטיקה 2510 972,609,False,excel_import,numeric_word_construct,public_expanded,research_phrase,high,Bare word/short phrase plus one or more computed gematria values; no interpretive or personal claim beyond the numeric record (Phase-1-style word=value entry).
848eb03a-6faf-4ae8-9a92-3e45a9cc8238,הסוד 1820,75,False,excel_import,numeric_word_construct,public_expanded,research_phrase,high,Bare word/short phrase plus one or more computed gematria values; no interpretive or personal claim beyond the numeric record (Phase-1-style word=value entry).
9170fc94-aa70-4427-99a0-d436539c4601,הסוד אסתר 710 - אתבש 690 שנחבר רגיל 1426,1400,False,excel_import,numeric_word_construct,public_expanded,research_phrase,high,Bare word/short phrase plus one or more computed gematria values; no interpretive or personal claim beyond the numeric record (Phase-1-style word=value entry).
ab2245a0-6427-4e94-b0b8-fadd7d50089f,הסוד שיעקב רצה לספר לבניו=פי 5,6600,False,excel_import,numeric_word_construct,public_expanded,research_phrase,high,Bare word/short phrase plus one or more computed gematria values; no interpretive or personal claim beyond the numeric record (Phase-1-style word=value entry).
53f0bb90-b536-4218-a3cc-b0fafb5d89e9,הסוף לאוכלי החינם ב = 363 רגיל !,,False,excel_import,numeric_word_construct,public_expanded,research_phrase,high,Bare word/short phrase plus one or more computed gematria values; no interpretive or personal claim beyond the numeric record (Phase-1-style word=value entry).
56d6d492-6e7b-49b9-ac48-2530f4101700,הסוף לאטום בימינו = 358 רגיל ומילים,,False,excel_import,numeric_word_construct,public_expanded,research_phrase,high,Bare word/short phrase plus one or more computed gematria values; no interpretive or personal claim beyond the numeric record (Phase-1-style word=value entry).
96e4c102-1b0f-478f-b8de-e1a50442d6b6,הסוף לאיילי הנפט = 386 רגיל !,,False,excel_import,numeric_word_construct,public_expanded,research_phrase,high,Bare word/short phrase plus one or more computed gematria values; no interpretive or personal claim beyond the numeric record (Phase-1-style word=value entry).
0201af93-bb71-4453-99df-738c8bebcb44,הסוף לבנקים ב = 396 רגיל ואותיות,,False,excel_import,numeric_word_construct,public_expanded,research_phrase,high,Bare word/short phrase plus one or more computed gematria values; no interpretive or personal claim beyond the numeric record (Phase-1-style word=value entry).
64e959c9-7127-450d-8f0d-8dd3851bd2ea,הסוף לבתי הכלא בימינו = 767 רגיל !,,False,excel_import,numeric_word_construct,public_expanded,research_phrase,high,Bare word/short phrase plus one or more computed gematria values; no interpretive or personal claim beyond the numeric record (Phase-1-style word=value entry).
37fc0e51-e580-4bbd-bc8c-0c44aa4f82ec,הסוף לגזענות = 717 רגיל !,,False,excel_import,numeric_word_construct,public_expanded,research_phrase,high,Bare word/short phrase plus one or more computed gematria values; no interpretive or personal claim beyond the numeric record (Phase-1-style word=value entry).
461694f9-0afa-4f2f-8662-67c0d1517a4a,הסוף להגרלות הלוטו = 2756 ריבוע גדול,,False,excel_import,numeric_word_construct,public_expanded,research_phrase,high,Bare word/short phrase plus one or more computed gematria values; no interpretive or personal claim beyond the numeric record (Phase-1-style word=value entry).
47046bc3-5594-428d-b885-14d1bac91172,הסוף לזנות = 644 רגיל,,False,excel_import,numeric_word_construct,public_expanded,research_phrase,high,Bare word/short phrase plus one or more computed gematria values; no interpretive or personal claim beyond the numeric record (Phase-1-style word=value entry).
7981d9e6-27ce-4b73-8c42-70d1e23807aa,הסוף לחולים בימינו = 396 רגיל ומילים,,False,excel_import,numeric_word_construct,public_expanded,research_phrase,high,Bare word/short phrase plus one or more computed gematria values; no interpretive or personal claim beyond the numeric record (Phase-1-style word=value entry).
c167fefa-547d-4ee0-88bf-bb85ba7da73b,הסוף לחיילים בימינו = 424 רגיל ואותיות,,False,excel_import,numeric_word_construct,public_expanded,research_phrase,high,Bare word/short phrase plus one or more computed gematria values; no interpretive or personal claim beyond the numeric record (Phase-1-style word=value entry).
2f43b8d1-eb7c-4624-9b87-7b1de1010271,הסוף לטרור בימינו = 717 רגיל ומילים,,False,excel_import,numeric_word_construct,public_expanded,research_phrase,high,Bare word/short phrase plus one or more computed gematria values; no interpretive or personal claim beyond the numeric record (Phase-1-style word=value entry).
6f567bf1-6fe8-4c1e-9655-7a9c9671ab72,הסוף למזומנים = 386 רגיל ואותיות,,False,excel_import,numeric_word_construct,public_expanded,research_phrase,high,Bare word/short phrase plus one or more computed gematria values; no interpretive or personal claim beyond the numeric record (Phase-1-style word=value entry).
e6b5b9c0-23e2-4b48-bdb3-f2a94183344e,הסוף למחלות ב = 667 רגיל,,False,excel_import,numeric_word_construct,public_expanded,research_phrase,high,Bare word/short phrase plus one or more computed gematria values; no interpretive or personal claim beyond the numeric record (Phase-1-style word=value entry).
2548ed27-3c68-44d7-898b-f6d453147052,הסוף למטוסי הקרב בימינו = 2756 מילוי רגיל,,False,excel_import,numeric_word_construct,public_expanded,research_phrase,high,Bare word/short phrase plus one or more computed gematria values; no interpretive or personal claim beyond the numeric record (Phase-1-style word=value entry).
7af5acb6-60cf-4be6-a405-03ec4365ccfb,הסוף למלחמות העמים בימינו = 998 רגיל !,,False,excel_import,numeric_word_construct,public_expanded,research_phrase,high,Bare word/short phrase plus one or more computed gematria values; no interpretive or personal claim beyond the numeric record (Phase-1-style word=value entry).
cacb6579-c6a5-4495-8072-34054269c5be,הסוף לנדלן = 717 מילוי ללא מילה רגיל,,False,excel_import,numeric_word_construct,public_expanded,research_phrase,high,Bare word/short phrase plus one or more computed gematria values; no interpretive or personal claim beyond the numeric record (Phase-1-style word=value entry).
e1f4c424-f286-49d5-89dd-661fb0e22301,הסוף לנדלן בימינו =1692 מילוי רגיל,,False,excel_import,numeric_word_construct,public_expanded,research_phrase,high,Bare word/short phrase plus one or more computed gematria values; no interpretive or personal claim beyond the numeric record (Phase-1-style word=value entry).
265ad757-5abf-4284-873f-71546c43e067,הסוף לנכות בימינו = 775 רגי,,False,excel_import,numeric_word_construct,public_expanded,research_phrase,high,Bare word/short phrase plus one or more computed gematria values; no interpretive or personal claim beyond the numeric record (Phase-1-style word=value entry).
03bc233b-def3-48ee-abbf-59a093573a43,הסוף לסוחרי העבדים ב =1692 ריבוע רגיל,,False,excel_import,numeric_word_construct,public_expanded,research_phrase,high,Bare word/short phrase plus one or more computed gematria values; no interpretive or personal claim beyond the numeric record (Phase-1-style word=value entry).
cf36f98a-f55d-40a0-a1e2-1e7721ce9d55,הסוף לעבדות בימינו = 781 רגיל !,,False,excel_import,numeric_word_construct,public_expanded,research_phrase,high,Bare word/short phrase plus one or more computed gematria values; no interpretive or personal claim beyond the numeric record (Phase-1-style word=value entry).
a584b919-17a0-4064-917d-32e73cb1e59a,הסוף לעבדים ולשפחות ב = 1139 רגיל !,,False,excel_import,numeric_word_construct,public_expanded,research_phrase,high,Bare word/short phrase plus one or more computed gematria values; no interpretive or personal claim beyond the numeric record (Phase-1-style word=value entry).
66442de1-5d7f-4116-a0a2-fcdccb6e75f6,הסוף לעושק = 781 מסתתר רגיל,,False,excel_import,numeric_word_construct,public_expanded,research_phrase,high,Bare word/short phrase plus one or more computed gematria values; no interpretive or personal claim beyond the numeric record (Phase-1-style word=value entry).
b4eaa8b1-e021-464b-8bb7-4eaef71b3742,הסוף לצה״ל בימינו = 424 רגיל !,,False,excel_import,numeric_word_construct,public_expanded,research_phrase,high,Bare word/short phrase plus one or more computed gematria values; no interpretive or personal claim beyond the numeric record (Phase-1-style word=value entry).
efe48bb2-8a7a-4f7f-a0e0-0d438b3c5b5a,הסוף לראשי מדינות = 1202 רגיל !,,False,excel_import,numeric_word_construct,public_expanded,research_phrase,high,Bare word/short phrase plus one or more computed gematria values; no interpretive or personal claim beyond the numeric record (Phase-1-style word=value entry).
1350f9fd-a225-4a58-8d4b-03ec4b20577b,הסוף לשוק ההון בימינו = 775 רגיל ומילים,,False,excel_import,numeric_word_construct,public_expanded,research_phrase,high,Bare word/short phrase plus one or more computed gematria values; no interpretive or personal claim beyond the numeric record (Phase-1-style word=value entry).
a45f2511-9c95-4b49-bced-e8a981bf381e,הסוף לשלטון = 717?מילןי ללא מילה רגיל,,False,excel_import,numeric_word_construct,public_expanded,research_phrase,high,Bare word/short phrase plus one or more computed gematria values; no interpretive or personal claim beyond the numeric record (Phase-1-style word=value entry).
31037963-a9af-4f22-8954-c974d819ffa1,הסוף לשליטים = 775 מסתתר רגיל,,False,excel_import,numeric_word_construct,public_expanded,research_phrase,high,Bare word/short phrase plus one or more computed gematria values; no interpretive or personal claim beyond the numeric record (Phase-1-style word=value entry).
c7b818c9-55ac-42bb-b94b-9f5f0bf7e22b,הסוף לתאוות העלם = 1139 רגיל !,,False,excel_import,numeric_word_construct,public_expanded,research_phrase,high,Bare word/short phrase plus one or more computed gematria values; no interpretive or personal claim beyond the numeric record (Phase-1-style word=value entry).
a33d7439-7e1c-4d14-a091-dfb66b8accdc,הסמסרה 1480 860 430,370,False,excel_import,numeric_word_construct,public_expanded,research_phrase,high,Bare word/short phrase plus one or more computed gematria values; no interpretive or personal claim beyond the numeric record (Phase-1-style word=value entry).
6779ab75-8bcf-4af6-9bab-3e28ed6bf0cd,הסתרת 396 בזמן הזה - מסתתר,1717,False,excel_import,numeric_word_construct,public_expanded,research_phrase,high,Bare word/short phrase plus one or more computed gematria values; no interpretive or personal claim beyond the numeric record (Phase-1-style word=value entry).
5331a03c-449f-4c95-ab88-ddb5059d6020,הסתרת גאולה 1110 851,1110,False,excel_import,numeric_word_construct,public_expanded,research_phrase,high,Bare word/short phrase plus one or more computed gematria values; no interpretive or personal claim beyond the numeric record (Phase-1-style word=value entry).
cd0e83ba-47a1-4bbc-af6a-dee6921044e4,העולם ( ∆ ) 151 321,151,False,excel_import,numeric_word_construct,public_expanded,research_phrase,high,Bare word/short phrase plus one or more computed gematria values; no interpretive or personal claim beyond the numeric record (Phase-1-style word=value entry).
9896a03c-6a45-48b4-b686-294c3baf2cf1,העשרת אורניום - 2310 וכן 1288,3330,False,excel_import,numeric_word_construct,public_expanded,research_phrase,high,Bare word/short phrase plus one or more computed gematria values; no interpretive or personal claim beyond the numeric record (Phase-1-style word=value entry).
75856ece-c8c3-4bda-a05c-aefab2a5ec51,הפלת השקר = 1120,1120,False,excel_import,numeric_word_construct,public_expanded,research_phrase,high,Bare word/short phrase plus one or more computed gematria values; no interpretive or personal claim beyond the numeric record (Phase-1-style word=value entry).
e04c1efe-b060-4748-84f7-7621dd6f7b01,הצופן . 756 . 231 881,231,False,excel_import,numeric_word_construct,public_expanded,research_phrase,high,Bare word/short phrase plus one or more computed gematria values; no interpretive or personal claim beyond the numeric record (Phase-1-style word=value entry).
30b32488-edf7-4834-bc89-9c23afe5978a,הצלחת משיח 1111,891,False,excel_import,numeric_word_construct,public_expanded,research_phrase,high,Bare word/short phrase plus one or more computed gematria values; no interpretive or personal claim beyond the numeric record (Phase-1-style word=value entry).
b581693b-b610-4265-8fc2-3f9604e06c08,הצלחת רגיל 533 מסתתר 559 ריבוע 891,559,False,excel_import,numeric_word_construct,public_expanded,research_phrase,high,Bare word/short phrase plus one or more computed gematria values; no interpretive or personal claim beyond the numeric record (Phase-1-style word=value entry).
2ebf73df-0af7-4b43-8aa0-1ac962ee5b5c,הקוד 756,115,False,excel_import,numeric_word_construct,public_expanded,research_phrase,high,Bare word/short phrase plus one or more computed gematria values; no interpretive or personal claim beyond the numeric record (Phase-1-style word=value entry).
d90cc5a1-4fff-45eb-973d-17db30f7af69,הקץ הסופי בימינו - משולש - רגיל 474,2330,False,excel_import,numeric_word_construct,public_expanded,research_phrase,high,Bare word/short phrase plus one or more computed gematria values; no interpretive or personal claim beyond the numeric record (Phase-1-style word=value entry).
f0318b1f-7e8b-4350-b6a8-f2e338c60f71,הרס עצמי אושר מיכל 256 כמו בהרס עצמי,5786,False,excel_import,numeric_word_construct,public_expanded,research_phrase,high,Bare word/short phrase plus one or more computed gematria values; no interpretive or personal claim beyond the numeric record (Phase-1-style word=value entry).
34be6683-2ff2-438f-ae2b-f9ab0de29ade,השטן 4500,364,False,excel_import,numeric_word_construct,public_expanded,research_phrase,high,Bare word/short phrase plus one or more computed gematria values; no interpretive or personal claim beyond the numeric record (Phase-1-style word=value entry).
dea42433-f16b-4e21-8c85-260175c2f3c0,השילוש 2386 851 234,651,False,excel_import,numeric_word_construct,public_expanded,research_phrase,high,Bare word/short phrase plus one or more computed gematria values; no interpretive or personal claim beyond the numeric record (Phase-1-style word=value entry).
2cbc0f15-9790-40c6-b68e-31822b9a5af1,השכמה 1000 630 222,370,False,excel_import,numeric_word_construct,public_expanded,research_phrase,high,Bare word/short phrase plus one or more computed gematria values; no interpretive or personal claim beyond the numeric record (Phase-1-style word=value entry).
204d7dc8-8257-408c-a824-52ae6621b8e5,השמש היא 1336,661,False,excel_import,numeric_word_construct,public_expanded,research_phrase,high,Bare word/short phrase plus one or more computed gematria values; no interpretive or personal claim beyond the numeric record (Phase-1-style word=value entry).
09a0d99a-5f58-424a-b989-fd5cb11eb668,השפלה 1336 590,420,False,excel_import,numeric_word_construct,public_expanded,research_phrase,high,Bare word/short phrase plus one or more computed gematria values; no interpretive or personal claim beyond the numeric record (Phase-1-style word=value entry).
2bda5759-01a9-44b0-81e4-8f676f2d29a1,השראה = 511,511,False,excel_import,numeric_word_construct,public_expanded,research_phrase,high,Bare word/short phrase plus one or more computed gematria values; no interpretive or personal claim beyond the numeric record (Phase-1-style word=value entry).
45723898-96e8-43c4-ada1-ff8fa90b40f7,התגלות 1026 2544 392 1237 2544 392,844,False,excel_import,numeric_word_construct,public_expanded,research_phrase,high,Bare word/short phrase plus one or more computed gematria values; no interpretive or personal claim beyond the numeric record (Phase-1-style word=value entry).
1592f5cd-a965-4ccc-a331-792017d2684d,התגלות נעימה 358,1440,False,excel_import,numeric_word_construct,public_expanded,research_phrase,high,Bare word/short phrase plus one or more computed gematria values; no interpretive or personal claim beyond the numeric record (Phase-1-style word=value entry).
59f3dd41-00b7-4a6e-a2db-b75e13a6d6a9,התודעה הקוסמית 1111,1891,False,excel_import,numeric_word_construct,public_expanded,research_phrase,high,Bare word/short phrase plus one or more computed gematria values; no interpretive or personal claim beyond the numeric record (Phase-1-style word=value entry).
0f25d4a6-9797-4d3e-88a9-88705e660015,התמדה 506 מילוי בלבד,960,False,excel_import,numeric_word_construct,public_expanded,research_phrase,high,Bare word/short phrase plus one or more computed gematria values; no interpretive or personal claim beyond the numeric record (Phase-1-style word=value entry).
a55df17f-cede-44b0-8f00-18c889002d4a,זה + זה = 474 - רגיל 137 סמי הזיה - מילוי,337,False,excel_import,numeric_word_construct,public_expanded,research_phrase,high,Bare word/short phrase plus one or more computed gematria values; no interpretive or personal claim beyond the numeric record (Phase-1-style word=value entry).
f4890efd-f709-4999-bb06-8dc9c3cad7c5,זוג 16 - בבואה,32,False,excel_import,numeric_word_construct,public_expanded,research_phrase,high,Bare word/short phrase plus one or more computed gematria values; no interpretive or personal claim beyond the numeric record (Phase-1-style word=value entry).
b4112878-18a5-4918-85e2-6d03bad860db,זוגיות 1280 244 506,432,False,excel_import,numeric_word_construct,public_expanded,research_phrase,high,Bare word/short phrase plus one or more computed gematria values; no interpretive or personal claim beyond the numeric record (Phase-1-style word=value entry).
b8ac194e-eb0b-4dee-8aaf-fd569af7f0c1,זכור משושל 919,909,False,excel_import,numeric_word_construct,public_expanded,research_phrase,high,Bare word/short phrase plus one or more computed gematria values; no interpretive or personal claim beyond the numeric record (Phase-1-style word=value entry).
c139ac1c-c33e-4ea1-9c6b-858f736ef0aa,זכר נקבה 1706 384,384,False,excel_import,numeric_word_construct,public_expanded,research_phrase,high,Bare word/short phrase plus one or more computed gematria values; no interpretive or personal claim beyond the numeric record (Phase-1-style word=value entry).
78c33c6b-ea5a-4c0f-bb0c-038cc04dca2a,זעם אפי לפטיש כבד - מסתתר + רגיל 1337,674,False,excel_import,numeric_word_construct,public_expanded,research_phrase,high,Bare word/short phrase plus one or more computed gematria values; no interpretive or personal claim beyond the numeric record (Phase-1-style word=value entry).
bece6a9c-07be-4e51-a103-873686743576,זעקת ישראל אטבח 1202,1118,False,excel_import,numeric_word_construct,public_expanded,research_phrase,high,Bare word/short phrase plus one or more computed gematria values; no interpretive or personal claim beyond the numeric record (Phase-1-style word=value entry).
60ce8fb7-c5e3-46ed-9264-de2eb099849f,זקן בא בימים 1472 506,262,False,excel_import,numeric_word_construct,public_expanded,research_phrase,high,Bare word/short phrase plus one or more computed gematria values; no interpretive or personal claim beyond the numeric record (Phase-1-style word=value entry).
8505b0f2-1c51-44b4-bdca-d9a528844c49,זריעת קוצים 933,933,False,excel_import,numeric_word_construct,public_expanded,research_phrase,high,Bare word/short phrase plus one or more computed gematria values; no interpretive or personal claim beyond the numeric record (Phase-1-style word=value entry).
812c8b35-8c86-4009-8f94-f57834b21fa8,זרע יורה כחץ 3300 3370 388 616 2640,616,False,excel_import,numeric_word_construct,public_expanded,research_phrase,high,Bare word/short phrase plus one or more computed gematria values; no interpretive or personal claim beyond the numeric record (Phase-1-style word=value entry).
b12574cb-0aa3-4946-87eb-a77896411ea6,חוכמת סופרים תסרח = 3333 מילוי רגיל,,False,excel_import,numeric_word_construct,public_expanded,research_phrase,high,Bare word/short phrase plus one or more computed gematria values; no interpretive or personal claim beyond the numeric record (Phase-1-style word=value entry).
cf5ff509-476a-409f-9a4a-3a15c14176b0,חולי לילית 321,534,False,excel_import,numeric_word_construct,public_expanded,research_phrase,high,Bare word/short phrase plus one or more computed gematria values; no interpretive or personal claim beyond the numeric record (Phase-1-style word=value entry).
6e017d23-58af-4ad6-b0bc-7758eea34eed,חוק הגאולה 2222 1506 2626 6310 724,164,False,excel_import,numeric_word_construct,public_expanded,research_phrase,high,Bare word/short phrase plus one or more computed gematria values; no interpretive or personal claim beyond the numeric record (Phase-1-style word=value entry).
946c45b8-049c-440c-aa52-a7a052b8bca7,חוש הומור 878 - 717,571,False,excel_import,numeric_word_construct,public_expanded,research_phrase,high,Bare word/short phrase plus one or more computed gematria values; no interpretive or personal claim beyond the numeric record (Phase-1-style word=value entry).
f5decc63-d8a3-47c6-b543-3ca506e29194,חטא העגל הסתיים 1152,5786,False,excel_import,numeric_word_construct,public_expanded,research_phrase,high,Bare word/short phrase plus one or more computed gematria values; no interpretive or personal claim beyond the numeric record (Phase-1-style word=value entry).
bd3c0ddf-3a34-42a9-b052-09a482d1752d,חיבור זמני 1333 2222,333,False,excel_import,numeric_word_construct,public_expanded,research_phrase,high,Bare word/short phrase plus one or more computed gematria values; no interpretive or personal claim beyond the numeric record (Phase-1-style word=value entry).
f9da98b3-9ed0-4844-b745-e153f2e57270,חיבור נצחי 1691,384,False,excel_import,numeric_word_construct,public_expanded,research_phrase,high,Bare word/short phrase plus one or more computed gematria values; no interpretive or personal claim beyond the numeric record (Phase-1-style word=value entry).
78841513-fd2c-4648-beb1-6707f6ae8dc4,חיזור אלהי 1111,277,False,excel_import,numeric_word_construct,public_expanded,research_phrase,high,Bare word/short phrase plus one or more computed gematria values; no interpretive or personal claim beyond the numeric record (Phase-1-style word=value entry).
f9048732-5fb1-43e4-9808-d3110d963b91,חיזור יהוה 385,257,False,excel_import,numeric_word_construct,public_expanded,research_phrase,high,Bare word/short phrase plus one or more computed gematria values; no interpretive or personal claim beyond the numeric record (Phase-1-style word=value entry).
83768f7e-dd9b-422e-be0b-983968ff3f12,חייזרים מאלוהים גם מילוי 1537 - 913 אתבש,1537,False,excel_import,numeric_word_construct,public_expanded,research_phrase,high,Bare word/short phrase plus one or more computed gematria values; no interpretive or personal claim beyond the numeric record (Phase-1-style word=value entry).
13b5a88c-b3f7-4457-8c7e-83fe98221de2,חיל בלע ויקיאנו אתבש 1100,333,False,excel_import,numeric_word_construct,public_expanded,research_phrase,high,Bare word/short phrase plus one or more computed gematria values; no interpretive or personal claim beyond the numeric record (Phase-1-style word=value entry).
5a28eef1-bb78-4fc1-ba96-4a7476f5a3ae,חכמה מילוי ללא מילה מילוי רגיל 613,1820,False,excel_import,numeric_word_construct,public_expanded,research_phrase,high,Bare word/short phrase plus one or more computed gematria values; no interpretive or personal claim beyond the numeric record (Phase-1-style word=value entry).
f78e5680-ee06-45cf-8e95-86493c5e7294,חלום יעקב רגיל ו∆ 1551,266,False,excel_import,numeric_word_construct,public_expanded,research_phrase,high,Bare word/short phrase plus one or more computed gematria values; no interpretive or personal claim beyond the numeric record (Phase-1-style word=value entry).
746eae24-b26f-49a2-b87d-90ef5d5db10f,חלקי השכינה 385 2241 776,538,False,excel_import,numeric_word_construct,public_expanded,research_phrase,high,Bare word/short phrase plus one or more computed gematria values; no interpretive or personal claim beyond the numeric record (Phase-1-style word=value entry).
7f355712-503e-4a8a-bd42-798d024b2193,חמש שלש שלש (533) - מילוי דמילוי,13360,False,excel_import,numeric_word_construct,public_expanded,research_phrase,high,Bare word/short phrase plus one or more computed gematria values; no interpretive or personal claim beyond the numeric record (Phase-1-style word=value entry).
b9c13c8c-9527-48b9-8303-56886f3486a0,חסימה 506 - 776,123,False,excel_import,numeric_word_construct,public_expanded,research_phrase,high,Bare word/short phrase plus one or more computed gematria values; no interpretive or personal claim beyond the numeric record (Phase-1-style word=value entry).
e781e086-47f3-47f9-8d88-d7f7542ff434,חקק אלה 1234,244,False,excel_import,numeric_word_construct,public_expanded,research_phrase,high,Bare word/short phrase plus one or more computed gematria values; no interpretive or personal claim beyond the numeric record (Phase-1-style word=value entry).
d5938a6c-d46e-48cf-9a84-b57524cd43a3,חרב אירנית 881,881,False,excel_import,numeric_word_construct,public_expanded,research_phrase,high,Bare word/short phrase plus one or more computed gematria values; no interpretive or personal claim beyond the numeric record (Phase-1-style word=value entry).
331dc5e7-93c7-476c-b0d8-687a43c67713,חרב המשיח 2180,573,False,excel_import,numeric_word_construct,public_expanded,research_phrase,high,Bare word/short phrase plus one or more computed gematria values; no interpretive or personal claim beyond the numeric record (Phase-1-style word=value entry).
ba5be025-9fc5-4ae9-ac03-de9c7ce68a4e,חשוך לי 2368 620,374,False,excel_import,numeric_word_construct,public_expanded,research_phrase,high,Bare word/short phrase plus one or more computed gematria values; no interpretive or personal claim beyond the numeric record (Phase-1-style word=value entry).
6c9961c5-5cf9-42e2-8b35-d77312c57334,חתול גינגי 911 520,520,False,excel_import,numeric_word_construct,public_expanded,research_phrase,high,Bare word/short phrase plus one or more computed gematria values; no interpretive or personal claim beyond the numeric record (Phase-1-style word=value entry).
464ca9c2-5751-4202-87e1-e745988df396,טיפול 631 616,135,False,excel_import,numeric_word_construct,public_expanded,research_phrase,high,Bare word/short phrase plus one or more computed gematria values; no interpretive or personal claim beyond the numeric record (Phase-1-style word=value entry).
de8c057c-e35a-46ed-a697-4428447fab1e,טירוף מערכות כללי 2368,1237,False,excel_import,numeric_word_construct,public_expanded,research_phrase,high,Bare word/short phrase plus one or more computed gematria values; no interpretive or personal claim beyond the numeric record (Phase-1-style word=value entry).
66fb419b-6757-4cec-828a-4606c933b233,טכנולוגיה 538 139 974 555,139,False,excel_import,numeric_word_construct,public_expanded,research_phrase,high,Bare word/short phrase plus one or more computed gematria values; no interpretive or personal claim beyond the numeric record (Phase-1-style word=value entry).
729831f4-b2ee-4534-afeb-c97e2aa51bc1,יאהו סודך 844 2310,112,False,excel_import,numeric_word_construct,public_expanded,research_phrase,high,Bare word/short phrase plus one or more computed gematria values; no interpretive or personal claim beyond the numeric record (Phase-1-style word=value entry).
be851555-cbb6-4626-9298-9cc99ea4328f,יבוא באחרית הימים - משולש - 5330 משולש גדול,2880,False,excel_import,numeric_word_construct,public_expanded,research_phrase,high,Bare word/short phrase plus one or more computed gematria values; no interpretive or personal claim beyond the numeric record (Phase-1-style word=value entry).
538471b3-335c-4c6c-b5cf-d67ea5dd4afe,יה 396 - אתבש,718,False,excel_import,numeric_word_construct,public_expanded,research_phrase,high,Bare word/short phrase plus one or more computed gematria values; no interpretive or personal claim beyond the numeric record (Phase-1-style word=value entry).
433dfd8c-0f12-47b7-8772-c6c120b2702e,יהודי כשר 2121,555,False,excel_import,numeric_word_construct,public_expanded,research_phrase,high,Bare word/short phrase plus one or more computed gematria values; no interpretive or personal claim beyond the numeric record (Phase-1-style word=value entry).
1728d4d8-38a2-4487-87f5-625c67fb88d2,יהוה + שטן = 385,385,False,excel_import,numeric_word_construct,public_expanded,research_phrase,high,Bare word/short phrase plus one or more computed gematria values; no interpretive or personal claim beyond the numeric record (Phase-1-style word=value entry).
96f6150b-a566-4baf-bc37-c03615ac0569,יהוה אדני 91 367,91,False,excel_import,numeric_word_construct,public_expanded,research_phrase,high,Bare word/short phrase plus one or more computed gematria values; no interpretive or personal claim beyond the numeric record (Phase-1-style word=value entry).
9d7759cc-17e1-4a56-aba9-11f2d58e75c9,יהוה ישמח ב 644 514 266 337 533,386,False,excel_import,numeric_word_construct,public_expanded,research_phrase,high,Bare word/short phrase plus one or more computed gematria values; no interpretive or personal claim beyond the numeric record (Phase-1-style word=value entry).
4a244593-8177-4e9a-968c-0708d4c63453,יהוה מושל 402 1010 1818,402,False,excel_import,numeric_word_construct,public_expanded,research_phrase,high,Bare word/short phrase plus one or more computed gematria values; no interpretive or personal claim beyond the numeric record (Phase-1-style word=value entry).
388023bb-0cc8-4a7f-b387-2fe9c3ec6baf,יהוה מצפצ 441 115,326,False,excel_import,numeric_word_construct,public_expanded,research_phrase,high,Bare word/short phrase plus one or more computed gematria values; no interpretive or personal claim beyond the numeric record (Phase-1-style word=value entry).
3a62ba2f-71d5-4b68-8fe7-3ff7ebd1d9ae,יהונתן יומטוב חכמון 718,2386,False,excel_import,numeric_word_construct,public_expanded,research_phrase,high,Bare word/short phrase plus one or more computed gematria values; no interpretive or personal claim beyond the numeric record (Phase-1-style word=value entry).
01625343-f922-4dcf-84b6-a676bfb7dcb3,יהיה אחד * 26 - מסתתר,676,False,excel_import,numeric_word_construct,public_expanded,research_phrase,high,Bare word/short phrase plus one or more computed gematria values; no interpretive or personal claim beyond the numeric record (Phase-1-style word=value entry).
38adf918-fbb1-45a5-ac75-023a5deeffb8,יוד ספירות - אתבש 358,776,False,excel_import,numeric_word_construct,public_expanded,research_phrase,high,Bare word/short phrase plus one or more computed gematria values; no interpretive or personal claim beyond the numeric record (Phase-1-style word=value entry).
9f474bc7-f366-47e0-8ba1-b7863f0a992c,יום הגאולה = 106 1010 384 1616 442 2368,106,False,excel_import,numeric_word_construct,public_expanded,research_phrase,high,Bare word/short phrase plus one or more computed gematria values; no interpretive or personal claim beyond the numeric record (Phase-1-style word=value entry).
327eb1ae-c809-4885-8bb0-0234d3edc0a3,יום הפינוי הגיע 634,1237,False,excel_import,numeric_word_construct,public_expanded,research_phrase,high,Bare word/short phrase plus one or more computed gematria values; no interpretive or personal claim beyond the numeric record (Phase-1-style word=value entry).
ae950ab4-bb93-49fb-9be9-01730f70375d,יום שכולו שבת = 1120,,False,excel_import,numeric_word_construct,public_expanded,research_phrase,high,Bare word/short phrase plus one or more computed gematria values; no interpretive or personal claim beyond the numeric record (Phase-1-style word=value entry).
b29a92e1-aff5-44a3-8a1c-934c05da7e42,יוקר המחיה = 386 רגיל ומילים,,False,excel_import,numeric_word_construct,public_expanded,research_phrase,high,Bare word/short phrase plus one or more computed gematria values; no interpretive or personal claim beyond the numeric record (Phase-1-style word=value entry).
85eea5ab-00cc-494f-b41d-171fe8a52227,יוקר המחיה בימינו = 424 מסתתר רגיל וגדול,,False,excel_import,numeric_word_construct,public_expanded,research_phrase,high,Bare word/short phrase plus one or more computed gematria values; no interpretive or personal claim beyond the numeric record (Phase-1-style word=value entry).
62e9a609-ccde-49cb-835f-b7ad0f2f73dd,יושב בממד 1820,404,False,excel_import,numeric_word_construct,public_expanded,research_phrase,high,Bare word/short phrase plus one or more computed gematria values; no interpretive or personal claim beyond the numeric record (Phase-1-style word=value entry).
38f5d0f2-e6e6-4cc7-98c5-70a741db34d9,ים סוף 881 1363,196,False,excel_import,numeric_word_construct,public_expanded,research_phrase,high,Bare word/short phrase plus one or more computed gematria values; no interpretive or personal claim beyond the numeric record (Phase-1-style word=value entry).
61c33b63-93d3-489b-9fc3-3f308efaa72f,ימחו עמלק בעתה מילוי ללא מילה 1202,,False,excel_import,numeric_word_construct,public_expanded,research_phrase,high,Bare word/short phrase plus one or more computed gematria values; no interpretive or personal claim beyond the numeric record (Phase-1-style word=value entry).
6672db06-9161-4c68-9369-e6529b433e01,ימלך בישראל 781 - משולש גדול,8780,False,excel_import,numeric_word_construct,public_expanded,research_phrase,high,Bare word/short phrase plus one or more computed gematria values; no interpretive or personal claim beyond the numeric record (Phase-1-style word=value entry).
e222908e-6516-4a84-8f55-5acda253e4df,ירדתי לגני מילוי בלבד 455 717 453 1683,1616,False,excel_import,numeric_word_construct,public_expanded,research_phrase,high,Bare word/short phrase plus one or more computed gematria values; no interpretive or personal claim beyond the numeric record (Phase-1-style word=value entry).
926beb0b-e1a0-4b8e-9000-9d08ef955135,ירושלם 586 במילוי 2216,586,False,excel_import,numeric_word_construct,public_expanded,research_phrase,high,Bare word/short phrase plus one or more computed gematria values; no interpretive or personal claim beyond the numeric record (Phase-1-style word=value entry).
19473cf9-d8cc-4efa-a009-413b6ca5db00,ירושלם ב ∆ = 2216 = 396 + 1820,588,False,excel_import,numeric_word_construct,public_expanded,research_phrase,high,Bare word/short phrase plus one or more computed gematria values; no interpretive or personal claim beyond the numeric record (Phase-1-style word=value entry).
e45f8ada-fd12-4614-ba8c-e785cae4c41e,ירושלם ב ∆ 2216 396 1820,588,False,excel_import,numeric_word_construct,public_expanded,research_phrase,high,Bare word/short phrase plus one or more computed gematria values; no interpretive or personal claim beyond the numeric record (Phase-1-style word=value entry).
66fd7307-149a-4c17-b02b-2c4d31faa165,ישועת ישראל בזכות מילוי - פי 5 - אט בח 6440,18200,False,excel_import,numeric_word_construct,public_expanded,research_phrase,high,Bare word/short phrase plus one or more computed gematria values; no interpretive or personal claim beyond the numeric record (Phase-1-style word=value entry).
42b13b5b-15a9-4b84-8ca9-839a65ae5b0f,ישועתו =פי 5,882,False,excel_import,numeric_word_construct,public_expanded,research_phrase,high,Bare word/short phrase plus one or more computed gematria values; no interpretive or personal claim beyond the numeric record (Phase-1-style word=value entry).
7da74d9b-9cad-4d20-9742-2de7b0d1ce94,ישראל העם הנבחר 3580 ∆,3580,False,excel_import,numeric_word_construct,public_expanded,research_phrase,high,Bare word/short phrase plus one or more computed gematria values; no interpretive or personal claim beyond the numeric record (Phase-1-style word=value entry).
98a35514-1b42-40e2-987c-7376f07159bf,כאב רוחני 1337 1336,297,False,excel_import,numeric_word_construct,public_expanded,research_phrase,high,Bare word/short phrase plus one or more computed gematria values; no interpretive or personal claim beyond the numeric record (Phase-1-style word=value entry).
65acb6b1-2c06-4cdf-ba56-c6bd2302e6eb,כבוד שלמה יהודה 2440,7850,False,excel_import,numeric_word_construct,public_expanded,research_phrase,high,Bare word/short phrase plus one or more computed gematria values; no interpretive or personal claim beyond the numeric record (Phase-1-style word=value entry).
fb7d5a5a-c110-413e-8425-0065d31c175b,כוח אינסופי 1020,251,False,excel_import,numeric_word_construct,public_expanded,research_phrase,high,Bare word/short phrase plus one or more computed gematria values; no interpretive or personal claim beyond the numeric record (Phase-1-style word=value entry).
adb15623-e267-4739-9328-14f7295d1e1e,כוח רוחני 1234 308 670 - שנוסיף לך נקבל 1414 ו 358,1616,False,excel_import,numeric_word_construct,public_expanded,research_phrase,high,Bare word/short phrase plus one or more computed gematria values; no interpretive or personal claim beyond the numeric record (Phase-1-style word=value entry).
7c54015b-fb54-4661-9a3f-f37d52f05d8b,כולכם 376 - 260,116,False,excel_import,numeric_word_construct,public_expanded,research_phrase,high,Bare word/short phrase plus one or more computed gematria values; no interpretive or personal claim beyond the numeric record (Phase-1-style word=value entry).
ef784fc0-89d9-4e45-9319-590fa480f618,כי להויה המלוכה צמח דוד 1434 ∆,1434,False,excel_import,numeric_word_construct,public_expanded,research_phrase,high,Bare word/short phrase plus one or more computed gematria values; no interpretive or personal claim beyond the numeric record (Phase-1-style word=value entry).
eef61afd-4c83-495f-bac1-1b2e3b9b04f0,כסא דוד 103 634 718 145 95,95,False,excel_import,numeric_word_construct,public_expanded,research_phrase,high,Bare word/short phrase plus one or more computed gematria values; no interpretive or personal claim beyond the numeric record (Phase-1-style word=value entry).
bb464dbf-dded-47eb-95c9-ab5f147fded9,כף הקלע 521,305,False,excel_import,numeric_word_construct,public_expanded,research_phrase,high,Bare word/short phrase plus one or more computed gematria values; no interpretive or personal claim beyond the numeric record (Phase-1-style word=value entry).
6f28edf7-a479-4361-b96c-25e4c62db2de,לב מבין 2180 970 248,134,False,excel_import,numeric_word_construct,public_expanded,research_phrase,high,Bare word/short phrase plus one or more computed gematria values; no interpretive or personal claim beyond the numeric record (Phase-1-style word=value entry).
af442cfb-09c5-4397-8234-d7ae2c5fb3de,להאיר 730 474,246,False,excel_import,numeric_word_construct,public_expanded,research_phrase,high,Bare word/short phrase plus one or more computed gematria values; no interpretive or personal claim beyond the numeric record (Phase-1-style word=value entry).
df05e119-fee3-4722-8e3d-cbf098b92be5,להחזיר עטרה ליושנה = 3700 משולש,,False,excel_import,numeric_word_construct,public_expanded,research_phrase,high,Bare word/short phrase plus one or more computed gematria values; no interpretive or personal claim beyond the numeric record (Phase-1-style word=value entry).
219534c4-d5c5-42b1-a926-626f008862c4,להשמיד את כל הגוים = 904,904,False,excel_import,numeric_word_construct,public_expanded,research_phrase,high,Bare word/short phrase plus one or more computed gematria values; no interpretive or personal claim beyond the numeric record (Phase-1-style word=value entry).
8b6fd4f3-7f5e-4bf1-96c4-ea9261e7b699,לוחם אור 1237,291,False,excel_import,numeric_word_construct,public_expanded,research_phrase,high,Bare word/short phrase plus one or more computed gematria values; no interpretive or personal claim beyond the numeric record (Phase-1-style word=value entry).
cc678e7a-1e05-494e-8bb7-a597b4faa7b5,ליבי 52 474 400 218,52,False,excel_import,numeric_word_construct,public_expanded,research_phrase,high,Bare word/short phrase plus one or more computed gematria values; no interpretive or personal claim beyond the numeric record (Phase-1-style word=value entry).
f2ec4fad-d3ac-421d-b37a-edcbb5c1a2fd,לילית הבודדה 506,881,False,excel_import,numeric_word_construct,public_expanded,research_phrase,high,Bare word/short phrase plus one or more computed gematria values; no interpretive or personal claim beyond the numeric record (Phase-1-style word=value entry).
93883574-53d9-46f5-92b4-8eb211895ddd,לילית הגדולה 533 844,701,False,excel_import,numeric_word_construct,public_expanded,research_phrase,high,Bare word/short phrase plus one or more computed gematria values; no interpretive or personal claim beyond the numeric record (Phase-1-style word=value entry).
960137fe-c22f-43e3-9465-5408d0072b54,לילית יהוה 676 522,506,False,excel_import,numeric_word_construct,public_expanded,research_phrase,high,Bare word/short phrase plus one or more computed gematria values; no interpretive or personal claim beyond the numeric record (Phase-1-style word=value entry).
367118b6-9d40-4c9b-8b4c-0753893932bf,לילית רעה 1445 645 1400,755,False,excel_import,numeric_word_construct,public_expanded,research_phrase,high,Bare word/short phrase plus one or more computed gematria values; no interpretive or personal claim beyond the numeric record (Phase-1-style word=value entry).
2e59dc8f-17e7-4fb4-9f76-7a64cecab90a,לימוד 336 630 89,90,False,excel_import,numeric_word_construct,public_expanded,research_phrase,high,Bare word/short phrase plus one or more computed gematria values; no interpretive or personal claim beyond the numeric record (Phase-1-style word=value entry).
34b05aef-f1bf-4638-9e8e-b5461ca2ace3,לימוד רמז 1641 1624,337,False,excel_import,numeric_word_construct,public_expanded,research_phrase,high,Bare word/short phrase plus one or more computed gematria values; no interpretive or personal claim beyond the numeric record (Phase-1-style word=value entry).
0358077b-9b25-4d39-8ca5-2c1b4d507e71,לינוי אור משה 5337,3930,False,excel_import,numeric_word_construct,public_expanded,research_phrase,high,Bare word/short phrase plus one or more computed gematria values; no interpretive or personal claim beyond the numeric record (Phase-1-style word=value entry).
ef16a32e-5d34-45c3-bba5-c19697c1643c,לך דירה בתחתונים 784,4500,False,excel_import,numeric_word_construct,public_expanded,research_phrase,high,Bare word/short phrase plus one or more computed gematria values; no interpretive or personal claim beyond the numeric record (Phase-1-style word=value entry).
9f45b7a1-04d7-4e7a-9813-26aaab241054,לך מלכות דויד בן ישי ב2015 - ריבוע,5140,False,excel_import,numeric_word_construct,public_expanded,research_phrase,high,Bare word/short phrase plus one or more computed gematria values; no interpretive or personal claim beyond the numeric record (Phase-1-style word=value entry).
0d673640-dd04-4145-a34d-b3fc1dbc9f85,למה הכל שקר 370 1414,730,False,excel_import,numeric_word_construct,public_expanded,research_phrase,high,Bare word/short phrase plus one or more computed gematria values; no interpretive or personal claim beyond the numeric record (Phase-1-style word=value entry).
20a8210a-88b6-4368-acee-75718908b171,לעורר רגיל - מילוי 1237,506,False,excel_import,numeric_word_construct,public_expanded,research_phrase,high,Bare word/short phrase plus one or more computed gematria values; no interpretive or personal claim beyond the numeric record (Phase-1-style word=value entry).
4e5de801-b2d7-4d6e-b1da-94da0090aff9,לשנה הבאה בירושלמ הבנויה 3967 ∆,3967,False,excel_import,numeric_word_construct,public_expanded,research_phrase,high,Bare word/short phrase plus one or more computed gematria values; no interpretive or personal claim beyond the numeric record (Phase-1-style word=value entry).
c111ecdd-f3af-463b-a800-f41cf44d39b2,מאדים כח 1120 123 3680 3600,123,False,excel_import,numeric_word_construct,public_expanded,research_phrase,high,Bare word/short phrase plus one or more computed gematria values; no interpretive or personal claim beyond the numeric record (Phase-1-style word=value entry).
d908918f-4d2a-4e9f-83dd-b592bf194603,מאה ארבעים ושמונה (148),776,False,excel_import,numeric_word_construct,public_expanded,research_phrase,high,Bare word/short phrase plus one or more computed gematria values; no interpretive or personal claim beyond the numeric record (Phase-1-style word=value entry).
77f82e74-a447-44e6-88fe-d5b6cc9be9d0,מגילת אסתר - מיקום 118,1144,False,excel_import,numeric_word_construct,public_expanded,research_phrase,high,Bare word/short phrase plus one or more computed gematria values; no interpretive or personal claim beyond the numeric record (Phase-1-style word=value entry).
ecd0bec4-66c6-48f4-9450-93d312224e6b,מה יהיה 65 650 במלא שיטות 360 75 300,650,False,excel_import,numeric_word_construct,public_expanded,research_phrase,high,Bare word/short phrase plus one or more computed gematria values; no interpretive or personal claim beyond the numeric record (Phase-1-style word=value entry).
5ff9d33f-6d55-468d-b54a-87bc641ff07a,מה קורה לי 396,396,False,excel_import,numeric_word_construct,public_expanded,research_phrase,high,Bare word/short phrase plus one or more computed gematria values; no interpretive or personal claim beyond the numeric record (Phase-1-style word=value entry).
035b0881-0848-4e12-a182-e7bd6b38fc4f,מול בית פעור 3370,844,False,excel_import,numeric_word_construct,public_expanded,research_phrase,high,Bare word/short phrase plus one or more computed gematria values; no interpretive or personal claim beyond the numeric record (Phase-1-style word=value entry).
17e1d091-0b73-43c1-8edd-334eb6f2608c,מושיע 474,426,False,excel_import,numeric_word_construct,public_expanded,research_phrase,high,Bare word/short phrase plus one or more computed gematria values; no interpretive or personal claim beyond the numeric record (Phase-1-style word=value entry).
ce3172a3-1b65-47a0-b325-3216c0826831,מושיע ישראל האמיתי ב2015 - מיקום האות,358,False,excel_import,numeric_word_construct,public_expanded,research_phrase,high,Bare word/short phrase plus one or more computed gematria values; no interpretive or personal claim beyond the numeric record (Phase-1-style word=value entry).
f35a2b2e-6d9c-4d1f-912b-a241c0ef20ae,מות... משולש... 161636 הכפלה.. כמגדל דוד,1661,False,excel_import,numeric_word_construct,public_expanded,research_phrase,high,Bare word/short phrase plus one or more computed gematria values; no interpretive or personal claim beyond the numeric record (Phase-1-style word=value entry).
a13e08c4-3280-42a3-8e6c-421f0966306d,מחנה ישראל 3630 מילוי ללא מילה,644,False,excel_import,numeric_word_construct,public_expanded,research_phrase,high,Bare word/short phrase plus one or more computed gematria values; no interpretive or personal claim beyond the numeric record (Phase-1-style word=value entry).
5f9f8bff-041b-4acb-8406-244f5ab32823,מחשב 127 350,350,False,excel_import,numeric_word_construct,public_expanded,research_phrase,high,Bare word/short phrase plus one or more computed gematria values; no interpretive or personal claim beyond the numeric record (Phase-1-style word=value entry).
a3f0eb65-ff54-488c-bebd-9e01d884244a,מחשבה מופשטת 4500,119,False,excel_import,numeric_word_construct,public_expanded,research_phrase,high,Bare word/short phrase plus one or more computed gematria values; no interpretive or personal claim beyond the numeric record (Phase-1-style word=value entry).
0aff4f68-a27c-481e-8480-afe6807c873d,מי אתה 898 1280 540,456,False,excel_import,numeric_word_construct,public_expanded,research_phrase,high,Bare word/short phrase plus one or more computed gematria values; no interpretive or personal claim beyond the numeric record (Phase-1-style word=value entry).
91ff205a-a50f-4efc-9250-9895bd88f4bb,מי גר בעזה 533 360,337,False,excel_import,numeric_word_construct,public_expanded,research_phrase,high,Bare word/short phrase plus one or more computed gematria values; no interpretive or personal claim beyond the numeric record (Phase-1-style word=value entry).
2db738bd-5eb1-4695-9137-06016cfbeeb0,מי זו הראשונה 630,2386,False,excel_import,numeric_word_construct,public_expanded,research_phrase,high,Bare word/short phrase plus one or more computed gematria values; no interpretive or personal claim beyond the numeric record (Phase-1-style word=value entry).
5c74e18a-19e7-41c1-9ba3-62ac9f962925,מי משכיל 786 2626 676 634 1600,450,False,excel_import,numeric_word_construct,public_expanded,research_phrase,high,Bare word/short phrase plus one or more computed gematria values; no interpretive or personal claim beyond the numeric record (Phase-1-style word=value entry).
f052e828-c191-4025-abe7-dc57eb6592b5,מי סוד בראשית 1472,3930,False,excel_import,numeric_word_construct,public_expanded,research_phrase,high,Bare word/short phrase plus one or more computed gematria values; no interpretive or personal claim beyond the numeric record (Phase-1-style word=value entry).
1a92a168-1a45-4b7d-bbc1-bbeb481042ab,מי צומח למלך ישראל ?מסתתר 5 - אתבש 3750,6440,False,excel_import,numeric_word_construct,public_expanded,research_phrase,high,Bare word/short phrase plus one or more computed gematria values; no interpretive or personal claim beyond the numeric record (Phase-1-style word=value entry).
5a3b582d-c33d-4645-a095-bbf2ee7b1d47,מידויד בנישי 446 רמז,446,False,excel_import,numeric_word_construct,public_expanded,research_phrase,high,Bare word/short phrase plus one or more computed gematria values; no interpretive or personal claim beyond the numeric record (Phase-1-style word=value entry).
bfbaf536-d5fd-4e41-9ef7-c6d5fdccd245,מיהו שילה בימינו 1266 במילוי,1266,False,excel_import,numeric_word_construct,public_expanded,research_phrase,high,Bare word/short phrase plus one or more computed gematria values; no interpretive or personal claim beyond the numeric record (Phase-1-style word=value entry).
c01a748a-2f90-4496-965a-770a1f6627cf,מילוי רגיל - 5330,339,False,excel_import,numeric_word_construct,public_expanded,research_phrase,high,Bare word/short phrase plus one or more computed gematria values; no interpretive or personal claim beyond the numeric record (Phase-1-style word=value entry).
a8c56349-862a-4c93-b054-723f4b00370c,מימד חמש 1472,442,False,excel_import,numeric_word_construct,public_expanded,research_phrase,high,Bare word/short phrase plus one or more computed gematria values; no interpretive or personal claim beyond the numeric record (Phase-1-style word=value entry).
f4ca5666-1b1a-4958-a9c1-aafd3cbaf9fd,מכונה 451 244 444,121,False,excel_import,numeric_word_construct,public_expanded,research_phrase,high,Bare word/short phrase plus one or more computed gematria values; no interpretive or personal claim beyond the numeric record (Phase-1-style word=value entry).
17014f65-11d8-4796-ae96-42c59cdc669a,מלחמת העולם תחל הקיץ מסתתר 5333 משולש,1266,False,excel_import,numeric_word_construct,public_expanded,research_phrase,high,Bare word/short phrase plus one or more computed gematria values; no interpretive or personal claim beyond the numeric record (Phase-1-style word=value entry).
4add82ac-7c08-4538-9f8a-6ebb5a376439,מלחמת נצח 103,666,False,excel_import,numeric_word_construct,public_expanded,research_phrase,high,Bare word/short phrase plus one or more computed gematria values; no interpretive or personal claim beyond the numeric record (Phase-1-style word=value entry).
4a06f336-f533-4b03-974a-bf71c6d090e5,מלחמת נצח סוף 674 3333,1394,False,excel_import,numeric_word_construct,public_expanded,research_phrase,high,Bare word/short phrase plus one or more computed gematria values; no interpretive or personal claim beyond the numeric record (Phase-1-style word=value entry).
50abe4db-0bf6-4a67-8a0b-49de684a11f5,מלחמת עולם נוראית 1358 מסתתר,1331,False,excel_import,numeric_word_construct,public_expanded,research_phrase,high,Bare word/short phrase plus one or more computed gematria values; no interpretive or personal claim beyond the numeric record (Phase-1-style word=value entry).
dfce343f-fc46-497f-bd13-2d36d9cdc3dc,מלחמת עמלק 3096 ב ∆,760,False,excel_import,numeric_word_construct,public_expanded,research_phrase,high,Bare word/short phrase plus one or more computed gematria values; no interpretive or personal claim beyond the numeric record (Phase-1-style word=value entry).
6c13d0a9-a662-4575-b7d5-833154bf71b5,מלך רמז 1202,337,False,excel_import,numeric_word_construct,public_expanded,research_phrase,high,Bare word/short phrase plus one or more computed gematria values; no interpretive or personal claim beyond the numeric record (Phase-1-style word=value entry).
a7da67d9-9b9f-455a-b743-e63362ca5b52,מלכודת הר סיני 835,3221,False,excel_import,numeric_word_construct,public_expanded,research_phrase,high,Bare word/short phrase plus one or more computed gematria values; no interpretive or personal claim beyond the numeric record (Phase-1-style word=value entry).
f90a2ef5-8b58-4468-bdb2-babe5c3e2d07,מלכות גילוי 911,555,False,excel_import,numeric_word_construct,public_expanded,research_phrase,high,Bare word/short phrase plus one or more computed gematria values; no interpretive or personal claim beyond the numeric record (Phase-1-style word=value entry).
814e8f4a-587b-4b36-956d-9d26699e3e9f,מלכות דוד 781,510,False,excel_import,numeric_word_construct,public_expanded,research_phrase,high,Bare word/short phrase plus one or more computed gematria values; no interpretive or personal claim beyond the numeric record (Phase-1-style word=value entry).
f7c88eb7-a49d-4597-9483-c22249c5e383,מלכות ישראל ל 396 - מיוי ללא,7760,False,excel_import,numeric_word_construct,public_expanded,research_phrase,high,Bare word/short phrase plus one or more computed gematria values; no interpretive or personal claim beyond the numeric record (Phase-1-style word=value entry).
3f735c63-27e7-43e4-b662-97894f2b2e45,מם של משיח 3370 1898 613 768,768,False,excel_import,numeric_word_construct,public_expanded,research_phrase,high,Bare word/short phrase plus one or more computed gematria values; no interpretive or personal claim beyond the numeric record (Phase-1-style word=value entry).
f3e6cadd-ff7b-47d9-ad93-8d9bfbeff0c2,ממלכתי 1430,540,False,excel_import,numeric_word_construct,public_expanded,research_phrase,high,Bare word/short phrase plus one or more computed gematria values; no interpretive or personal claim beyond the numeric record (Phase-1-style word=value entry).
9f54aeb1-57d2-439c-88ca-70dc38eb2896,ממשלת האחדות = 1234 רגיל !,1234,False,excel_import,numeric_word_construct,public_expanded,research_phrase,high,Bare word/short phrase plus one or more computed gematria values; no interpretive or personal claim beyond the numeric record (Phase-1-style word=value entry).
57581831-ae69-4bab-95af-fc875a7001d8,ממשלת ישראל בעתה 3508 במילוי,3508,False,excel_import,numeric_word_construct,public_expanded,research_phrase,high,Bare word/short phrase plus one or more computed gematria values; no interpretive or personal claim beyond the numeric record (Phase-1-style word=value entry).
0df5266b-87ff-4766-8537-03f8f1883ae5,מניפולציה 363,321,False,excel_import,numeric_word_construct,public_expanded,research_phrase,high,Bare word/short phrase plus one or more computed gematria values; no interpretive or personal claim beyond the numeric record (Phase-1-style word=value entry).
fecccf78-2e0f-43da-a3a3-e73860da9d1a,מניפולצית המציאות 2589,3330,False,excel_import,numeric_word_construct,public_expanded,research_phrase,high,Bare word/short phrase plus one or more computed gematria values; no interpretive or personal claim beyond the numeric record (Phase-1-style word=value entry).
36b01a06-6654-405c-af21-df91be6ce61b,מסכים 400 7300,170,False,excel_import,numeric_word_construct,public_expanded,research_phrase,high,Bare word/short phrase plus one or more computed gematria values; no interpretive or personal claim beyond the numeric record (Phase-1-style word=value entry).
cc7b1337-435f-4544-9bc2-e94c51f1b14f,מסלול משיח 650,524,False,excel_import,numeric_word_construct,public_expanded,research_phrase,high,Bare word/short phrase plus one or more computed gematria values; no interpretive or personal claim beyond the numeric record (Phase-1-style word=value entry).
b0d0a98e-7829-4e5a-83d6-e49e7ec35857,מסע אסטרלי 1322,480,False,excel_import,numeric_word_construct,public_expanded,research_phrase,high,Bare word/short phrase plus one or more computed gematria values; no interpretive or personal claim beyond the numeric record (Phase-1-style word=value entry).
d1d3351c-4639-45bd-85da-88536671fc95,מעבר יבק 664,424,False,excel_import,numeric_word_construct,public_expanded,research_phrase,high,Bare word/short phrase plus one or more computed gematria values; no interpretive or personal claim beyond the numeric record (Phase-1-style word=value entry).
13e90d4b-fc1e-47a0-a8d0-13970c0bf851,מצפון 1337מילוי ללא,266,False,excel_import,numeric_word_construct,public_expanded,research_phrase,high,Bare word/short phrase plus one or more computed gematria values; no interpretive or personal claim beyond the numeric record (Phase-1-style word=value entry).
9c68b0ac-92d5-4765-8c04-2cdc9b470994,מקדש בירושלם ב781,2216,False,excel_import,numeric_word_construct,public_expanded,research_phrase,high,Bare word/short phrase plus one or more computed gematria values; no interpretive or personal claim beyond the numeric record (Phase-1-style word=value entry).
26ca88a0-e6d7-4c78-aed5-86002934470d,מקווה ( ∆ ) בריבוע = 477 = בעתה,776,False,excel_import,numeric_word_construct,public_expanded,research_phrase,high,Bare word/short phrase plus one or more computed gematria values; no interpretive or personal claim beyond the numeric record (Phase-1-style word=value entry).
ac2ce386-ff40-404a-bf46-324250fd0e29,מראה 1202,246,False,excel_import,numeric_word_construct,public_expanded,research_phrase,high,Bare word/short phrase plus one or more computed gematria values; no interpretive or personal claim beyond the numeric record (Phase-1-style word=value entry).
dd19c76c-131a-4899-b7b2-e4ea24206b60,משחק אלמוג 1604,528,False,excel_import,numeric_word_construct,public_expanded,research_phrase,high,Bare word/short phrase plus one or more computed gematria values; no interpretive or personal claim beyond the numeric record (Phase-1-style word=value entry).
87e11cfd-821a-4daa-8535-b7410350e7cc,משחק השכינה 1611 360 1948,838,False,excel_import,numeric_word_construct,public_expanded,research_phrase,high,Bare word/short phrase plus one or more computed gematria values; no interpretive or personal claim beyond the numeric record (Phase-1-style word=value entry).
1b14310c-7ce8-4a88-bbc7-5e5b0097a4fa,משיח ∆ ר יפ 1211,648,False,excel_import,numeric_word_construct,public_expanded,research_phrase,high,Bare word/short phrase plus one or more computed gematria values; no interpretive or personal claim beyond the numeric record (Phase-1-style word=value entry).
9ed5dc08-88fa-4ef0-9a7f-1af9b117b4ff,משיח + שיח 318+358,676,False,excel_import,numeric_word_construct,public_expanded,research_phrase,high,Bare word/short phrase plus one or more computed gematria values; no interpretive or personal claim beyond the numeric record (Phase-1-style word=value entry).
bb2ffd96-7efc-4d53-8137-6cad7a5c435b,משיח = 112 (אתבש),1061,False,excel_import,numeric_word_construct,public_expanded,research_phrase,high,Bare word/short phrase plus one or more computed gematria values; no interpretive or personal claim beyond the numeric record (Phase-1-style word=value entry).
60fcd711-35c8-4cb5-a103-59042489978d,משיח 1331 + 11110,358,False,excel_import,numeric_word_construct,public_expanded,research_phrase,high,Bare word/short phrase plus one or more computed gematria values; no interpretive or personal claim beyond the numeric record (Phase-1-style word=value entry).
9964513a-9c33-4262-be50-ee422d489bf8,משיח 337 533 396 566 משולש,1034,False,excel_import,numeric_word_construct,public_expanded,research_phrase,high,Bare word/short phrase plus one or more computed gematria values; no interpretive or personal claim beyond the numeric record (Phase-1-style word=value entry).
a85cf50d-d3f6-406f-9cd3-5c8ec5a8d9c0,משיח הגיע 68,446,False,excel_import,numeric_word_construct,public_expanded,research_phrase,high,Bare word/short phrase plus one or more computed gematria values; no interpretive or personal claim beyond the numeric record (Phase-1-style word=value entry).
d194f115-0581-4683-b8ee-f8b2f33f0292,משיח יבא 337,371,False,excel_import,numeric_word_construct,public_expanded,research_phrase,high,Bare word/short phrase plus one or more computed gematria values; no interpretive or personal claim beyond the numeric record (Phase-1-style word=value entry).
7299cc69-8a85-4842-90c4-902d5f12612f,משיח מתוכך 844,844,False,excel_import,numeric_word_construct,public_expanded,research_phrase,high,Bare word/short phrase plus one or more computed gematria values; no interpretive or personal claim beyond the numeric record (Phase-1-style word=value entry).
f4450f6a-ae67-4348-a44d-308ae4082304,משיח צידקנו +2702,618,False,excel_import,numeric_word_construct,public_expanded,research_phrase,high,Bare word/short phrase plus one or more computed gematria values; no interpretive or personal claim beyond the numeric record (Phase-1-style word=value entry).
d05195b3-bc1a-4b26-8ada-0e1972c00d9a,משיח שקר 2388 852,958,False,excel_import,numeric_word_construct,public_expanded,research_phrase,high,Bare word/short phrase plus one or more computed gematria values; no interpretive or personal claim beyond the numeric record (Phase-1-style word=value entry).
33e39f14-25b2-46a5-bb54-1c3fbf37f92e,משימת לילית 156 3330,1270,False,excel_import,numeric_word_construct,public_expanded,research_phrase,high,Bare word/short phrase plus one or more computed gematria values; no interpretive or personal claim beyond the numeric record (Phase-1-style word=value entry).
6d52d292-9369-4d86-96b0-8de9893d86d2,משכיל 1891 634,400,False,excel_import,numeric_word_construct,public_expanded,research_phrase,high,Bare word/short phrase plus one or more computed gematria values; no interpretive or personal claim beyond the numeric record (Phase-1-style word=value entry).
93dff5cf-4246-4753-8657-0dc67eb52f7c,משכיל 634 1891 151 570,400,False,excel_import,numeric_word_construct,public_expanded,research_phrase,high,Bare word/short phrase plus one or more computed gematria values; no interpretive or personal claim beyond the numeric record (Phase-1-style word=value entry).
77d28ca9-20d6-4048-a767-c3a143f6a9ad,משפחתי 2626 119,838,False,excel_import,numeric_word_construct,public_expanded,research_phrase,high,Bare word/short phrase plus one or more computed gematria values; no interpretive or personal claim beyond the numeric record (Phase-1-style word=value entry).
26fe9632-80a9-444e-b56e-4772e1a13798,מתי יבוא דויד בן ישי 644 אותיות לפני,644,False,excel_import,numeric_word_construct,public_expanded,research_phrase,high,Bare word/short phrase plus one or more computed gematria values; no interpretive or personal claim beyond the numeric record (Phase-1-style word=value entry).
f5ec56b8-12f7-43d2-a889-e9c7277c17fb,נאור רפאלי סוד 552,1200,False,excel_import,numeric_word_construct,public_expanded,research_phrase,high,Bare word/short phrase plus one or more computed gematria values; no interpretive or personal claim beyond the numeric record (Phase-1-style word=value entry).
ecba237e-fbad-4453-a771-2adeb6a1955b,נבחרך בזמן הזה 396 - מסתתר,1396,False,excel_import,numeric_word_construct,public_expanded,research_phrase,high,Bare word/short phrase plus one or more computed gematria values; no interpretive or personal claim beyond the numeric record (Phase-1-style word=value entry).
b7754c90-a50f-41a5-8842-cb2b881a0697,נגמר הסבל 1400 390,390,False,excel_import,numeric_word_construct,public_expanded,research_phrase,high,Bare word/short phrase plus one or more computed gematria values; no interpretive or personal claim beyond the numeric record (Phase-1-style word=value entry).
fa7d9730-c869-4711-9ffc-0d719ebd2e81,נובה לא חיה 337,117,False,excel_import,numeric_word_construct,public_expanded,research_phrase,high,Bare word/short phrase plus one or more computed gematria values; no interpretive or personal claim beyond the numeric record (Phase-1-style word=value entry).
aabca9cc-f94e-4f8f-91a1-8b219bada146,נזכר 2212,277,False,excel_import,numeric_word_construct,public_expanded,research_phrase,high,Bare word/short phrase plus one or more computed gematria values; no interpretive or personal claim beyond the numeric record (Phase-1-style word=value entry).
642137e8-1426-4beb-8f94-bafda3690aad,ניגון = 119 (דוד המלך) מילוי 337 1537 1218 1472,337,False,excel_import,numeric_word_construct,public_expanded,research_phrase,high,Bare word/short phrase plus one or more computed gematria values; no interpretive or personal claim beyond the numeric record (Phase-1-style word=value entry).
e33e6b0c-6ce4-4178-9980-b0edfd2ed2e8,נסיון 337,176,False,excel_import,numeric_word_construct,public_expanded,research_phrase,high,Bare word/short phrase plus one or more computed gematria values; no interpretive or personal claim beyond the numeric record (Phase-1-style word=value entry).
285ac82c-05ba-4e15-831a-c6bbfe23eeea,נסיון 533 אתבש,879,False,excel_import,numeric_word_construct,public_expanded,research_phrase,high,Bare word/short phrase plus one or more computed gematria values; no interpretive or personal claim beyond the numeric record (Phase-1-style word=value entry).
cf4bf0f4-4439-4c29-a918-123e0f8092b8,נסתר 710 1380 3550,710,False,excel_import,numeric_word_construct,public_expanded,research_phrase,high,Bare word/short phrase plus one or more computed gematria values; no interpretive or personal claim beyond the numeric record (Phase-1-style word=value entry).
56e8c667-65d3-4286-9ebe-caa5d3f0115e,נעים בגאולה 777,217,False,excel_import,numeric_word_construct,public_expanded,research_phrase,high,Bare word/short phrase plus one or more computed gematria values; no interpretive or personal claim beyond the numeric record (Phase-1-style word=value entry).
78625f19-c68d-4d5f-9364-1929cfb8c474,נעמה למך 370,255,False,excel_import,numeric_word_construct,public_expanded,research_phrase,high,Bare word/short phrase plus one or more computed gematria values; no interpretive or personal claim beyond the numeric record (Phase-1-style word=value entry).
1a263fce-2d64-42f7-b9aa-75d28e111061,נפילת רומא בשנת 455,455,False,excel_import,numeric_word_construct,public_expanded,research_phrase,high,Bare word/short phrase plus one or more computed gematria values; no interpretive or personal claim beyond the numeric record (Phase-1-style word=value entry).
4170272d-6393-4ac7-a097-b83fe3c105f1,נצחון עמלק 1212 1537,444,False,excel_import,numeric_word_construct,public_expanded,research_phrase,high,Bare word/short phrase plus one or more computed gematria values; no interpretive or personal claim beyond the numeric record (Phase-1-style word=value entry).
14924649-f6e2-4097-9ab4-c80275dcaf51,נקבה 151 157,157,False,excel_import,numeric_word_construct,public_expanded,research_phrase,high,Bare word/short phrase plus one or more computed gematria values; no interpretive or personal claim beyond the numeric record (Phase-1-style word=value entry).
e56f03d6-a2a4-44fa-9285-8e67285612b4,נשים 1490 960,400,False,excel_import,numeric_word_construct,public_expanded,research_phrase,high,Bare word/short phrase plus one or more computed gematria values; no interpretive or personal claim beyond the numeric record (Phase-1-style word=value entry).
22f04a2a-fccb-4f85-91e9-15fe5ee5127c,נשמת ישראל דוד בן ישי 76 ראשי תיבות,1717,False,excel_import,numeric_word_construct,public_expanded,research_phrase,high,Bare word/short phrase plus one or more computed gematria values; no interpretive or personal claim beyond the numeric record (Phase-1-style word=value entry).
7ef6f18e-9eb8-4467-8324-7a26847d21ba,נתהפך 718,555,False,excel_import,numeric_word_construct,public_expanded,research_phrase,high,Bare word/short phrase plus one or more computed gematria values; no interpretive or personal claim beyond the numeric record (Phase-1-style word=value entry).
8800b972-bfa6-4709-b66f-c0efcb01d2e8,סובב עולם 776 216 38 83,216,False,excel_import,numeric_word_construct,public_expanded,research_phrase,high,Bare word/short phrase plus one or more computed gematria values; no interpretive or personal claim beyond the numeric record (Phase-1-style word=value entry).
2a5258d6-fe47-4a1e-8465-5cc6b135954a,סוד 1820 - אחד,83,False,excel_import,numeric_word_construct,public_expanded,research_phrase,high,Bare word/short phrase plus one or more computed gematria values; no interpretive or personal claim beyond the numeric record (Phase-1-style word=value entry).
8a1ee4c3-aacc-464f-aeef-36babc59863d,סוד 1820 נסתר - מילוי,4444,False,excel_import,numeric_word_construct,public_expanded,research_phrase,high,Bare word/short phrase plus one or more computed gematria values; no interpretive or personal claim beyond the numeric record (Phase-1-style word=value entry).
a3166485-f7f0-425a-a384-f73f0b46fba1,סוד 266 - פי 5 - מסתתר,1260,False,excel_import,numeric_word_construct,public_expanded,research_phrase,high,Bare word/short phrase plus one or more computed gematria values; no interpretive or personal claim beyond the numeric record (Phase-1-style word=value entry).
0e77037c-cdcb-46ed-b86a-9f86dfb2562c,סוד 3960 - מילוי,166,False,excel_import,numeric_word_construct,public_expanded,research_phrase,high,Bare word/short phrase plus one or more computed gematria values; no interpretive or personal claim beyond the numeric record (Phase-1-style word=value entry).
03d6a104-c442-4898-b6d4-01ec6cd87354,סוד 533 337 - פי 5 - מסתתר 14370 - לפני 11180 - ריבוע 33070,27560,False,excel_import,numeric_word_construct,public_expanded,research_phrase,high,Bare word/short phrase plus one or more computed gematria values; no interpretive or personal claim beyond the numeric record (Phase-1-style word=value entry).
ab94d3d5-b7f3-4d5b-b90f-08d7b20cd0e2,סוד בינה מלאכותית 2448,2368,False,excel_import,numeric_word_construct,public_expanded,research_phrase,high,Bare word/short phrase plus one or more computed gematria values; no interpretive or personal claim beyond the numeric record (Phase-1-style word=value entry).
de912901-d9b4-4dee-958f-8a4a02395a3d,סוד דוד עבדך יתגלה ב776 - מסתתר,2015,False,excel_import,numeric_word_construct,public_expanded,research_phrase,high,Bare word/short phrase plus one or more computed gematria values; no interpretive or personal claim beyond the numeric record (Phase-1-style word=value entry).
6d123af4-0c0e-42a6-9e3e-8197312d8bbe,סוד הויה 3838 268,96,False,excel_import,numeric_word_construct,public_expanded,research_phrase,high,Bare word/short phrase plus one or more computed gematria values; no interpretive or personal claim beyond the numeric record (Phase-1-style word=value entry).
6bf4a4c8-a18f-41e9-861f-558168202764,סוד מלכותי פי 5 - מילוי 6440,2880,False,excel_import,numeric_word_construct,public_expanded,research_phrase,high,Bare word/short phrase plus one or more computed gematria values; no interpretive or personal claim beyond the numeric record (Phase-1-style word=value entry).
e173921a-b7e1-4a85-929d-f0b0d195319c,סוד עולם הבא 11118,224,False,excel_import,numeric_word_construct,public_expanded,research_phrase,high,Bare word/short phrase plus one or more computed gematria values; no interpretive or personal claim beyond the numeric record (Phase-1-style word=value entry).
44e2c421-b707-426a-990a-734854c3110f,סוד פאי 634 2222,161,False,excel_import,numeric_word_construct,public_expanded,research_phrase,high,Bare word/short phrase plus one or more computed gematria values; no interpretive or personal claim beyond the numeric record (Phase-1-style word=value entry).
b0244b2f-8ef2-4dc4-9d3b-3603b502ea18,סוד שאול המלך לגל חביבי 1820,2216,False,excel_import,numeric_word_construct,public_expanded,research_phrase,high,Bare word/short phrase plus one or more computed gematria values; no interpretive or personal claim beyond the numeric record (Phase-1-style word=value entry).
92c929ca-c66a-4c82-85ee-3707bdd0e885,סוד שערי צדק 4500,844,False,excel_import,numeric_word_construct,public_expanded,research_phrase,high,Bare word/short phrase plus one or more computed gematria values; no interpretive or personal claim beyond the numeric record (Phase-1-style word=value entry).
c29926f6-51d8-46b2-b5d2-e4b24010ed67,סוד תדר 1604 456 261,674,False,excel_import,numeric_word_construct,public_expanded,research_phrase,high,Bare word/short phrase plus one or more computed gematria values; no interpretive or personal claim beyond the numeric record (Phase-1-style word=value entry).
78fecb55-09b2-48b5-8458-d3856b060256,סודי הגדול יחשף 776 - מסתתר,1337,False,excel_import,numeric_word_construct,public_expanded,research_phrase,high,Bare word/short phrase plus one or more computed gematria values; no interpretive or personal claim beyond the numeric record (Phase-1-style word=value entry).
f0d34383-a5be-4e7f-9c5c-132d23ce9d06,סודי יחשף ב781 - מדבר רבה - 1212 לפני הארי,2212,False,excel_import,numeric_word_construct,public_expanded,research_phrase,high,Bare word/short phrase plus one or more computed gematria values; no interpretive or personal claim beyond the numeric record (Phase-1-style word=value entry).
e9f72551-eec7-40cc-926a-48eb8a052e8d,סוף הדת הגיע 1237 1336,643,False,excel_import,numeric_word_construct,public_expanded,research_phrase,high,Bare word/short phrase plus one or more computed gematria values; no interpretive or personal claim beyond the numeric record (Phase-1-style word=value entry).
0b7fd319-4a77-4060-beeb-0a4888d7d157,סוף לאבטלה בימינו = 363 מסתתר רגיל,,False,excel_import,numeric_word_construct,public_expanded,research_phrase,high,Bare word/short phrase plus one or more computed gematria values; no interpretive or personal claim beyond the numeric record (Phase-1-style word=value entry).
8e132250-21fa-4056-81bb-eb20e226da89,סוף לאשליה 522,522,False,excel_import,numeric_word_construct,public_expanded,research_phrase,high,Bare word/short phrase plus one or more computed gematria values; no interpretive or personal claim beyond the numeric record (Phase-1-style word=value entry).
28456ba4-6b6f-41e3-9368-11bed86eb27b,סוף לריבית = 1692 רגיל ומסתתר,,False,excel_import,numeric_word_construct,public_expanded,research_phrase,high,Bare word/short phrase plus one or more computed gematria values; no interpretive or personal claim beyond the numeric record (Phase-1-style word=value entry).
678d2134-6af6-446d-aed2-9316c79ff073,סוף לשקר 123 5330,776,False,excel_import,numeric_word_construct,public_expanded,research_phrase,high,Bare word/short phrase plus one or more computed gematria values; no interpretive or personal claim beyond the numeric record (Phase-1-style word=value entry).
4699e539-a8b6-4ade-97f5-a2b065fe7989,סוף פוליטיקה = 396 רגיל,,False,excel_import,numeric_word_construct,public_expanded,research_phrase,high,Bare word/short phrase plus one or more computed gematria values; no interpretive or personal claim beyond the numeric record (Phase-1-style word=value entry).
ed4f845f-d8a7-4f68-b843-4cae4441b997,סוף שנת הקורונה = 1394 מסתתר,878,False,excel_import,numeric_word_construct,public_expanded,research_phrase,high,Bare word/short phrase plus one or more computed gematria values; no interpretive or personal claim beyond the numeric record (Phase-1-style word=value entry).
f36e55b6-cddd-4ae8-8c50-668b28ee469f,סוף תיקון עם ישראל = 1394 מסתתר רגיל 1363,1394,False,excel_import,numeric_word_construct,public_expanded,research_phrase,high,Bare word/short phrase plus one or more computed gematria values; no interpretive or personal claim beyond the numeric record (Phase-1-style word=value entry).
32a832dd-978f-425f-ae05-80fd9b9a2353,סימטריה אלהית.3580,1820,False,excel_import,numeric_word_construct,public_expanded,research_phrase,high,Bare word/short phrase plus one or more computed gematria values; no interpretive or personal claim beyond the numeric record (Phase-1-style word=value entry).
fffc1ab7-ea33-4ba6-b70e-4b4b5a7b2172,סיפוק 256 844 138,256,False,excel_import,numeric_word_construct,public_expanded,research_phrase,high,Bare word/short phrase plus one or more computed gematria values; no interpretive or personal claim beyond the numeric record (Phase-1-style word=value entry).
7973108b-4d65-4f74-a1d6-9aed7a3781cf,סערות תימן מילוי 1820 1310,1236,False,excel_import,numeric_word_construct,public_expanded,research_phrase,high,Bare word/short phrase plus one or more computed gematria values; no interpretive or personal claim beyond the numeric record (Phase-1-style word=value entry).
c59a7685-911f-462f-b9dc-e7328a5f5891,סתום נסתר - גדול - מילוי גדול 3960 - מסתתר = 1318,1776,False,excel_import,numeric_word_construct,public_expanded,research_phrase,high,Bare word/short phrase plus one or more computed gematria values; no interpretive or personal claim beyond the numeric record (Phase-1-style word=value entry).
f1203e0a-5aea-4350-9632-f72c56088774,עבדך משיחך 1819 ∆,474,False,excel_import,numeric_word_construct,public_expanded,research_phrase,high,Bare word/short phrase plus one or more computed gematria values; no interpretive or personal claim beyond the numeric record (Phase-1-style word=value entry).
cdf06a3b-5f05-47c3-a274-5f61d4088dff,עולם אנלוגי ודיגיטלי 888 328,1331,False,excel_import,numeric_word_construct,public_expanded,research_phrase,high,Bare word/short phrase plus one or more computed gematria values; no interpretive or personal claim beyond the numeric record (Phase-1-style word=value entry).
b13006bf-038d-45be-a4d6-89852e1c4ec6,עולם פנימי 613 1118,336,False,excel_import,numeric_word_construct,public_expanded,research_phrase,high,Bare word/short phrase plus one or more computed gematria values; no interpretive or personal claim beyond the numeric record (Phase-1-style word=value entry).
576cc300-c44e-4ecf-bd6f-c68e8d00ada2,עולם תחתון 4848 1010,1010,False,excel_import,numeric_word_construct,public_expanded,research_phrase,high,Bare word/short phrase plus one or more computed gematria values; no interpretive or personal claim beyond the numeric record (Phase-1-style word=value entry).
dbb84ea6-5e46-4d02-83d9-5e7ea888ddfa,עומדים בחורב ציה ושממה 1237 אתבש,878,False,excel_import,numeric_word_construct,public_expanded,research_phrase,high,Bare word/short phrase plus one or more computed gematria values; no interpretive or personal claim beyond the numeric record (Phase-1-style word=value entry).
d2b8f7b1-26da-46d8-81a9-fb7a17f57134,עזר כנגדו 336 מסתתר,1455,False,excel_import,numeric_word_construct,public_expanded,research_phrase,high,Bare word/short phrase plus one or more computed gematria values; no interpretive or personal claim beyond the numeric record (Phase-1-style word=value entry).
e328e3b8-345b-4de3-9312-4711c5366e7d,עיבור 1456 - מסתתר 266 - ריבוע 608,288,False,excel_import,numeric_word_construct,public_expanded,research_phrase,high,Bare word/short phrase plus one or more computed gematria values; no interpretive or personal claim beyond the numeric record (Phase-1-style word=value entry).
db4b3321-8004-49be-a8c5-eb6283ac196b,עידן בת כהן 611,611,False,excel_import,numeric_word_construct,public_expanded,research_phrase,high,Bare word/short phrase plus one or more computed gematria values; no interpretive or personal claim beyond the numeric record (Phase-1-style word=value entry).
510b8da6-ea9f-46eb-8803-7863633b6878,עידן זנה סוד 690,266,False,excel_import,numeric_word_construct,public_expanded,research_phrase,high,Bare word/short phrase plus one or more computed gematria values; no interpretive or personal claim beyond the numeric record (Phase-1-style word=value entry).
3c745b79-5f47-4c65-b5fb-a9a138d9c68d,עליית העולמות 396 אתבש,25100,False,excel_import,numeric_word_construct,public_expanded,research_phrase,high,Bare word/short phrase plus one or more computed gematria values; no interpretive or personal claim beyond the numeric record (Phase-1-style word=value entry).
e1ebbff0-8ac4-43ab-9888-a02c0fec25ba,עם סתום 616,616,False,excel_import,numeric_word_construct,public_expanded,research_phrase,high,Bare word/short phrase plus one or more computed gematria values; no interpretive or personal claim beyond the numeric record (Phase-1-style word=value entry).
3b6ebafb-3f98-4f08-b45b-f3891e7f4596,עם קשה עורף אנחנו ב = 988 רגיל = עשרה בטבת,,False,excel_import,numeric_word_construct,public_expanded,research_phrase,high,Bare word/short phrase plus one or more computed gematria values; no interpretive or personal claim beyond the numeric record (Phase-1-style word=value entry).
b880cd16-abfb-45f5-a29f-77f41e497342,עמלק גאווה 1234,261,False,excel_import,numeric_word_construct,public_expanded,research_phrase,high,Bare word/short phrase plus one or more computed gematria values; no interpretive or personal claim beyond the numeric record (Phase-1-style word=value entry).
cdde4422-7f51-4d2f-93f1-d7ebf9164568,ענג קדוש 2510 - 8980 באטבח פתוח,533,False,excel_import,numeric_word_construct,public_expanded,research_phrase,high,Bare word/short phrase plus one or more computed gematria values; no interpretive or personal claim beyond the numeric record (Phase-1-style word=value entry).
d2633ec7-8521-4292-8e8a-2a3db13c0649,עץ יוסף ועץ יהודה יתאחדו מילוי מסתתר 3333,2660,False,excel_import,numeric_word_construct,public_expanded,research_phrase,high,Bare word/short phrase plus one or more computed gematria values; no interpretive or personal claim beyond the numeric record (Phase-1-style word=value entry).
4210dbe7-70c3-43c2-8665-fcf4d5aa54c6,עצת 1560. 56,560,False,excel_import,numeric_word_construct,public_expanded,research_phrase,high,Bare word/short phrase plus one or more computed gematria values; no interpretive or personal claim beyond the numeric record (Phase-1-style word=value entry).
0a9936c4-51f7-4d50-ae7b-1574075329ce,ערפדים 1255,404,False,excel_import,numeric_word_construct,public_expanded,research_phrase,high,Bare word/short phrase plus one or more computed gematria values; no interpretive or personal claim beyond the numeric record (Phase-1-style word=value entry).
8abb2348-8ab0-433d-afc1-adc8ff3dc79b,עשיר 1020 2270,580,False,excel_import,numeric_word_construct,public_expanded,research_phrase,high,Bare word/short phrase plus one or more computed gematria values; no interpretive or personal claim beyond the numeric record (Phase-1-style word=value entry).
b60f56aa-6928-4eac-8c37-ac6648f89b89,עת 26,470,False,excel_import,numeric_word_construct,public_expanded,research_phrase,high,Bare word/short phrase plus one or more computed gematria values; no interpretive or personal claim beyond the numeric record (Phase-1-style word=value entry).
7aac4bf5-2202-42f1-a507-6fd4b17551d1,עת 76 מילוי ללא,627,False,excel_import,numeric_word_construct,public_expanded,research_phrase,high,Bare word/short phrase plus one or more computed gematria values; no interpretive or personal claim beyond the numeric record (Phase-1-style word=value entry).
7d399c80-8e5a-403c-a8b9-38d215945d9f,עת הזמיר בשנה הבאה עלינו לטובה 3968 מילוי,3968,False,excel_import,numeric_word_construct,public_expanded,research_phrase,high,Bare word/short phrase plus one or more computed gematria values; no interpretive or personal claim beyond the numeric record (Phase-1-style word=value entry).
e52dc8f5-5cbc-4ee3-b94b-9bccc2c50ddc,פאדיחה 522 552,108,False,excel_import,numeric_word_construct,public_expanded,research_phrase,high,Bare word/short phrase plus one or more computed gematria values; no interpretive or personal claim beyond the numeric record (Phase-1-style word=value entry).
0d5efcb3-1798-4c88-8130-0313ec4f0153,פגם 683,123,False,excel_import,numeric_word_construct,public_expanded,research_phrase,high,Bare word/short phrase plus one or more computed gematria values; no interpretive or personal claim beyond the numeric record (Phase-1-style word=value entry).
addb2760-cc5a-4b0d-83dd-6a07cbad0bce,פורטל 2589 878,325,False,excel_import,numeric_word_construct,public_expanded,research_phrase,high,Bare word/short phrase plus one or more computed gematria values; no interpretive or personal claim beyond the numeric record (Phase-1-style word=value entry).
074ba16c-9a64-4717-975f-5428f3a23d3e,פורת 686,686,False,excel_import,numeric_word_construct,public_expanded,research_phrase,high,Bare word/short phrase plus one or more computed gematria values; no interpretive or personal claim beyond the numeric record (Phase-1-style word=value entry).
c8061128-ac9d-47ac-92ed-fee508326b3b,פטיש כבד 382,425,False,excel_import,numeric_word_construct,public_expanded,research_phrase,high,Bare word/short phrase plus one or more computed gematria values; no interpretive or personal claim beyond the numeric record (Phase-1-style word=value entry).
722e9a32-07f3-4ab8-b1d2-86bc1a43c8a9,פילוג העם אתבש 453,244,False,excel_import,numeric_word_construct,public_expanded,research_phrase,high,Bare word/short phrase plus one or more computed gematria values; no interpretive or personal claim beyond the numeric record (Phase-1-style word=value entry).
e0681475-da44-4e1d-8864-d80a20409406,פילוגים - אתבש . 424 1641 משולש,396,False,excel_import,numeric_word_construct,public_expanded,research_phrase,high,Bare word/short phrase plus one or more computed gematria values; no interpretive or personal claim beyond the numeric record (Phase-1-style word=value entry).
dd3e2e10-f99d-43e9-80c4-09795c1af9ed,"פינחס - אתב""ש - רגיל + ריבוע ומשולש = 1820",123,False,excel_import,numeric_word_construct,public_expanded,research_phrase,high,Bare word/short phrase plus one or more computed gematria values; no interpretive or personal claim beyond the numeric record (Phase-1-style word=value entry).
9d943da6-c1aa-4909-abe9-53f1868c3e75,פירוד דעת - אתבש - רגיל ומילים 776,337,False,excel_import,numeric_word_construct,public_expanded,research_phrase,high,Bare word/short phrase plus one or more computed gematria values; no interpretive or personal claim beyond the numeric record (Phase-1-style word=value entry).
45850c22-db48-497d-ac2e-8a2f3a1133c9,פני הדור כפני הכלב בימינו = 2756 מילוי רגיל,,False,excel_import,numeric_word_construct,public_expanded,research_phrase,high,Bare word/short phrase plus one or more computed gematria values; no interpretive or personal claim beyond the numeric record (Phase-1-style word=value entry).
7effddbf-82d6-461a-bd27-3a7146af535b,פני משיחך 1152,518,False,excel_import,numeric_word_construct,public_expanded,research_phrase,high,Bare word/short phrase plus one or more computed gematria values; no interpretive or personal claim beyond the numeric record (Phase-1-style word=value entry).
32ef539a-d2f8-4453-bc37-79c763bded10,פריעת חוב האומות + מילים 1237,1234,False,excel_import,numeric_word_construct,public_expanded,research_phrase,high,Bare word/short phrase plus one or more computed gematria values; no interpretive or personal claim beyond the numeric record (Phase-1-style word=value entry).
022ebba1-a762-427d-ad80-f5739cfe8e5d,פרצופים 506,506,False,excel_import,numeric_word_construct,public_expanded,research_phrase,high,Bare word/short phrase plus one or more computed gematria values; no interpretive or personal claim beyond the numeric record (Phase-1-style word=value entry).
fef0ae5a-a486-4e40-be39-0275153bf04d,פרצופים 898,506,False,excel_import,numeric_word_construct,public_expanded,research_phrase,high,Bare word/short phrase plus one or more computed gematria values; no interpretive or personal claim beyond the numeric record (Phase-1-style word=value entry).
2787c5b0-c631-408d-afd2-ed16763fa7c6,פתאום יבוא 775+588מלחמת גוג 1331 + 424,775,False,excel_import,thematic_corpus,deep_research_candidate,research_phrase,medium,'Suddenly he will come... war of Gog' — Gog/Magog war-prophecy phrase with attached numeric values; kept at research tier as an alarming unverified prediction rather than public-default.
71950335-3158-4bc6-b454-d00c1bda76e7,פתיח ת 634 1472 453 861 768 861,898,False,excel_import,numeric_word_construct,public_expanded,research_phrase,high,Bare word/short phrase plus one or more computed gematria values; no interpretive or personal claim beyond the numeric record (Phase-1-style word=value entry).
ca570dd9-a10b-45e3-9229-2dd0af0f2984,צ צמ צמח 358 צ צמ צמח ד דו דוד 386,358,False,excel_import,numeric_word_construct,public_expanded,research_phrase,high,Bare word/short phrase plus one or more computed gematria values; no interpretive or personal claim beyond the numeric record (Phase-1-style word=value entry).
50520548-2d41-4a70-a2af-e1ad504eba78,צאט גרוק וגי פי טי 3137 1237 2600 - אצילות 537,537,False,excel_import,numeric_word_construct,public_expanded,research_phrase,high,Bare word/short phrase plus one or more computed gematria values; no interpretive or personal claim beyond the numeric record (Phase-1-style word=value entry).
83f04a9d-acd5-45ff-beea-32291bd003ab,ציון ירושלם ישראל העולם 1514 ב ∆ 5644,1514,False,excel_import,numeric_word_construct,public_expanded,research_phrase,high,Bare word/short phrase plus one or more computed gematria values; no interpretive or personal claim beyond the numeric record (Phase-1-style word=value entry).
7fba7f86-ecaf-4fcd-b1ce-cbe988c3bb70,ציור אלוהי 358,358,False,excel_import,numeric_word_construct,public_expanded,research_phrase,high,Bare word/short phrase plus one or more computed gematria values; no interpretive or personal claim beyond the numeric record (Phase-1-style word=value entry).
132158ec-113e-4e0b-828b-42b19ceedc33,ציניות 4114,566,False,excel_import,numeric_word_construct,public_expanded,research_phrase,high,Bare word/short phrase plus one or more computed gematria values; no interpretive or personal claim beyond the numeric record (Phase-1-style word=value entry).
f48a1dc0-5fa7-4a8a-b404-624db88f28f5,צליל 3330 10000 760 260,160,False,excel_import,numeric_word_construct,public_expanded,research_phrase,high,Bare word/short phrase plus one or more computed gematria values; no interpretive or personal claim beyond the numeric record (Phase-1-style word=value entry).
8764e97b-bbdb-4f96-8bc2-0826274a5e22,צמח דוד 644 - רת,752,False,excel_import,numeric_word_construct,public_expanded,research_phrase,high,Bare word/short phrase plus one or more computed gematria values; no interpretive or personal claim beyond the numeric record (Phase-1-style word=value entry).
5483d6ae-fe34-4d5e-9d20-f92d5f796e94,צמח דוד בזמן הזה 644 - פי 5 - ראשי תיבות,2015,False,excel_import,numeric_word_construct,public_expanded,research_phrase,high,Bare word/short phrase plus one or more computed gematria values; no interpretive or personal claim beyond the numeric record (Phase-1-style word=value entry).
b76e6a2f-a3ee-4c63-9741-29e65745b6fc,צמח דוד עבדך בזמן הזה =פי 5,1820,False,excel_import,numeric_word_construct,public_expanded,research_phrase,high,Bare word/short phrase plus one or more computed gematria values; no interpretive or personal claim beyond the numeric record (Phase-1-style word=value entry).
28ac61ea-df26-43b1-833d-ba285857715a,צמח דויד 644 - רת,762,False,excel_import,numeric_word_construct,public_expanded,research_phrase,high,Bare word/short phrase plus one or more computed gematria values; no interpretive or personal claim beyond the numeric record (Phase-1-style word=value entry).
083d6025-a889-43d6-84d9-fd5c76dbc697,צמח דויד בן ישי וגם אות שניה 396,396,False,excel_import,numeric_word_construct,public_expanded,research_phrase,high,Bare word/short phrase plus one or more computed gematria values; no interpretive or personal claim beyond the numeric record (Phase-1-style word=value entry).
3cf86e1f-9067-48ea-bcf0-88c10da53eb5,צער 1394 384,360,False,excel_import,numeric_word_construct,public_expanded,research_phrase,high,Bare word/short phrase plus one or more computed gematria values; no interpretive or personal claim beyond the numeric record (Phase-1-style word=value entry).
d2fa0506-70c3-406a-9855-5d56ae44f442,קבוצה 474,203,False,excel_import,numeric_word_construct,public_expanded,research_phrase,high,Bare word/short phrase plus one or more computed gematria values; no interpretive or personal claim beyond the numeric record (Phase-1-style word=value entry).
5ebbd377-4f0a-49f9-bb26-cd00ab448206,קונספירציות זה השטן 1388,2589,False,excel_import,numeric_word_construct,public_expanded,research_phrase,high,Bare word/short phrase plus one or more computed gematria values; no interpretive or personal claim beyond the numeric record (Phase-1-style word=value entry).
793af667-2aaf-42d8-82cd-f5d1bd98cbeb,קונספירציות מרחיקות 1776 255 5550 1948 474,,False,excel_import,numeric_word_construct,public_expanded,research_phrase,high,Bare word/short phrase plus one or more computed gematria values; no interpretive or personal claim beyond the numeric record (Phase-1-style word=value entry).
78669c13-06c5-4256-bdb1-0297caad68c8,קושי 588,416,False,excel_import,numeric_word_construct,public_expanded,research_phrase,high,Bare word/short phrase plus one or more computed gematria values; no interpretive or personal claim beyond the numeric record (Phase-1-style word=value entry).
f01467fa-91fd-428d-83ff-97809f35230c,קטטה = 123,123,False,excel_import,numeric_word_construct,public_expanded,research_phrase,high,Bare word/short phrase plus one or more computed gematria values; no interpretive or personal claim beyond the numeric record (Phase-1-style word=value entry).
e032285f-1b7d-4945-af42-860090569d38,קנאביס תעשן היום 10000,4450,False,excel_import,numeric_word_construct,public_expanded,research_phrase,high,Bare word/short phrase plus one or more computed gematria values; no interpretive or personal claim beyond the numeric record (Phase-1-style word=value entry).
40627db3-97e6-45bd-815d-0d418e523aeb,קץ היהדות רגיל 620 1037,2701,False,excel_import,numeric_word_construct,public_expanded,research_phrase,high,Bare word/short phrase plus one or more computed gematria values; no interpretive or personal claim beyond the numeric record (Phase-1-style word=value entry).
34cee5e4-8ab6-41c4-ab82-b55e6170999f,קץ למרור 1234,666,False,excel_import,numeric_word_construct,public_expanded,research_phrase,high,Bare word/short phrase plus one or more computed gematria values; no interpretive or personal claim beyond the numeric record (Phase-1-style word=value entry).
84458924-42b5-4c2e-bb42-c9921b4ac4e8,קריסת הכלכלה השנה ב2015 - סופי תיבות,1212,False,excel_import,numeric_word_construct,public_expanded,research_phrase,high,Bare word/short phrase plus one or more computed gematria values; no interpretive or personal claim beyond the numeric record (Phase-1-style word=value entry).
97e2daad-897b-4f26-bcda-b5351cebc64a,קריסת מטבע הדולר ב - מילוי לפני 781,3760,False,excel_import,numeric_word_construct,public_expanded,research_phrase,high,Bare word/short phrase plus one or more computed gematria values; no interpretive or personal claim beyond the numeric record (Phase-1-style word=value entry).
96833a11-7ec0-4b47-b9e8-913d375fda2d,קרן עדן 1472 474 998,474,False,excel_import,numeric_word_construct,public_expanded,research_phrase,high,Bare word/short phrase plus one or more computed gematria values; no interpretive or personal claim beyond the numeric record (Phase-1-style word=value entry).
180be054-065a-4cda-9e38-459755d15044,קרשת 1000 3980,1000,False,excel_import,numeric_word_construct,public_expanded,research_phrase,high,Bare word/short phrase plus one or more computed gematria values; no interpretive or personal claim beyond the numeric record (Phase-1-style word=value entry).
d269cca3-46cd-4b37-8e91-16da31bb6b14,ר א מ ע פ ה 396,396,False,excel_import,numeric_word_construct,public_expanded,research_phrase,high,Bare word/short phrase plus one or more computed gematria values; no interpretive or personal claim beyond the numeric record (Phase-1-style word=value entry).
5e9103d5-fc9f-4cc3-a611-a1339fe7e57a,ראש השנה 776 - מסתתר,1820,False,excel_import,numeric_word_construct,public_expanded,research_phrase,high,Bare word/short phrase plus one or more computed gematria values; no interpretive or personal claim beyond the numeric record (Phase-1-style word=value entry).
abfd038d-9ce1-4f5e-8827-11da82ffc9d1,ראש ממשלה 1590 מילוי 4740 מילוי,1270,False,excel_import,numeric_word_construct,public_expanded,research_phrase,high,Bare word/short phrase plus one or more computed gematria values; no interpretive or personal claim beyond the numeric record (Phase-1-style word=value entry).
d2eba92f-89b2-4f8e-89b3-160774410eb7,ראש ממשלת ישראל בנימין נתניהו 15370 3600,155,False,excel_import,thematic_corpus,public_expanded,research_phrase,high,Title + real name + gematria value only; no claim attached.
b2cb413d-ed32-4625-9129-05cbe7c5ba20,ראשי תיבות - 396 644 266 514,1329,False,excel_import,numeric_word_construct,public_expanded,research_phrase,high,Bare word/short phrase plus one or more computed gematria values; no interpretive or personal claim beyond the numeric record (Phase-1-style word=value entry).
a5709593-f5ef-4987-9a50-c05a2185ddc0,רבקה מלכה 402,402,False,excel_import,numeric_word_construct,public_expanded,research_phrase,high,Bare word/short phrase plus one or more computed gematria values; no interpretive or personal claim beyond the numeric record (Phase-1-style word=value entry).
b05b114b-e544-458f-a7c7-60c862295ba4,רגיל ואותיות מיקום אות 66,396,False,excel_import,numeric_word_construct,public_expanded,research_phrase,high,Bare word/short phrase plus one or more computed gematria values; no interpretive or personal claim beyond the numeric record (Phase-1-style word=value entry).
d934dba0-973f-4765-93aa-f668d46d2e56,רגלי מבשר 1363,785,False,excel_import,numeric_word_construct,public_expanded,research_phrase,high,Bare word/short phrase plus one or more computed gematria values; no interpretive or personal claim beyond the numeric record (Phase-1-style word=value entry).
c91e7f67-81b9-4f08-b8b9-a7cdc6359b3c,רוח אלהים 860,300,False,excel_import,numeric_word_construct,public_expanded,research_phrase,high,Bare word/short phrase plus one or more computed gematria values; no interpretive or personal claim beyond the numeric record (Phase-1-style word=value entry).
39d27c2f-3147-4c77-a0dc-0432a78b2f67,רוח אלהים אותיות אחרי - 3333 מילוי דה מילוי,434,False,excel_import,numeric_word_construct,public_expanded,research_phrase,high,Bare word/short phrase plus one or more computed gematria values; no interpretive or personal claim beyond the numeric record (Phase-1-style word=value entry).
0faa5a00-f152-4a2d-b2c8-68a26d0b1835,רוח בהמה 1472,266,False,excel_import,numeric_word_construct,public_expanded,research_phrase,high,Bare word/short phrase plus one or more computed gematria values; no interpretive or personal claim beyond the numeric record (Phase-1-style word=value entry).
aa03e334-2a11-4185-a457-e8a345dfd45b,רוצה 363,301,False,excel_import,numeric_word_construct,public_expanded,research_phrase,high,Bare word/short phrase plus one or more computed gematria values; no interpretive or personal claim beyond the numeric record (Phase-1-style word=value entry).
122736a2-e8d9-40b9-be8b-88f87b51a2fd,רחמים גדולים - רגיל ומילוי - משולש 1518,2212,False,excel_import,numeric_word_construct,public_expanded,research_phrase,high,Bare word/short phrase plus one or more computed gematria values; no interpretive or personal claim beyond the numeric record (Phase-1-style word=value entry).
d2e29b4c-dae5-4df9-a943-4af898b6e07b,ריבוע 444 מילוי 1237לבית האלהים 776,533,False,excel_import,numeric_word_construct,public_expanded,research_phrase,high,Bare word/short phrase plus one or more computed gematria values; no interpretive or personal claim beyond the numeric record (Phase-1-style word=value entry).
1084d816-85b1-413a-ae0e-97e6f33e74d9,רם יהוה 1222 396 1472 662 313,266,False,excel_import,numeric_word_construct,public_expanded,research_phrase,high,Bare word/short phrase plus one or more computed gematria values; no interpretive or personal claim beyond the numeric record (Phase-1-style word=value entry).
4fbef019-4157-4106-993e-b5769b2fe3c5,רנדומלי 340 786,340,False,excel_import,numeric_word_construct,public_expanded,research_phrase,high,Bare word/short phrase plus one or more computed gematria values; no interpretive or personal claim beyond the numeric record (Phase-1-style word=value entry).
a1549e1d-0151-46ba-9ce5-5b48b718d5c4,רעש אדמה 620 1020,620,False,excel_import,numeric_word_construct,public_expanded,research_phrase,high,Bare word/short phrase plus one or more computed gematria values; no interpretive or personal claim beyond the numeric record (Phase-1-style word=value entry).
e28ffa8b-7263-42ed-891a-e509960c22ca,רפאלה בן דוד 1560 382,382,False,excel_import,numeric_word_construct,public_expanded,research_phrase,high,Bare word/short phrase plus one or more computed gematria values; no interpretive or personal claim beyond the numeric record (Phase-1-style word=value entry).
d1c0ec44-06e0-468a-9077-49e3aa88fba6,רצפת האגן 1426,829,False,excel_import,numeric_word_construct,public_expanded,research_phrase,high,Bare word/short phrase plus one or more computed gematria values; no interpretive or personal claim beyond the numeric record (Phase-1-style word=value entry).
2990faa6-783b-4e1b-a992-3ca20c58a0ef,שאול המלך בו 1270 830,440,False,excel_import,numeric_word_construct,public_expanded,research_phrase,high,Bare word/short phrase plus one or more computed gematria values; no interpretive or personal claim beyond the numeric record (Phase-1-style word=value entry).
92f57f9a-b365-4a44-a2d1-ee9ac915e742,שאול המלך דויד המלך מילוי - 450 מסתתר - 375 אחרי,2015,False,excel_import,numeric_word_construct,public_expanded,research_phrase,high,Bare word/short phrase plus one or more computed gematria values; no interpretive or personal claim beyond the numeric record (Phase-1-style word=value entry).
83a0d60e-2f06-4e28-9dc0-2d3061d7c79d,שאול חי וקיים 521 - 776,1333,False,excel_import,numeric_word_construct,public_expanded,research_phrase,high,Bare word/short phrase plus one or more computed gematria values; no interpretive or personal claim beyond the numeric record (Phase-1-style word=value entry).
c36901ee-b3ae-49cc-8f43-5d002b76b5c9,שאיבה 318 1970 3030,318,False,excel_import,numeric_word_construct,public_expanded,research_phrase,high,Bare word/short phrase plus one or more computed gematria values; no interpretive or personal claim beyond the numeric record (Phase-1-style word=value entry).
715a2e4f-d4ef-438d-a5d0-6d3c63ad97c5,שבע מאות חמישים. = 1227 (750 סכום המענק לכל אזרח),1227,False,excel_import,numeric_word_construct,public_expanded,research_phrase,high,Bare word/short phrase plus one or more computed gematria values; no interpretive or personal claim beyond the numeric record (Phase-1-style word=value entry).
56f945ea-059c-4b8e-a8d5-c323fc503c14,שבעים וחמש = ביום ההוא = 75,776,False,excel_import,numeric_word_construct,public_expanded,research_phrase,high,Bare word/short phrase plus one or more computed gematria values; no interpretive or personal claim beyond the numeric record (Phase-1-style word=value entry).
ddca1f93-2aff-420d-9838-5e21ec2bac56,שבת המלכה 2600 670,802,False,excel_import,numeric_word_construct,public_expanded,research_phrase,high,Bare word/short phrase plus one or more computed gematria values; no interpretive or personal claim beyond the numeric record (Phase-1-style word=value entry).
f9c9045e-44c2-4698-9261-7e20ca6f1667,שדה לילית 676 5337,789,False,excel_import,numeric_word_construct,public_expanded,research_phrase,high,Bare word/short phrase plus one or more computed gematria values; no interpretive or personal claim beyond the numeric record (Phase-1-style word=value entry).
7f0ae477-ea03-42f6-9ade-2aeef7211491,שובו בנים שובבים ב780,1692,False,excel_import,numeric_word_construct,public_expanded,research_phrase,high,Bare word/short phrase plus one or more computed gematria values; no interpretive or personal claim beyond the numeric record (Phase-1-style word=value entry).
6991ae43-574c-4090-943c-1e9ec8d7ff07,שולמית מי זו? 2600 - שולמית לבד זה 786,849,False,excel_import,numeric_word_construct,public_expanded,research_phrase,high,Bare word/short phrase plus one or more computed gematria values; no interpretive or personal claim beyond the numeric record (Phase-1-style word=value entry).
1016ccaf-1d4b-4c43-bc7a-028850efd960,שומר על העיניים 358,851,False,excel_import,numeric_word_construct,public_expanded,research_phrase,high,Bare word/short phrase plus one or more computed gematria values; no interpretive or personal claim beyond the numeric record (Phase-1-style word=value entry).
40b1cdd9-eb4d-41f7-b34c-2d39d4fc4463,שינוי דעה 368,455,False,excel_import,numeric_word_construct,public_expanded,research_phrase,high,Bare word/short phrase plus one or more computed gematria values; no interpretive or personal claim beyond the numeric record (Phase-1-style word=value entry).
dd3e6d56-5679-4c39-b092-e898af927574,שינוי תודעה 449 = כסא דוד קם,861,False,excel_import,numeric_word_construct,public_expanded,research_phrase,high,Bare word/short phrase plus one or more computed gematria values; no interpretive or personal claim beyond the numeric record (Phase-1-style word=value entry).
313e471d-9ded-4f4d-b822-a018f56b676f,שיר לרעיתי 336 מיקום של מילוי,3360,False,excel_import,numeric_word_construct,public_expanded,research_phrase,high,Bare word/short phrase plus one or more computed gematria values; no interpretive or personal claim beyond the numeric record (Phase-1-style word=value entry).
23cf3a56-0cd2-43d6-9dc6-374c3bca60f9,שכינה = רגיל 385 + ∆1438 = 1820 !!,628,False,excel_import,numeric_word_construct,public_expanded,research_phrase,high,Bare word/short phrase plus one or more computed gematria values; no interpretive or personal claim beyond the numeric record (Phase-1-style word=value entry).
cb777bf7-eb60-404e-8b4e-e29181c66c4f,שכינתך הקדושה תצלח על 337 - 396 - מיקום האות,5140,False,excel_import,numeric_word_construct,public_expanded,research_phrase,high,Bare word/short phrase plus one or more computed gematria values; no interpretive or personal claim beyond the numeric record (Phase-1-style word=value entry).
f735c929-72d5-42aa-83fe-eba8fc741e23,שכל נעלם 1480 540,540,False,excel_import,numeric_word_construct,public_expanded,research_phrase,high,Bare word/short phrase plus one or more computed gematria values; no interpretive or personal claim beyond the numeric record (Phase-1-style word=value entry).
6dfbbd92-b1fd-4a94-9594-a1017eea308a,שכל קדוש 760,760,False,excel_import,numeric_word_construct,public_expanded,research_phrase,high,Bare word/short phrase plus one or more computed gematria values; no interpretive or personal claim beyond the numeric record (Phase-1-style word=value entry).
ebfce6f2-76ca-4cd0-9282-ca628952f118,שכם בן חמור 666 (שכם 360),2510,False,excel_import,numeric_word_construct,public_expanded,research_phrase,high,Bare word/short phrase plus one or more computed gematria values; no interpretive or personal claim beyond the numeric record (Phase-1-style word=value entry).
4bef493f-c813-4c33-936c-8e8bafd10397,שלמה יהודה יצליח 2222,1671,False,excel_import,numeric_word_construct,public_expanded,research_phrase,high,Bare word/short phrase plus one or more computed gematria values; no interpretive or personal claim beyond the numeric record (Phase-1-style word=value entry).
a01e0653-9b90-4b21-8429-86575134a1b0,שלש חמש חמש (355),1326,False,excel_import,numeric_word_construct,public_expanded,research_phrase,high,Bare word/short phrase plus one or more computed gematria values; no interpretive or personal claim beyond the numeric record (Phase-1-style word=value entry).
376d043c-c0b3-4a86-9ff2-9deee3a35683,שם אלהים יגדל 878 - 3137 038,3137,False,excel_import,numeric_word_construct,public_expanded,research_phrase,high,Bare word/short phrase plus one or more computed gematria values; no interpretive or personal claim beyond the numeric record (Phase-1-style word=value entry).
64e74f6b-fc65-48fa-b76f-7e1c8114b08f,שמחה 353,353,False,excel_import,numeric_word_construct,public_expanded,research_phrase,high,Bare word/short phrase plus one or more computed gematria values; no interpretive or personal claim beyond the numeric record (Phase-1-style word=value entry).
69eded73-fca4-4b82-abda-1c5623be2061,שמחת המשיח = 1111,1111,False,excel_import,numeric_word_construct,public_expanded,research_phrase,high,Bare word/short phrase plus one or more computed gematria values; no interpretive or personal claim beyond the numeric record (Phase-1-style word=value entry).
d8ab832d-011f-4b31-968a-dd8b5e44c51e,שמשון בן צללפונית 363 - מילוי גדול,12370,False,excel_import,numeric_word_construct,public_expanded,research_phrase,high,Bare word/short phrase plus one or more computed gematria values; no interpretive or personal claim beyond the numeric record (Phase-1-style word=value entry).
25781270-6f21-49ab-b93c-dc9fab774572,שנת 2448= לפני,920,False,excel_import,numeric_word_construct,public_expanded,research_phrase,high,Bare word/short phrase plus one or more computed gematria values; no interpretive or personal claim beyond the numeric record (Phase-1-style word=value entry).
88355db1-6cd0-4a6a-9428-1a895f843f3e,שנת 776 - מילוי דמילוי,5330,False,excel_import,numeric_word_construct,public_expanded,research_phrase,high,Bare word/short phrase plus one or more computed gematria values; no interpretive or personal claim beyond the numeric record (Phase-1-style word=value entry).
b4e2dfce-669f-4526-b4c4-3296817ee4a7,שערי צדק 1506,774,False,excel_import,numeric_word_construct,public_expanded,research_phrase,high,Bare word/short phrase plus one or more computed gematria values; no interpretive or personal claim beyond the numeric record (Phase-1-style word=value entry).
330de410-f6cf-487f-bb3b-bfb3486d4aef,שערי צדק יפתחו 2701,6660,False,excel_import,numeric_word_construct,public_expanded,research_phrase,high,Bare word/short phrase plus one or more computed gematria values; no interpretive or personal claim beyond the numeric record (Phase-1-style word=value entry).
6faa2dc1-c78f-4daf-a144-0ebbc2e6f64a,שעת הגאולה 890,820,False,excel_import,numeric_word_construct,public_expanded,research_phrase,high,Bare word/short phrase plus one or more computed gematria values; no interpretive or personal claim beyond the numeric record (Phase-1-style word=value entry).
a71996b6-0680-4300-8a92-22d04e862d25,שפע נגלה 538,538,False,excel_import,numeric_word_construct,public_expanded,research_phrase,high,Bare word/short phrase plus one or more computed gematria values; no interpretive or personal claim beyond the numeric record (Phase-1-style word=value entry).
e6f867ff-7534-4823-8454-5629d5357bf0,שפתו של אלהים 1202 671 1613,3636,False,excel_import,numeric_word_construct,public_expanded,research_phrase,high,Bare word/short phrase plus one or more computed gematria values; no interpretive or personal claim beyond the numeric record (Phase-1-style word=value entry).
d478a340-6e9b-40f1-984b-9bf98e7bc40d,שקר חווה אמת לילית 2550,1152,False,excel_import,numeric_word_construct,public_expanded,research_phrase,high,Bare word/short phrase plus one or more computed gematria values; no interpretive or personal claim beyond the numeric record (Phase-1-style word=value entry).
8592311b-4ecb-42c2-9825-440605f413ad,תדר גבוה 620,620,False,excel_import,numeric_word_construct,public_expanded,research_phrase,high,Bare word/short phrase plus one or more computed gematria values; no interpretive or personal claim beyond the numeric record (Phase-1-style word=value entry).
3ff93de1-d3f2-4f5a-b6db-8e7bbedabcc3,תדר השרדותי 3137,1529,False,excel_import,numeric_word_construct,public_expanded,research_phrase,high,Bare word/short phrase plus one or more computed gematria values; no interpretive or personal claim beyond the numeric record (Phase-1-style word=value entry).
34c3d820-3ed4-4bf8-b930-a2f9a10e1817,תדר כדור הארץ היום 27.4 הרץ,274,False,excel_import,numeric_word_construct,public_expanded,research_phrase,high,Bare word/short phrase plus one or more computed gematria values; no interpretive or personal claim beyond the numeric record (Phase-1-style word=value entry).
68e38410-d86b-4585-9e77-14deea1951b3,תדר משיח בי 2510 1152,974,False,excel_import,numeric_word_construct,public_expanded,research_phrase,high,Bare word/short phrase plus one or more computed gematria values; no interpretive or personal claim beyond the numeric record (Phase-1-style word=value entry).
abd5dc36-8c61-4bc8-be68-029921d648b8,תהיה מלחמת אחים בישראל 26000,5880,False,excel_import,numeric_word_construct,public_expanded,research_phrase,high,Bare word/short phrase plus one or more computed gematria values; no interpretive or personal claim beyond the numeric record (Phase-1-style word=value entry).
56584d67-9dad-401f-b45d-2594afd843d8,תוכנית אלהים 972 1380 328,4040,False,excel_import,numeric_word_construct,public_expanded,research_phrase,high,Bare word/short phrase plus one or more computed gematria values; no interpretive or personal claim beyond the numeric record (Phase-1-style word=value entry).
5019613c-59c7-492b-994d-c6856c784852,תוכנת נחש 710 634,1234,False,excel_import,numeric_word_construct,public_expanded,research_phrase,high,Bare word/short phrase plus one or more computed gematria values; no interpretive or personal claim beyond the numeric record (Phase-1-style word=value entry).
2da8e4b7-c841-40f2-8580-71abe02060fe,תורת הצופן 1692 455,1237,False,excel_import,numeric_word_construct,public_expanded,research_phrase,high,Bare word/short phrase plus one or more computed gematria values; no interpretive or personal claim beyond the numeric record (Phase-1-style word=value entry).
df42eca6-52e2-4247-a0d6-b9da3a0735b1,תחיית המתים + 506,1323,False,excel_import,numeric_word_construct,public_expanded,research_phrase,high,Bare word/short phrase plus one or more computed gematria values; no interpretive or personal claim beyond the numeric record (Phase-1-style word=value entry).
a3cd1a10-72b5-41ce-ab5d-e61070098e31,תיו (400 איש עמו) - מילוי 458,1571,False,excel_import,numeric_word_construct,public_expanded,research_phrase,high,Bare word/short phrase plus one or more computed gematria values; no interpretive or personal claim beyond the numeric record (Phase-1-style word=value entry).
fbe395c8-34e2-457b-928a-72885d943e24,תיקון דלילה 404,645,False,excel_import,numeric_word_construct,public_expanded,research_phrase,high,Bare word/short phrase plus one or more computed gematria values; no interpretive or personal claim beyond the numeric record (Phase-1-style word=value entry).
63c8809c-60b9-48ba-a04a-062118c367b1,תיקון עצמי 776,776,False,excel_import,numeric_word_construct,public_expanded,research_phrase,high,Bare word/short phrase plus one or more computed gematria values; no interpretive or personal claim beyond the numeric record (Phase-1-style word=value entry).
9b7fdfb1-9b90-4c2b-a6c7-31d11d82ff68,תיקון שאול המלך 588 998 786,1472,False,excel_import,numeric_word_construct,public_expanded,research_phrase,high,Bare word/short phrase plus one or more computed gematria values; no interpretive or personal claim beyond the numeric record (Phase-1-style word=value entry).
c9a0e0bb-2605-4214-8dc6-0dfe65f828e7,תל אביב 1445 445,445,False,excel_import,numeric_word_construct,public_expanded,research_phrase,high,Bare word/short phrase plus one or more computed gematria values; no interpretive or personal claim beyond the numeric record (Phase-1-style word=value entry).
29088fa4-df88-42ec-9807-86e4a2a663b2,תמיר ... כמו התמרה יש 65 ו650,650,False,excel_import,numeric_word_construct,public_expanded,research_phrase,high,Bare word/short phrase plus one or more computed gematria values; no interpretive or personal claim beyond the numeric record (Phase-1-style word=value entry).
ad86d563-89ac-42c5-b484-b9289e23fe7a,תקוות משיח 261 2600,1270,False,excel_import,numeric_word_construct,public_expanded,research_phrase,high,Bare word/short phrase plus one or more computed gematria values; no interpretive or personal claim beyond the numeric record (Phase-1-style word=value entry).
677d7f23-5e1c-4a76-add1-5b30034d36ea,תריס 2600 משולש 555 111,1346,False,excel_import,numeric_word_construct,public_expanded,research_phrase,high,Bare word/short phrase plus one or more computed gematria values; no interpretive or personal claim beyond the numeric record (Phase-1-style word=value entry).
52bfd6bb-0f07-4cce-b8d1-e600a561a31e,אובאמה גלגול של פרעה סנחריב,1142,False,excel_import,personal_or_restricted,human_review,source_claim,high,"Named real public figure + serious conspiratorial/defamatory-adjacent claim (reincarnation accusation ('gilgul of Pharaoh/Sennacherib') against a real, living former head of state); routed to Zuriel per reputational/legal-judgment rule, not decided by this classification pass."
ceba7236-3675-4d54-9cb4-c827b39c81fc,אובמה גוג יעלה לציון בראש שבעים עמים ∆,5776,False,excel_import,personal_or_restricted,human_review,source_claim,high,"Named real public figure + serious conspiratorial/defamatory-adjacent claim (extends the Gog narrative ('will ascend to Zion at the head of 70 nations') about the same real named figure); routed to Zuriel per reputational/legal-judgment rule, not decided by this classification pass."
2b9420bf-cd01-4ace-8f1e-0c03f3953cbf,אובמה ימח שמו וזכרו באלול,766,False,excel_import,personal_or_restricted,human_review,source_claim,high,"Named real public figure + serious conspiratorial/defamatory-adjacent claim (applies the curse formula 'ימח שמו וזכרו' (traditionally reserved for Amalek/Hitler-tier enemies) to a real named former head of state); routed to Zuriel per reputational/legal-judgment rule, not decided by this classification pass."
c06857c0-3a59-4600-a7e0-fa2cf983293d,ברק חוסיין אובמה הוא גוג = 7887 (ב ∆ ישר והפוך),7887,False,excel_import,personal_or_restricted,human_review,source_claim,high,"Named real public figure + serious conspiratorial/defamatory-adjacent claim (identifies a real named former head of state as the apocalyptic villain Gog); routed to Zuriel per reputational/legal-judgment rule, not decided by this classification pass."
8bf3310d-cc88-47df-bc0a-73b328f50d13,"ברק חוסיין אובמה השני גוג י""ח ∆",12441,False,excel_import,personal_or_restricted,human_review,source_claim,high,"Named real public figure + serious conspiratorial/defamatory-adjacent claim (same Gog identification, real named figure); routed to Zuriel per reputational/legal-judgment rule, not decided by this classification pass."
f1751a2b-888d-4577-ab7b-b3a014242da1,"הנחש נשיא ארה""ב בראק אובאמה",1290,False,excel_import,personal_or_restricted,human_review,source_claim,high,"Named real public figure + serious conspiratorial/defamatory-adjacent claim (labels a real, living former head of state 'the snake'); routed to Zuriel per reputational/legal-judgment rule, not decided by this classification pass."
cdd3f29d-e5cd-4dd3-b8c2-2986d9cedf67,קץ הנחש הנשיא בראק אובאמה אות שניה,2049,False,excel_import,personal_or_restricted,human_review,source_claim,high,"Named real public figure + serious conspiratorial/defamatory-adjacent claim ('end of the snake' framing continues the same accusation, named president); routed to Zuriel per reputational/legal-judgment rule, not decided by this classification pass."
6815d6a1-0563-4a71-89c9-1aac542dd4e6,י ה ו ה יעניש את קהילת משכב זכר הגאה,2015,False,excel_import,thematic_corpus,human_review,research_phrase,high,Sensitive theme (mishkav zachar / homosexuality) combined with a coming-catastrophe framing — offensive-adjacent content not covered by a data-classification call; routed to Zuriel's judgment rather than decided here.
13a072de-7676-4e09-a580-cc99b51b9179,מסגד אל אקצה יהרס kpbh,609,False,excel_import,thematic_corpus,human_review,research_phrase,high,Sensitive/offensive-adjacent theme not covered by a data-classification call (predicts the destruction of a major Islamic holy site (Al-Aqsa Mosque) — highly sensitive interfaith/political claim); flagged for Zuriel's judgment rather than decided here.
fbae9b9b-0b5e-459c-bc08-f2a73eec004b,משכב זכר ∆,589,False,excel_import,thematic_corpus,human_review,research_phrase,high,"Sensitive/offensive-adjacent theme not covered by a data-classification call (bare Torah legal term for homosexual relations (Lev. 18/20), no context attached); flagged for Zuriel's judgment rather than decided here."
28f17dd6-0102-4145-afa4-811ecd4d8c99,משכב זכר מילוי ללא 4340,2216,False,excel_import,thematic_corpus,human_review,research_phrase,high,Sensitive theme (mishkav zachar / homosexuality) combined with a coming-catastrophe framing — offensive-adjacent content not covered by a data-classification call; routed to Zuriel's judgment rather than decided here.
613ad337-5c05-483f-8663-5746b381ceb2,משכבי זכר טמאת הערב רב בעתה לפני,2175,False,excel_import,thematic_corpus,human_review,research_phrase,high,Sensitive/offensive-adjacent theme not covered by a data-classification call ('defilement of the mixed multitude' + coming catastrophe — same offensive framing); flagged for Zuriel's judgment rather than decided here.
2e337ff3-8139-44ff-b268-f4baea68f5e6,תועבת משכבי זכר שואה בדרך,2015,False,excel_import,thematic_corpus,human_review,research_phrase,high,Sensitive/offensive-adjacent theme not covered by a data-classification call (links that category to a predicted catastrophe ('שואה בדרך') — offensive/hateful framing of a protected class); flagged for Zuriel's judgment rather than decided here.
19b34a2f-8e44-41e3-a77e-cb329839bc57,: וְעֹשֶׂה חֶסֶד לִמְשִׁיחוֹ לְדָוִד וּלְזַרְעוֹ עַד עוֹלָם = 1430 רגיל,1430,False,excel_import,thematic_corpus,public_expanded,biblical_text,high,"Contains Hebrew niqqud (vowel points) — a strong, mechanically-checkable signal of direct Tanakh/liturgical quotation rather than an interpretive or personal claim."
fa7e4ee5-62b4-4539-a308-fef5d2f05ff4,"""בְּכוֹר שׁוֹרוֹ הָדָר לוֹ, וְקַרְנֵי רְאֵם קַרְנָיו -אות שניה - 1958 - רגיל",337,False,excel_import,thematic_corpus,public_expanded,biblical_text,high,"Contains Hebrew niqqud (vowel points) — a strong, mechanically-checkable signal of direct Tanakh/liturgical quotation rather than an interpretive or personal claim."
53ebb4e8-156b-4985-89ef-fb32e7fc01bc,אַל תִּגְּעוּ בִמְשִׁיחָי,,False,excel_import,thematic_corpus,public_expanded,biblical_text,high,"Contains Hebrew niqqud (vowel points) — a strong, mechanically-checkable signal of direct Tanakh/liturgical quotation rather than an interpretive or personal claim."
8bda4568-4612-4ef5-a00f-6f8ee3cd3a23,אִמְרוּ בַגּוֹיִם יְהוָה מָלָךְ אַף תִּכּוֹן תֵּבֵל בַּל תִּמּוֹט = 1900.,,False,excel_import,thematic_corpus,public_expanded,biblical_text,high,"Contains Hebrew niqqud (vowel points) — a strong, mechanically-checkable signal of direct Tanakh/liturgical quotation rather than an interpretive or personal claim."
95c3152b-b0e8-4288-b10a-75a4ad02761a,"אֲנִי אֶהְיֶה-לּוֹ לְאָב, וְהוּא יִהְיֶה-לִּי לְבֵן; לבן דוד -לפני =פי 5",7170,False,excel_import,thematic_corpus,public_expanded,biblical_text,high,"Contains Hebrew niqqud (vowel points) — a strong, mechanically-checkable signal of direct Tanakh/liturgical quotation rather than an interpretive or personal claim."
320da36e-68da-411b-800a-349d64a2b3ff,"אֲנִי אֶהְיֶה-לּוֹ לְאָב, וְהוּא יִהְיֶה-לִּי לְבֵן; לצמח -אחרי -1139-רגיל",644,False,excel_import,thematic_corpus,public_expanded,biblical_text,high,"Contains Hebrew niqqud (vowel points) — a strong, mechanically-checkable signal of direct Tanakh/liturgical quotation rather than an interpretive or personal claim."
3efcf5fc-4bc4-49fa-8b97-2d95ff43ffed,"אֲנִי אֶהְיֶה-לּוֹ לְאָב, וְהוּא יִהְיֶה-לִּי לְבֵן; לשלמה =פי 5",3630,False,excel_import,thematic_corpus,public_expanded,biblical_text,high,"Contains Hebrew niqqud (vowel points) — a strong, mechanically-checkable signal of direct Tanakh/liturgical quotation rather than an interpretive or personal claim."
37c9edb3-b70c-426e-83a6-4b00fda3c9af,"אֲנִי אֶהְיֶה-לּוֹ לְאָב, וְהוּא יִהְיֶה-לִּי לְבֵן; לשלמה בן דוד =פי 5",3960,False,excel_import,thematic_corpus,public_expanded,biblical_text,high,"Contains Hebrew niqqud (vowel points) — a strong, mechanically-checkable signal of direct Tanakh/liturgical quotation rather than an interpretive or personal claim."
c10afd10-fbd3-46a3-bd92-ad44f286e9ba,אֲנִי יְהוָה לֹא שָׁנִיתִי - משולש 3358,888,False,excel_import,thematic_corpus,public_expanded,biblical_text,high,"Contains Hebrew niqqud (vowel points) — a strong, mechanically-checkable signal of direct Tanakh/liturgical quotation rather than an interpretive or personal claim."
0cae3991-079c-4c2b-be4d-b9a35ddd784b,אָנֹכִי אָנֹכִי הוּא מְנַחֶמְכֶם = 1430 משולש,1430,False,excel_import,thematic_corpus,public_expanded,biblical_text,high,"Contains Hebrew niqqud (vowel points) — a strong, mechanically-checkable signal of direct Tanakh/liturgical quotation rather than an interpretive or personal claim."
465af021-1790-4a31-a1a3-f07bf598b93e,"בַּיָּמִים הָהֵם תִּוָּשַׁע יְהוּדָה, - 3630",958,False,excel_import,thematic_corpus,public_expanded,biblical_text,high,"Contains Hebrew niqqud (vowel points) — a strong, mechanically-checkable signal of direct Tanakh/liturgical quotation rather than an interpretive or personal claim."
99cfbd8a-1f99-4aab-b891-5ecadb608eee,בִּכְתָב - בְּעַל פֶּה,611,False,excel_import,thematic_corpus,public_expanded,biblical_text,high,"Contains Hebrew niqqud (vowel points) — a strong, mechanically-checkable signal of direct Tanakh/liturgical quotation rather than an interpretive or personal claim."
e3a367f8-b294-4cc8-8aad-de9411a68931,בן דוד יִבְנֶה-בַּיִת לִשְׁמִי וְכֹנַנְתִּי אֶת-כִּסֵּא מַמְלַכְתּוֹ עַד-עוֹלָם: -לפני -444- מיקום האות,2016,False,excel_import,thematic_corpus,public_expanded,biblical_text,high,"Contains Hebrew niqqud (vowel points) — a strong, mechanically-checkable signal of direct Tanakh/liturgical quotation rather than an interpretive or personal claim."
76feb262-7d9d-4258-a1bf-81462c8d20f6,בָּעֵת הַהִיא יִקְרְאוּ,,False,excel_import,thematic_corpus,public_expanded,biblical_text,high,"Contains Hebrew niqqud (vowel points) — a strong, mechanically-checkable signal of direct Tanakh/liturgical quotation rather than an interpretive or personal claim."
4d972040-0879-4004-8b13-afeef9ca42d6,גִּילִי מְאֹד בַּת צִיּוֹן הָרִיעִי בַּת יְרוּשָׁלַ‍ִם הִנֵּה מַלְכֵּךְ אנכי - 363- מסתתר -266-ניקוד,363,False,excel_import,thematic_corpus,public_expanded,biblical_text,high,"Contains Hebrew niqqud (vowel points) — a strong, mechanically-checkable signal of direct Tanakh/liturgical quotation rather than an interpretive or personal claim."
302c64ed-825c-468f-aac8-650b626a35d7,גִימַטְרִיָּה- תּוֹרָה - מסתתר - רגיל 888,1237,False,excel_import,thematic_corpus,public_expanded,biblical_text,high,"Contains Hebrew niqqud (vowel points) — a strong, mechanically-checkable signal of direct Tanakh/liturgical quotation rather than an interpretive or personal claim."
5409ee4f-fd19-4b55-9f13-8bede9b94297,דוד בֶּן יִשַׁי בֵּית הַלַּחְמִי בזמן הזה - משולש מילה פי5,53300,False,excel_import,thematic_corpus,public_expanded,biblical_text,high,"Contains Hebrew niqqud (vowel points) — a strong, mechanically-checkable signal of direct Tanakh/liturgical quotation rather than an interpretive or personal claim."
ab0e3e33-0fb2-414f-ac23-e532bb5aecb2,הַבְּרָכָה וְהַקְּלָלָה וּבָחַרְתָּ בַּחַיִּים,,False,excel_import,thematic_corpus,public_expanded,biblical_text,high,"Contains Hebrew niqqud (vowel points) — a strong, mechanically-checkable signal of direct Tanakh/liturgical quotation rather than an interpretive or personal claim."
de54b2f1-3891-4b5b-af3e-7bcabcf7d17d,הַחַיִּים וְהַמָּוֶת נָתַתִּי לְפָנֶיךָ,,False,excel_import,thematic_corpus,public_expanded,biblical_text,high,"Contains Hebrew niqqud (vowel points) — a strong, mechanically-checkable signal of direct Tanakh/liturgical quotation rather than an interpretive or personal claim."
06aca988-ed73-4d62-9aab-d4619ba7cdea,"הֲיֵלְכוּ שְׁנַיִם, יַחְדָּו, בִּלְתִּי, אִם-נוֹעָדוּ - 1118",3137,False,excel_import,thematic_corpus,public_expanded,biblical_text,high,"Contains Hebrew niqqud (vowel points) — a strong, mechanically-checkable signal of direct Tanakh/liturgical quotation rather than an interpretive or personal claim."
c27f4388-318d-4682-920d-dffaa30cd012,הִנֵּה הַחֹשֶׁךְ יְכַסֶּה אֶרֶץ = 779 - משולש 3137 1230,3137,False,excel_import,thematic_corpus,public_expanded,biblical_text,high,"Contains Hebrew niqqud (vowel points) — a strong, mechanically-checkable signal of direct Tanakh/liturgical quotation rather than an interpretive or personal claim."
18c737ab-b4ee-41c8-a33e-e0ac1e1b4a4b,הַנָּשִׂיא בָּרָק חוּסֵיין אוֹבָּמָה,,False,excel_import,thematic_corpus,public_expanded,biblical_text,high,"Contains Hebrew niqqud (vowel points) — a strong, mechanically-checkable signal of direct Tanakh/liturgical quotation rather than an interpretive or personal claim."
f5a39ef1-646f-457c-9101-ca1ad5fc5666,"וּבָא לְצִיּוֹן גּוֹאֵל, וּלְשָׁבֵי פֶשַׁע בְּיַעֲקֹב--נְאֻם, יְהוָה בזמן הזה - ריבוע -385 מיקום",3580,False,excel_import,thematic_corpus,public_expanded,biblical_text,high,"Contains Hebrew niqqud (vowel points) — a strong, mechanically-checkable signal of direct Tanakh/liturgical quotation rather than an interpretive or personal claim."
aa722a04-7949-4833-af7c-8c5891f46022,"וְהָיָה, בַּיּוֹם הַהוּא, שֹׁרֶשׁ יִשַׁי אֲשֶׁר עֹמֵד לְנֵס עַמִּים, אֵלָיו גּוֹיִם יִדְרֹשׁוּ; וְהָיְתָה מְנֻחָתוֹ, כָּבוֹד (לפני)-3750-לפני",3960,False,excel_import,thematic_corpus,public_expanded,biblical_text,high,"Contains Hebrew niqqud (vowel points) — a strong, mechanically-checkable signal of direct Tanakh/liturgical quotation rather than an interpretive or personal claim."
7d0e287b-47f6-47d9-8893-fdd520f6277e,וְהַנָּחָשׁ הָיָה עָרוּם מִכֹּל חַיַּת הַשָּׂדֶה אֲשֶׁר עָשָׂה יְהֹוָה אֱלֹהִים,,False,excel_import,thematic_corpus,public_expanded,biblical_text,high,"Contains Hebrew niqqud (vowel points) — a strong, mechanically-checkable signal of direct Tanakh/liturgical quotation rather than an interpretive or personal claim."
98b51b3a-0988-4454-b87d-45edc36aa222,"וְזֹאת לִיהוּדָה, וַיֹּאמַר, שְׁמַע יְהוָה קוֹל יְהוּדָה, וְאֶל-עַמּוֹ תְּבִיאֶנּוּ; יָדָיו רָב לוֹ, וְעֵזֶר מִצָּרָיו תִּהְיֶה בעתה-לפני -266 -קטן",2660,False,excel_import,thematic_corpus,public_expanded,biblical_text,high,"Contains Hebrew niqqud (vowel points) — a strong, mechanically-checkable signal of direct Tanakh/liturgical quotation rather than an interpretive or personal claim."
22a8bc6a-56ae-424d-af8e-806827dd447a,וַיֹּאמֶר הַגֹּאֵל,296,False,excel_import,thematic_corpus,public_expanded,biblical_text,high,"Contains Hebrew niqqud (vowel points) — a strong, mechanically-checkable signal of direct Tanakh/liturgical quotation rather than an interpretive or personal claim."
5d7ed8ff-dc4d-4cbc-9ffe-3ebfa8b0b5ec,"וְיָדְעוּ בֵּית יִשְׂרָאֵל, כִּי אֲנִי יְהוָה אֱלֹהֵיהֶם, מִן-הַיּוֹם הַהוּא, וָהָלְאָה= 1472",1472,False,excel_import,thematic_corpus,public_expanded,biblical_text,high,"Contains Hebrew niqqud (vowel points) — a strong, mechanically-checkable signal of direct Tanakh/liturgical quotation rather than an interpretive or personal claim."
9746b3c1-e12f-4d19-a0cc-5d7b78083178,וְיָדְעוּ הַגּוֹיִם כִּי אֲנִי יְהוָה - המילוי גם 1277 - והמילוי בלבד 1000,277,False,excel_import,thematic_corpus,public_expanded,biblical_text,high,"Contains Hebrew niqqud (vowel points) — a strong, mechanically-checkable signal of direct Tanakh/liturgical quotation rather than an interpretive or personal claim."
11ebb95f-82ff-4776-871d-58d39e209228,וְיוֹסֵף יָשִׁית יָדוֹ עַל עֵינֶיךָ - 670,2137,False,excel_import,thematic_corpus,public_expanded,biblical_text,high,"Contains Hebrew niqqud (vowel points) — a strong, mechanically-checkable signal of direct Tanakh/liturgical quotation rather than an interpretive or personal claim."
4d9580dd-a756-4dd1-84fb-72daec10bfae,וַיִּזְכֹּר אֱלֹהִים אֶת בְּרִיתוֹ אֶת אַבְרָהָם אֶת יִצְחָק וְאֶת יַעֲקֹב - פי 5 מילוי דמילוי - מילוי דמילוי,588000,False,excel_import,thematic_corpus,public_expanded,biblical_text,high,"Contains Hebrew niqqud (vowel points) — a strong, mechanically-checkable signal of direct Tanakh/liturgical quotation rather than an interpretive or personal claim."
876b136e-776e-4f45-a238-8f7752a3212b,וַיִּקְרָא יַעֲקֹב אֶל בָּנָיו וַיֹּאמֶר הֵאָסְפוּ וְאַגִּידָה לָכֶם אֵת אֲשֶׁר יִקְרָא אֶתְכֶם בְּאַחֲרִית הַיָּמִים. חמשת אלפים שבע מאות שבעים ושש -33750-לפני =פי 5,22120,False,excel_import,thematic_corpus,public_expanded,biblical_text,high,"Contains Hebrew niqqud (vowel points) — a strong, mechanically-checkable signal of direct Tanakh/liturgical quotation rather than an interpretive or personal claim."
a560a943-0ed5-4a5d-873c-34358ebf619a,וּמָשְׁלוֹ מִיָּם עַד יָם וּמִנָּהָר עַד אַפְסֵי אָרֶץ משולש גדול 15180,5780,False,excel_import,thematic_corpus,public_expanded,biblical_text,high,"Contains Hebrew niqqud (vowel points) — a strong, mechanically-checkable signal of direct Tanakh/liturgical quotation rather than an interpretive or personal claim."
1b4c38dd-cd65-4ca5-8e7b-73f50d25f3f3,וְעֹשֶׂה חֶסֶד לִמְשִׁיחוֹ לְדָוִד=891,,False,excel_import,thematic_corpus,public_expanded,biblical_text,high,"Contains Hebrew niqqud (vowel points) — a strong, mechanically-checkable signal of direct Tanakh/liturgical quotation rather than an interpretive or personal claim."
2f01418e-4635-46b0-af4b-7805f6fb66c9,"וְקָרָאת אֶתְכֶם הָרָעָה,ב--משולש - 4340- אטבח",5776,False,excel_import,thematic_corpus,public_expanded,biblical_text,high,"Contains Hebrew niqqud (vowel points) — a strong, mechanically-checkable signal of direct Tanakh/liturgical quotation rather than an interpretive or personal claim."
08b05a76-25de-47a3-b89f-614d2198737c,"וְקָרָאת אֶתְכֶם הָרָעָה,בזמן הזה -רגיל ומסתתר -1820- מילוי ללא- 1118-אלבם",2015,False,excel_import,thematic_corpus,public_expanded,biblical_text,high,"Contains Hebrew niqqud (vowel points) — a strong, mechanically-checkable signal of direct Tanakh/liturgical quotation rather than an interpretive or personal claim."
c23dc68b-092d-4bd0-8b4f-fe59caa52a12,יוֹדוּךָ עַמִּים אֱלֹהִים יוֹדוּךָ עַמִּים כֻּלָּם - תהילים פרק 67-6 - אותיות לפני 776,588,False,excel_import,thematic_corpus,public_expanded,biblical_text,high,"Contains Hebrew niqqud (vowel points) — a strong, mechanically-checkable signal of direct Tanakh/liturgical quotation rather than an interpretive or personal claim."
a9efcbc0-d46a-4f23-9ed5-66ba978101da,"יִתְגַּדַּל וְיִתְקַדַּשׁ = 588 א""ת-ב""ש",588,False,excel_import,thematic_corpus,public_expanded,biblical_text,high,"Contains Hebrew niqqud (vowel points) — a strong, mechanically-checkable signal of direct Tanakh/liturgical quotation rather than an interpretive or personal claim."
85b13f5e-b0ed-45bc-857b-edd9c634cd40,כֹּה אָמַר יְהוָה קְדוֹשׁ יִשְׂרָאֵל וְיֹצְרוֹ הָאֹתִיּוֹת שְׁאָלוּנִי עַל בָּנַי וְעַל פֹּעַל יָדַי תְּצַוֻּנִי - משולש -3960- מדבר רבה,15200,False,excel_import,thematic_corpus,public_expanded,biblical_text,high,"Contains Hebrew niqqud (vowel points) — a strong, mechanically-checkable signal of direct Tanakh/liturgical quotation rather than an interpretive or personal claim."
243a8c0c-ed80-4394-899d-ce5147b0fa06,כֹּה אָמַר יְהוָה קְדוֹשׁ יִשְׂרָאֵל וְיֹצְרוֹ הָאֹתִיּוֹת שְׁאָלוּנִי עַל בָּנַי וְעַל פֹּעַל יָדַי תְּצַוֻּנִי צופן תנכי -ריבוע -=פי 5,71700,False,excel_import,thematic_corpus,public_expanded,biblical_text,high,"Contains Hebrew niqqud (vowel points) — a strong, mechanically-checkable signal of direct Tanakh/liturgical quotation rather than an interpretive or personal claim."
da68b313-147c-45a8-bb36-d815164f7f69,כִּי אֲנִי יְהוָה אֱלֹהֵיכֶם - ריבוע 3333,223,False,excel_import,thematic_corpus,public_expanded,biblical_text,high,"Contains Hebrew niqqud (vowel points) — a strong, mechanically-checkable signal of direct Tanakh/liturgical quotation rather than an interpretive or personal claim."
aeb968c5-69df-457e-b8a6-18cd722b856e,כִּי יִמְלְאוּ יָמֶיךָ וְשָׁכַבְתָּ אֶת-אֲבֹתֶיךָ וַהֲקִימֹתִי אֶת-זַרְעֲךָ אַחֲרֶיךָ אֲשֶׁר יֵצֵא מִמֵּעֶיךָ וַהֲכִינֹתִי אֶת-מַמְלַכְתּוֹ: -ריבוע =פי 5,71700,False,excel_import,thematic_corpus,public_expanded,biblical_text,high,"Contains Hebrew niqqud (vowel points) — a strong, mechanically-checkable signal of direct Tanakh/liturgical quotation rather than an interpretive or personal claim."
74b2775e-20c2-4840-9d28-0c92a7366b92,כִּי כְתָב אֲשֶׁר נִכְתָּב בְּשֵׁם הַמֶּלֶךְ וְנַחְתּוֹם בְּטַבַּעַת הַמֶּלֶךְ אֵין לְהָשִׁיב. = 3.358,3358,False,excel_import,thematic_corpus,public_expanded,biblical_text,high,"Contains Hebrew niqqud (vowel points) — a strong, mechanically-checkable signal of direct Tanakh/liturgical quotation rather than an interpretive or personal claim."
f23d00b3-a821-4504-a831-93148a18d6e8,לֹא יִתְיַצֵּב אִישׁ בִּפְנֵיכֶם - רגיל ומסתתר 2510 - גדול ומסתתר גדול 3630,1616,False,excel_import,thematic_corpus,public_expanded,biblical_text,high,"Contains Hebrew niqqud (vowel points) — a strong, mechanically-checkable signal of direct Tanakh/liturgical quotation rather than an interpretive or personal claim."
64ee5eb1-2fb5-47ce-af16-ed3fba7313b1,"לוּ חָכְמוּ, יַשְׂכִּילוּ זֹאת = 3333 משולש",,False,excel_import,thematic_corpus,public_expanded,biblical_text,high,"Contains Hebrew niqqud (vowel points) — a strong, mechanically-checkable signal of direct Tanakh/liturgical quotation rather than an interpretive or personal claim."
d78e215c-8065-4446-8ba3-4afc277aab19,לִירוּשָׁלַ͏ִם כִּסֵּא יְהוָה,,False,excel_import,thematic_corpus,public_expanded,biblical_text,high,"Contains Hebrew niqqud (vowel points) — a strong, mechanically-checkable signal of direct Tanakh/liturgical quotation rather than an interpretive or personal claim."
787cee07-efff-4932-9bfa-3523fc9b809d,"לָמָּה, רָגְשׁוּ גוֹיִם וּלְאֻומִּים יֶהְגּוּ-רִיק - משולש 4444",1110,False,excel_import,thematic_corpus,public_expanded,biblical_text,high,"Contains Hebrew niqqud (vowel points) — a strong, mechanically-checkable signal of direct Tanakh/liturgical quotation rather than an interpretive or personal claim."
06123052-6a8e-48ed-bdfe-5793a3104092,מילוי 7790\ כִּי הִנֵּה הַמְּלָכִים נוֹעֲדוּ עָבְרוּ יַחְדָּו,1237,False,excel_import,thematic_corpus,public_expanded,biblical_text,high,"Contains Hebrew niqqud (vowel points) — a strong, mechanically-checkable signal of direct Tanakh/liturgical quotation rather than an interpretive or personal claim."
40e8e1a7-d4dd-4d7e-ba89-c74c5d2357ce,סוֹד-אוֹר- תּוֹרָה,888,False,excel_import,thematic_corpus,public_expanded,biblical_text,high,"Contains Hebrew niqqud (vowel points) — a strong, mechanically-checkable signal of direct Tanakh/liturgical quotation rather than an interpretive or personal claim."
a3d4d585-c65f-4a93-90a4-d17db2733923,קִדּוּשׁ שֵּׁם י-ה-ו-ה,776,False,excel_import,thematic_corpus,public_expanded,biblical_text,high,"Contains Hebrew niqqud (vowel points) — a strong, mechanically-checkable signal of direct Tanakh/liturgical quotation rather than an interpretive or personal claim."
9b780a3b-035d-47ec-b01f-eb8df701f404,קִדּוּשׁ שׁם י-הוה,776,False,excel_import,thematic_corpus,public_expanded,biblical_text,high,"Contains Hebrew niqqud (vowel points) — a strong, mechanically-checkable signal of direct Tanakh/liturgical quotation rather than an interpretive or personal claim."
0cd54221-2464-4641-a7ad-628885235551,רְאוּ בְּאוֹרִי שֶׁזָּרַח עֲלֵיכֶם = 1111.,1111,False,excel_import,thematic_corpus,public_expanded,biblical_text,high,"Contains Hebrew niqqud (vowel points) — a strong, mechanically-checkable signal of direct Tanakh/liturgical quotation rather than an interpretive or personal claim."
826655dc-299f-473d-b41d-154c9b5cfbd3,רַחֲמָנָא אִדְכַּר לָן קְיָמֵהּ דְּדָוִד מַלְכָּא מְשִׁיחָא = 1227,1227,False,excel_import,thematic_corpus,public_expanded,biblical_text,high,"Contains Hebrew niqqud (vowel points) — a strong, mechanically-checkable signal of direct Tanakh/liturgical quotation rather than an interpretive or personal claim."
f7585413-203c-4dc6-b019-d4ff14fc34fa,רָנִּי וְשִׂמְחִי בַּת־צִיוֹן כִּי הִנְנִי־בָא וְשָֽׁכַנְתִּי בְתוֹכֵךְ נְאֻם־יְהוָֽה׃ - ניקוד -- 566 סת,396,False,excel_import,thematic_corpus,public_expanded,biblical_text,high,"Contains Hebrew niqqud (vowel points) — a strong, mechanically-checkable signal of direct Tanakh/liturgical quotation rather than an interpretive or personal claim."
8363fc54-7004-4b15-bd14-1ec4760bc731,שׁוּבָה יִשְׂרָאֵל עַד יְהוָה אֱלֹהֶיךָ כִּי כָשַׁלְתָּ בַּעֲו‍ֹנֶךָ - אותיות לפני 1336,1948,False,excel_import,thematic_corpus,public_expanded,biblical_text,high,"Contains Hebrew niqqud (vowel points) — a strong, mechanically-checkable signal of direct Tanakh/liturgical quotation rather than an interpretive or personal claim."
f0dd7752-9a65-4a22-a221-04d04cfa7e4b,שַׁעַר יִשְׂרָאֵל,1111,False,excel_import,thematic_corpus,public_expanded,biblical_text,high,"Contains Hebrew niqqud (vowel points) — a strong, mechanically-checkable signal of direct Tanakh/liturgical quotation rather than an interpretive or personal claim."
efec393e-8f9b-476e-8b19-193f23c61ba8,תִּצְמַח הַיְשׁוּעָה לְיִשְׂרָאֵל-2480-אחרי,1335,False,excel_import,thematic_corpus,public_expanded,biblical_text,high,"Contains Hebrew niqqud (vowel points) — a strong, mechanically-checkable signal of direct Tanakh/liturgical quotation rather than an interpretive or personal claim."
