id,phrase,source,ragil,is_verified,visibility_tier,dna_status,category,node_id_type,corpus_role,rule_applied,confidence,cluster_id
"920fac99-3220-4f11-b394-679be765ad9a","הגיון אלוהי","sod1820","126","true","1","dna","מנוקה אוטומטית","","public_core","default:verified+Tier1+dna, standalone value-phrase (מנוקה אוטומטית / thematic category)","high",""
"ff95d169-04f5-4afb-82de-25ffad4426b3","ענווה","entity_seed_v1","137","true","3","core","","entity","thematic_corpus","default:100% node-linked entity, nodes.metadata.world populated (category col empty but real theme exists)","high","world:מידות ומושגים"
"c075553c-2151-4d2f-935c-66ab72172a6d","ישעיהו","entity_seed_v1","401","true","3","core","","entity","thematic_corpus","default:100% node-linked entity, nodes.metadata.world populated (category col empty but real theme exists)","high","world:שבטים ונביאים"
"157a7160-50dd-4cbb-8fbc-9c3bad11a936","טבריה","entity_seed_v1","226","true","3","core","","entity","thematic_corpus","default:100% node-linked entity, nodes.metadata.world populated (category col empty but real theme exists)","high","world:ארץ ועם"
"cc41ee33-421d-4457-b43c-de3cf12a4a5d","נפלתי קמתי","sod1820","1120","true","1","dna","מנוקה אוטומטית","","public_core","default:verified+Tier1+dna, standalone value-phrase (מנוקה אוטומטית / thematic category)","high",""
"8243e418-f4f8-4643-a685-69e6e1b73968","חיבור זמני","sod1820","333","true","1","dna","מנוקה אוטומטית","","public_core","default:verified+Tier1+dna, standalone value-phrase (מנוקה אוטומטית / thematic category)","high",""
"581adbe5-b925-4e49-ab2d-aca2080caa9f","רחל אמנו","entity_expansion_v1","335","true","3","","ישות","entity","thematic_corpus","default:100% node-linked entity, nodes.metadata.world populated (category col=generic ישות)","high","world:אבות ואמהות"
"5c6078c9-54a1-4127-98b3-3c2ff75c979f","יוסף הצדיק","entity_seed_v1","365","true","3","core","","entity","thematic_corpus","default:100% node-linked entity, nodes.metadata.world populated (category col empty but real theme exists)","high","world:שבטים ונביאים"
"9927597c-398d-4404-bcf1-f3e18fef2158","עולם הבא","entity_seed_v1","154","true","3","core","","entity","thematic_corpus","default:100% node-linked entity, nodes.metadata.world populated (category col empty but real theme exists)","high","world:צירופים קדושים"
"f5236d15-8654-4db2-9d5c-178d33c79919","שרה","entity_seed_v1","505","true","3","core","","entity","thematic_corpus","default:100% node-linked entity, nodes.metadata.world populated (category col empty but real theme exists)","high","world:אבות ואמהות"
"476deb49-d52c-4237-8a01-37d92b4a243c","קוונטום","entity_seed_v1","217","true","3","core","","entity","thematic_corpus","default:100% node-linked entity, nodes.metadata.world populated (category col empty but real theme exists)","high","world:מודרני ומדע"
"72cdf0a0-56d1-46b4-9905-0a6ecc8adee9","בניין בית המקדש","entity_expansion_v1","983","true","3","","ישות","entity","thematic_corpus","default:100% node-linked entity, nodes.metadata.world populated (category col=generic ישות)","high","world:גאולה"
"b2d887ea-3ea4-457f-b501-ce07bbaa8800","נביא","entity_seed_v1","63","true","3","core","","entity","thematic_corpus","default:100% node-linked entity, nodes.metadata.world populated (category col empty but real theme exists)","high","world:שבטים ונביאים"
"7b5e67c8-2109-4d83-bbdb-de7fe1a636b0","בראתי יצר הרע","sod1820","1188","true","1","dna","מנוקה אוטומטית","","public_core","default:verified+Tier1+dna, standalone value-phrase (מנוקה אוטומטית / thematic category)","high",""
"3f131430-076b-4a5a-94a3-ee3e23cee68b","רבקה אמנו","entity_expansion_v1","404","true","3","","ישות","entity","thematic_corpus","default:100% node-linked entity, nodes.metadata.world populated (category col=generic ישות)","high","world:אבות ואמהות"
"c13e56c1-df66-47c9-95f3-ff3f2ef0c116","שרה אמנו","entity_expansion_v1","602","true","3","","ישות","entity","thematic_corpus","default:100% node-linked entity, nodes.metadata.world populated (category col=generic ישות)","high","world:אבות ואמהות"
"7e22543a-faae-4837-a74c-a629583b067f","גוג","entity_seed_v1","12","true","3","core","","entity","thematic_corpus","default:100% node-linked entity, nodes.metadata.world populated (category col empty but real theme exists)","high","world:אקטואליה ואומות"
"3f9a264b-87d5-4212-92d8-f0efb61f37e8","לג בעומר","entity_expansion_v1","351","true","3","","ישות","entity","thematic_corpus","default:100% node-linked entity, nodes.metadata.world populated (category col=generic ישות)","high","world:חגים ומועדים"
"674d438b-34b2-400b-b85c-366bf52a5613","הה","sod1820","10","true","1","dna","מנוקה אוטומטית","","public_core","default:verified+Tier1+dna, standalone value-phrase (מנוקה אוטומטית / thematic category)","high",""
"1a2404bf-d378-48d5-b2ad-d2fc9bddc64d","לאה","entity_seed_v1","36","true","3","core","","entity","thematic_corpus","default:100% node-linked entity, nodes.metadata.world populated (category col empty but real theme exists)","high","world:אבות ואמהות"
"add356e2-4ff2-4794-a155-ba4d20e7ea95","שמיני עצרת","entity_expansion_v1","1170","true","3","","ישות","entity","thematic_corpus","default:100% node-linked entity, nodes.metadata.world populated (category col=generic ישות)","high","world:חגים ומועדים"
"e276f2c4-3d8d-4df8-a1c0-cdf13c4e0b64","חלל","entity_seed_v1","68","true","3","core","","entity","thematic_corpus","default:100% node-linked entity, nodes.metadata.world populated (category col empty but real theme exists)","high","world:מודרני ומדע"
"2338c976-6b10-4d66-84f4-275795a58d39","יום הכיפורים","entity_expansion_v1","427","true","3","","ישות","entity","thematic_corpus","default:100% node-linked entity, nodes.metadata.world populated (category col=generic ישות)","high","world:חגים ומועדים"
"17b69e63-bc61-4b6f-9152-8f534b6a1ab1","רבקה","entity_seed_v1","307","true","3","core","","entity","thematic_corpus","default:100% node-linked entity, nodes.metadata.world populated (category col empty but real theme exists)","high","world:אבות ואמהות"
"101e37df-376c-4a8a-a3e3-6afe6520e723","צפת","entity_seed_v1","570","true","3","core","","entity","thematic_corpus","default:100% node-linked entity, nodes.metadata.world populated (category col empty but real theme exists)","high","world:ארץ ועם"
"d4bc3ef2-a7fa-4eb4-a9a7-5b1cb9b18fb7","איראן","entity_seed_v1","262","true","3","core","","entity","thematic_corpus","default:100% node-linked entity, nodes.metadata.world populated (category col empty but real theme exists)","high","world:אקטואליה ואומות"
"443a82be-51e2-4024-a1ae-da3d039afa2b","בריפ","sod1820","292","true","1","dna","מנוקה אוטומטית","","public_core","default:verified+Tier1+dna, standalone value-phrase (מנוקה אוטומטית / thematic category)","high",""
"bf0f933d-0b47-4ae3-92cc-285db54017ae","בימים ההם תושע יהודה","sod1820","958","true","1","dna","מנוקה אוטומטית","","public_core","default:verified+Tier1+dna, standalone value-phrase (מנוקה אוטומטית / thematic category)","high",""
"a9c84184-0122-4b80-a45c-f784a73e199a","כוח אינסופי","sod1820","251","true","1","dna","מנוקה אוטומטית","","public_core","default:verified+Tier1+dna, standalone value-phrase (מנוקה אוטומטית / thematic category)","high",""
"df8f79c6-51a3-42f5-98c6-2ee950a03c5a","שכל נעלם","sod1820","540","true","1","dna","מנוקה אוטומטית","","public_core","default:verified+Tier1+dna, standalone value-phrase (מנוקה אוטומטית / thematic category)","high",""
"da42cfbb-c380-4c5c-a2d3-1b741292b963","נעים בגאולה","sod1820","217","true","1","dna","מנוקה אוטומטית","","public_core","default:verified+Tier1+dna, standalone value-phrase (מנוקה אוטומטית / thematic category)","high",""
"c4434563-671e-4a48-8939-b960b85797ed","ספירת העומר","entity_expansion_v1","1071","true","3","","ישות","entity","thematic_corpus","default:100% node-linked entity, nodes.metadata.world populated (category col=generic ישות)","high","world:חגים ומועדים"
"2924aea3-1d91-4bdd-8d65-71d9e111f737","לוי","entity_seed_v1","46","true","3","core","","entity","thematic_corpus","default:100% node-linked entity, nodes.metadata.world populated (category col empty but real theme exists)","high","world:שבטים ונביאים"
"56f9e710-fabf-406f-bd80-3d7cbfb4507c","בתקול","sod1820","538","true","1","dna","מנוקה אוטומטית","","public_core","default:verified+Tier1+dna, standalone value-phrase (מנוקה אוטומטית / thematic category)","high",""
"5df84fe5-e1c9-4e32-a3fc-f1ac36098875","משיח יבא","sod1820","371","true","1","dna","מנוקה אוטומטית","","public_core","default:verified+Tier1+dna, standalone value-phrase (מנוקה אוטומטית / thematic category)","high",""
"edfd4c6f-8c81-4b47-b687-6d746c99040f","סיון","entity_seed_v1","126","true","3","core","","entity","thematic_corpus","default:100% node-linked entity, nodes.metadata.world populated (category col empty but real theme exists)","high","world:חודשי השנה"
"fc9eecf4-b5f9-4d7a-bf52-3b6e6380e2ab","ראש","entity_seed_v1","501","true","3","core","","entity","thematic_corpus","default:100% node-linked entity, nodes.metadata.world populated (category col empty but real theme exists)","high","world:גוף האדם"
"7230fc32-3141-4a4d-9318-1f0ac0ac6f31","חמלה","entity_seed_v1","83","true","3","core","","entity","thematic_corpus","default:100% node-linked entity, nodes.metadata.world populated (category col empty but real theme exists)","high","world:מידות ומושגים"
"3c379452-66f1-4880-96fa-ff4a4f649375","ביטחון","entity_expansion_v1","85","true","3","","ישות","entity","thematic_corpus","default:100% node-linked entity, nodes.metadata.world populated (category col=generic ישות)","high","world:מידות ומושגים"
"210b84f1-aa64-4e45-9303-37f504feef6b","בבל","entity_seed_v1","34","true","3","core","","entity","thematic_corpus","default:100% node-linked entity, nodes.metadata.world populated (category col empty but real theme exists)","high","world:אקטואליה ואומות"
"08424005-7cf9-4c63-9eac-64d1097a0e59","דבקות","entity_seed_v1","512","true","3","core","","entity","thematic_corpus","default:100% node-linked entity, nodes.metadata.world populated (category col empty but real theme exists)","high","world:מידות ומושגים"
"1b526611-24bf-48f3-ae85-a095aa43d080","סבלנות","entity_seed_v1","548","true","3","core","","entity","thematic_corpus","default:100% node-linked entity, nodes.metadata.world populated (category col empty but real theme exists)","high","world:מידות ומושגים"
"3d1bc030-44af-48f3-8214-93252acb5202","משיח מתוכך","sod1820","844","true","1","dna","מנוקה אוטומטית","","public_core","default:verified+Tier1+dna, standalone value-phrase (מנוקה אוטומטית / thematic category)","high",""
"56209bbc-03f7-4ea0-9b4d-676d2cf2cf86","קץ למרור","sod1820","666","true","1","dna","מנוקה אוטומטית","","public_core","default:verified+Tier1+dna, standalone value-phrase (מנוקה אוטומטית / thematic category)","high",""
"7d782f91-8756-4ba2-b0fd-8ec1d6cbea54","הנצחון שלי","sod1820","549","true","1","dna","מנוקה אוטומטית","","public_core","default:verified+Tier1+dna, standalone value-phrase (מנוקה אוטומטית / thematic category)","high",""
"1bdb7a65-baa8-49a6-adca-2064d0703304","ויקרא","entity_seed_v1","317","true","3","core","","entity","thematic_corpus","default:100% node-linked entity, nodes.metadata.world populated (category col empty but real theme exists)","high","world:ספרי קודש"
"271e5b8e-f079-4b6d-913e-80c056cbb6dd","עץ","entity_seed_v1","160","true","3","core","","entity","thematic_corpus","default:100% node-linked entity, nodes.metadata.world populated (category col empty but real theme exists)","high","world:טבע ויסודות"
"ace27e67-0aae-4cbf-b532-896b1b2e3055","יושר","entity_seed_v1","516","true","3","core","","entity","thematic_corpus","default:100% node-linked entity, nodes.metadata.world populated (category col empty but real theme exists)","high","world:מידות ומושגים"
"23279d55-d6f1-4606-808f-d92f714f1834","אנרגיה","entity_seed_v1","269","true","3","core","","entity","thematic_corpus","default:100% node-linked entity, nodes.metadata.world populated (category col empty but real theme exists)","high","world:מודרני ומדע"
"45b29629-7fa9-4032-b468-7db15083d95f","דוד תדר גבוה","sod1820","634","true","1","dna","מנוקה אוטומטית","","public_core","default:verified+Tier1+dna, standalone value-phrase (מנוקה אוטומטית / thematic category)","high",""
"32ff6bef-74a2-43c9-bbb6-72fdbf086b80","אעלה לדרגת","sod1820","743","true","1","dna","מנוקה אוטומטית","","public_core","default:verified+Tier1+dna, standalone value-phrase (מנוקה אוטומטית / thematic category)","high",""
"2fcdcb23-c581-4bcb-931f-0cad648756f9","תהילים","entity_seed_v1","495","true","3","core","","entity","thematic_corpus","default:100% node-linked entity, nodes.metadata.world populated (category col empty but real theme exists)","high","world:עבודת ה'"
"30eb611d-e4f4-4be4-8b2f-b4d5e40dc604","זריזות","entity_expansion_v1","630","true","3","","ישות","entity","thematic_corpus","default:100% node-linked entity, nodes.metadata.world populated (category col=generic ישות)","high","world:מידות ומושגים"
"7b865fa3-c244-4422-872f-7ee4068e244f","עזריאל","entity_expansion_v1","318","true","3","","ישות","entity","thematic_corpus","default:100% node-linked entity, nodes.metadata.world populated (category col=generic ישות)","high","world:מלאכים"
"433092d4-700d-4d66-9018-bdcf4782622b","מוצאי שבעית","sod1820","929","true","1","dna","מנוקה אוטומטית","","public_core","default:verified+Tier1+dna, standalone value-phrase (מנוקה אוטומטית / thematic category)","high",""
"4a5f1272-5afe-4feb-9c54-283f2b62b115","מעיין","entity_seed_v1","180","true","3","core","","entity","thematic_corpus","default:100% node-linked entity, nodes.metadata.world populated (category col empty but real theme exists)","high","world:שמות פרטיים"
"19bb1b89-cc3e-4ee4-a4e1-3e74b883b70d","נועם","entity_seed_v1","166","true","3","core","","entity","thematic_corpus","default:100% node-linked entity, nodes.metadata.world populated (category col empty but real theme exists)","high","world:שמות פרטיים"
"4541e247-adc0-4d77-92c9-84e16dd306c4","שירה","entity_seed_v1","515","true","3","core","","entity","thematic_corpus","default:100% node-linked entity, nodes.metadata.world populated (category col empty but real theme exists)","high","world:שמות פרטיים"
"c27c3200-bc00-4392-a9f8-269f57cc4288","השילוש","sod1820","651","true","1","dna","מנוקה אוטומטית","","public_core","default:verified+Tier1+dna, standalone value-phrase (מנוקה אוטומטית / thematic category)","high",""
"f75ffb1e-9ed3-4750-b0c1-e6b68cf09972","רבי נחמן","entity_seed_v1","360","true","3","core","","entity","thematic_corpus","default:100% node-linked entity, nodes.metadata.world populated (category col empty but real theme exists)","high","world:רבנים וחכמים"
"bd9a6429-541d-48c3-a0ab-c0dd203c8b97","רבי עקיבא","entity_seed_v1","395","true","3","core","","entity","thematic_corpus","default:100% node-linked entity, nodes.metadata.world populated (category col empty but real theme exists)","high","world:רבנים וחכמים"
"d429cdcb-13e4-47b1-8b69-2c0b9186080b","רבי שמעון בר יוחאי","entity_seed_v1","915","true","3","core","","entity","thematic_corpus","default:100% node-linked entity, nodes.metadata.world populated (category col empty but real theme exists)","high","world:רבנים וחכמים"
"fc35237c-3718-43af-bf67-86f341dc13ae","משיח שיח","sod1820","676","true","1","dna","מנוקה אוטומטית","","public_core","default:verified+Tier1+dna, standalone value-phrase (מנוקה אוטומטית / thematic category)","high",""
"77b037b9-e1da-49a0-aa61-4fef388c4b24","נוריאל","entity_expansion_v1","297","true","3","","ישות","entity","thematic_corpus","default:100% node-linked entity, nodes.metadata.world populated (category col=generic ישות)","high","world:מלאכים"
"5932e464-3f90-4d27-a9e5-fd99a248ef28","חיות הקודש","entity_expansion_v1","839","true","3","","ישות","entity","thematic_corpus","default:100% node-linked entity, nodes.metadata.world populated (category col=generic ישות)","high","world:מלאכים"
"e1a632d6-30b7-496f-9032-a46c0adeea15","רוסיה","entity_seed_v1","281","true","3","core","","entity","thematic_corpus","default:100% node-linked entity, nodes.metadata.world populated (category col empty but real theme exists)","high","world:אקטואליה ואומות"
"359b330e-e849-4cee-b498-6f9f1abb9881","גילוי","entity_seed_v1","59","true","3","core","","entity","thematic_corpus","default:100% node-linked entity, nodes.metadata.world populated (category col empty but real theme exists)","high","world:מידות ומושגים"
"83b4a41f-9044-45bb-aa73-292c1faea7a8","אופנים","entity_expansion_v1","187","true","3","","ישות","entity","thematic_corpus","default:100% node-linked entity, nodes.metadata.world populated (category col=generic ישות)","high","world:מלאכים"
"38ad520a-24fc-416c-ae23-0e2ab2f4a821","שרפים","entity_expansion_v1","630","true","3","","ישות","entity","thematic_corpus","default:100% node-linked entity, nodes.metadata.world populated (category col=generic ישות)","high","world:מלאכים"
"eba35bc3-9fe3-47ef-b332-e56f4f9350fb","ובא לפני יהוה אל פתח אהל מועד ונתנם אל הכהן","sod1820","1537","true","1","dna","מנוקה אוטומטית","","public_core","default:verified+Tier1+dna, standalone value-phrase (מנוקה אוטומטית / thematic category)","high",""
"3e5c0d52-7291-46ae-8a01-0ddc49dff537","השכינה ציון","sod1820","546","true","1","dna","מנוקה אוטומטית","","public_core","default:verified+Tier1+dna, standalone value-phrase (מנוקה אוטומטית / thematic category)","high",""
"04a0b8ac-ce48-4b46-a5b8-a4adff25dd53","דיקטטורה משיחית","sod1820","1111","true","1","dna","מנוקה אוטומטית","","public_core","default:verified+Tier1+dna, standalone value-phrase (מנוקה אוטומטית / thematic category)","high",""
"dc5c97ce-dcc3-4484-8c7a-6991a4e8aced","עבדך משיחך","sod1820","474","true","1","dna","מנוקה אוטומטית","","public_core","default:verified+Tier1+dna, standalone value-phrase (מנוקה אוטומטית / thematic category)","high",""
"36c14993-3cd9-41cb-bf99-e8b945398f57","תהלה לדוד","sod1820","484","true","1","dna","מנוקה אוטומטית","","public_core","default:verified+Tier1+dna, standalone value-phrase (מנוקה אוטומטית / thematic category)","high",""
"86842af6-fd87-4464-a6ac-901ad4954e69","גאולה שלמה","entity_expansion_v1","420","true","3","","ישות","entity","thematic_corpus","default:100% node-linked entity, nodes.metadata.world populated (category col=generic ישות)","high","world:גאולה"
"90622fb9-f1ad-4419-ad0e-c8565ab05203","לוויין","entity_seed_v1","112","true","3","core","","entity","thematic_corpus","default:100% node-linked entity, nodes.metadata.world populated (category col empty but real theme exists)","high","world:מודרני ומדע"
"1c3e7571-dc04-4e59-a67b-865581ab66fc","כרובים","entity_expansion_v1","278","true","3","","ישות","entity","thematic_corpus","default:100% node-linked entity, nodes.metadata.world populated (category col=generic ישות)","high","world:מלאכים"
"22e26de2-8bb5-423d-aae2-ad9d860f2b22","סוף לאשליה","sod1820","522","true","1","dna","מנוקה אוטומטית","","public_core","default:verified+Tier1+dna, standalone value-phrase (מנוקה אוטומטית / thematic category)","high",""
"8f40631a-d96e-4a61-b978-5ebe4e2cffc1","בו דויד","sod1820","32","true","1","dna","מנוקה אוטומטית","","public_core","default:verified+Tier1+dna, standalone value-phrase (מנוקה אוטומטית / thematic category)","high",""
"be786ff0-5466-4f21-816d-e76cc2b14605","זריעת קוצים","sod1820","933","true","1","dna","מנוקה אוטומטית","","public_core","default:verified+Tier1+dna, standalone value-phrase (מנוקה אוטומטית / thematic category)","high",""
"97c681ec-67d1-47e8-bba3-9ab8f3ab63f5","שנת לפני","sod1820","920","true","1","dna","מנוקה אוטומטית","","public_core","default:verified+Tier1+dna, standalone value-phrase (מנוקה אוטומטית / thematic category)","high",""
"f6853267-15ea-44f3-830b-ce7f6bdeab97","הסתרת גאולה","sod1820","1110","true","1","dna","מנוקה אוטומטית","","public_core","default:verified+Tier1+dna, standalone value-phrase (מנוקה אוטומטית / thematic category)","high",""
"65f88db8-3804-4907-a5ea-eed1a075acf0","שר הפנים","entity_expansion_v1","685","true","3","","ישות","entity","thematic_corpus","default:100% node-linked entity, nodes.metadata.world populated (category col=generic ישות)","high","world:מלאכים"
"92232fdd-dace-4d7b-84b8-9772be3a1fed","תורה הקדושה","entity_expansion_v1","1031","true","3","","ישות","entity","thematic_corpus","default:100% node-linked entity, nodes.metadata.world populated (category col=generic ישות)","high","world:ספרי קודש"
"8d842cee-886f-4abe-b839-957d8ddbf763","זוהר הקדוש","entity_expansion_v1","633","true","3","","ישות","entity","thematic_corpus","default:100% node-linked entity, nodes.metadata.world populated (category col=generic ישות)","high","world:ספרי קודש"
"34545602-bd03-4e49-9b6c-5dc534a67754","ספר יצירה","entity_expansion_v1","655","true","3","","ישות","entity","thematic_corpus","default:100% node-linked entity, nodes.metadata.world populated (category col=generic ישות)","high","world:ספרי קודש"
"baf029c3-e7eb-425d-b3dd-82af4bfaf051","תהלים","entity_expansion_v1","485","true","3","","ישות","entity","thematic_corpus","default:100% node-linked entity, nodes.metadata.world populated (category col=generic ישות)","high","world:ספרי קודש"
"4020d72d-c5f4-4141-bec8-b87d22b103a9","פרקי אבות","entity_expansion_v1","799","true","3","","ישות","entity","thematic_corpus","default:100% node-linked entity, nodes.metadata.world populated (category col=generic ישות)","high","world:ספרי קודש"
"078f2b7e-2c98-4396-a0d8-926e578c2df8","האלהים הגואל האינסופי","sod1820","358","true","1","dna","מנוקה אוטומטית","","public_core","default:verified+Tier1+dna, standalone value-phrase (מנוקה אוטומטית / thematic category)","high",""
"76122913-484e-4f77-b30d-beb57c2b59d1","דוד המלך כאן","sod1820","180","true","1","dna","מנוקה אוטומטית","","public_core","default:verified+Tier1+dna, standalone value-phrase (מנוקה אוטומטית / thematic category)","high",""
"c486861b-bf36-41ef-b337-fb6e70818666","מעודד ענוים יהוה","sod1820","326","true","1","dna","מנוקה אוטומטית","","public_core","default:verified+Tier1+dna, standalone value-phrase (מנוקה אוטומטית / thematic category)","high",""
"935e7757-73ec-451d-a9d3-e196adc18162","הסוד","sod1820","75","true","1","dna","מנוקה אוטומטית","","public_core","default:verified+Tier1+dna, standalone value-phrase (מנוקה אוטומטית / thematic category)","high",""
"79c21495-ca57-4499-bf63-e72c50dd0efb","דודי צח","sod1820","122","true","1","dna","מנוקה אוטומטית","","public_core","default:verified+Tier1+dna, standalone value-phrase (מנוקה אוטומטית / thematic category)","high",""
"f6d1e57c-6aca-4d28-911f-65342e9478c5","מרפא","entity_seed_v1","321","true","3","core","","entity","thematic_corpus","default:100% node-linked entity, nodes.metadata.world populated (category col empty but real theme exists)","high","world:רפואה והחיים"
"b8e344dd-82d1-4426-911c-5a787fe3f6ea","חמשה חומשי תורה","entity_expansion_v1","1328","true","3","","ישות","entity","thematic_corpus","default:100% node-linked entity, nodes.metadata.world populated (category col=generic ישות)","high","world:ספרי קודש"
"ef1501af-bdbb-42a9-89e3-e6b78248b0f3","מחלה","entity_seed_v1","83","true","3","core","","entity","thematic_corpus","default:100% node-linked entity, nodes.metadata.world populated (category col empty but real theme exists)","high","world:רפואה והחיים"
"2452d134-cd2f-4994-b745-9965c94d1ac5","חשבון נפש","entity_expansion_v1","796","true","3","","ישות","entity","thematic_corpus","default:100% node-linked entity, nodes.metadata.world populated (category col=generic ישות)","high","world:עבודת ה'"
"f2f0f458-9cfd-4d2c-a6cb-510dcc2a02f1","יסורים","entity_seed_v1","326","true","3","core","","entity","thematic_corpus","default:100% node-linked entity, nodes.metadata.world populated (category col empty but real theme exists)","high","world:צל וסטרא אחרא"
"da01aa38-c27f-46d4-8147-2114fb0ace4e","רפאל","entity_seed_v1","311","true","3","core","","entity","thematic_corpus","default:100% node-linked entity, nodes.metadata.world populated (category col empty but real theme exists)","high","world:רפואה והחיים"
"a7a4e470-c8cc-47cb-ab1b-ce23e2951df6","סם","entity_seed_v1","100","true","3","core","","entity","thematic_corpus","default:100% node-linked entity, nodes.metadata.world populated (category col empty but real theme exists)","high","world:רפואה והחיים"
"a2853d2c-7aa2-411f-973a-d5a9eb2bb736","כי בחזק יד הוציאנו יהוה ממצרים","sod1820","775","true","1","dna","מנוקה אוטומטית","","public_core","default:verified+Tier1+dna, standalone value-phrase (מנוקה אוטומטית / thematic category)","high",""
"c661f4eb-5771-44e4-b6c7-ee06945c66c9","שיויתי יהוה לנגדי תמיד","sod1820","1313","true","1","dna","מנוקה אוטומטית","","public_core","default:verified+Tier1+dna, standalone value-phrase (מנוקה אוטומטית / thematic category)","high",""
"3b25b0ce-a2a3-41f4-8139-8cae4ff281f9","קרן עדן","sod1820","474","true","1","dna","מנוקה אוטומטית","","public_core","default:verified+Tier1+dna, standalone value-phrase (מנוקה אוטומטית / thematic category)","high",""
"dbae5b55-7eb7-4b78-a753-f690966796c1","ירושלם ב","sod1820","588","true","1","dna","מנוקה אוטומטית","","public_core","default:verified+Tier1+dna, standalone value-phrase (מנוקה אוטומטית / thematic category)","high",""
"41ae89a3-538d-4b8d-b722-c7858f528f0a","רע","entity_seed_v1","270","true","3","core","","entity","thematic_corpus","default:100% node-linked entity, nodes.metadata.world populated (category col empty but real theme exists)","high","world:צל וסטרא אחרא"
"50d18329-c021-4d3f-8c86-fcde1eece464","חטא","entity_seed_v1","18","true","3","core","","entity","thematic_corpus","default:100% node-linked entity, nodes.metadata.world populated (category col empty but real theme exists)","high","world:צל וסטרא אחרא"
"e8ce971a-219a-46ed-a827-61ec7e956e09","קנאה","entity_seed_v1","156","true","3","core","","entity","thematic_corpus","default:100% node-linked entity, nodes.metadata.world populated (category col empty but real theme exists)","high","world:צל וסטרא אחרא"
"e7cd80cf-6fb2-4134-91b5-e83b4777593f","לב","entity_seed_v1","32","true","3","core","","entity","thematic_corpus","default:100% node-linked entity, nodes.metadata.world populated (category col empty but real theme exists)","high","world:רפואה והחיים"
"c64f8117-b917-4595-9f8a-79e2560647cd","דם","entity_seed_v1","44","true","3","core","","entity","thematic_corpus","default:100% node-linked entity, nodes.metadata.world populated (category col empty but real theme exists)","high","world:רפואה והחיים"
"792c188b-4251-4d3a-ae8c-328bb795f4d7","מי גר בעזה","sod1820","337","true","1","dna","מנוקה אוטומטית","","public_core","default:verified+Tier1+dna, standalone value-phrase (מנוקה אוטומטית / thematic category)","high",""
"f961ce11-fe7d-4d71-9bed-4920d00d08bb","מאדים כח","sod1820","123","true","1","dna","מנוקה אוטומטית","","public_core","default:verified+Tier1+dna, standalone value-phrase (מנוקה אוטומטית / thematic category)","high",""
"04dfc85f-79e2-468d-b3b4-e590e640846a","יהוה ימליך","sod1820","136","true","1","dna","מנוקה אוטומטית","","public_core","default:verified+Tier1+dna, standalone value-phrase (מנוקה אוטומטית / thematic category)","high",""
"46f281ed-acb9-4b8f-a683-f5aa53d6b73b","אנכי צמח דויד אליהו הנביא","sod1820","363","true","1","dna","מנוקה אוטומטית","","public_core","default:verified+Tier1+dna, standalone value-phrase (מנוקה אוטומטית / thematic category)","high",""
"1b00103b-4f2a-4560-a6ce-af69d62d916f","ועל יהוה יזעף לבו","sod1820","337","true","1","dna","מנוקה אוטומטית","","public_core","default:verified+Tier1+dna, standalone value-phrase (מנוקה אוטומטית / thematic category)","high",""
"48505b6d-e14c-4502-9c15-b95016550231","דעת קלה","sod1820","609","true","1","dna","מנוקה אוטומטית","","public_core","default:verified+Tier1+dna, standalone value-phrase (מנוקה אוטומטית / thematic category)","high",""
"713db4dd-ec9d-4eab-9aeb-c9921f73c862","כח","sod1820","28","true","1","dna","מילה","","public_core","default:verified+Tier1+dna, standalone value-phrase (מנוקה אוטומטית / thematic category)","high",""
"c5db1f22-531d-455c-a283-921f58d9ed91","רכב","sod1820","222","true","1","dna","","","research_package","exception:anchor-system note (Tier1 but part of עוגן/NUMBER_MATCH cluster)","high","sod1820_anchor_system"
"5daa6008-d322-4bb2-91b3-f7ea23e2bf7b","רבי","sod1820","212","true","1","dna","","","research_package","exception:anchor-system note (Tier1 but part of עוגן/NUMBER_MATCH cluster)","high","sod1820_anchor_system"
"8f0359b5-0b4a-4215-9158-b3f7876f2976","הגאולה ביניים בעתה אחישנה","sod1820","1023","true","1","dna","מנוקה אוטומטית","","public_core","default:verified+Tier1+dna, standalone value-phrase (מנוקה אוטומטית / thematic category)","high",""
"d4e3bd9b-a8b7-4f63-9dd1-259f95b436f2","רפואה","entity_seed_v1","292","true","3","core","","entity","thematic_corpus","default:100% node-linked entity, nodes.metadata.world populated (category col empty but real theme exists)","high","world:רפואה והחיים"
"a53b81a2-decf-4705-b8e6-95fc80fa4fa8","חיים","entity_seed_v1","68","true","3","core","","entity","thematic_corpus","default:100% node-linked entity, nodes.metadata.world populated (category col empty but real theme exists)","high","world:רפואה והחיים"
"5cf31cdc-b526-46ef-824e-720a8492198d","לב מבין","sod1820","134","true","1","dna","מנוקה אוטומטית","","public_core","default:verified+Tier1+dna, standalone value-phrase (מנוקה אוטומטית / thematic category)","high",""
"693caabb-74e7-45c7-9827-d82f97a2d508","אלהים משיח מקדש","sod1820","888","true","1","dna","מנוקה אוטומטית","","public_core","default:verified+Tier1+dna, standalone value-phrase (מנוקה אוטומטית / thematic category)","high",""
"58e35875-3d5e-4ca6-9811-deb229c36ee2","השפלה","sod1820","420","true","1","dna","מנוקה אוטומטית","","public_core","default:verified+Tier1+dna, standalone value-phrase (מנוקה אוטומטית / thematic category)","high",""
"8103ce66-e8c6-4a27-b721-fc440864389c","סבל","entity_seed_v1","92","true","3","core","","entity","thematic_corpus","default:100% node-linked entity, nodes.metadata.world populated (category col empty but real theme exists)","high","world:צל וסטרא אחרא"
"44d1ae0c-67ce-4589-94de-a7f8681aba7d","חוסן","entity_seed_v1","124","true","3","core","","entity","thematic_corpus","default:100% node-linked entity, nodes.metadata.world populated (category col empty but real theme exists)","high","world:רפואה והחיים"
"8b86ae88-8e06-4aff-9e36-2acda67437df","כאב","entity_seed_v1","23","true","3","core","","entity","thematic_corpus","default:100% node-linked entity, nodes.metadata.world populated (category col empty but real theme exists)","high","world:רפואה והחיים"
"8565b44f-f9bc-4150-a2b1-5b1131322c8f","שערי צדק","sod1820","774","true","1","dna","מנוקה אוטומטית","","public_core","default:verified+Tier1+dna, standalone value-phrase (מנוקה אוטומטית / thematic category)","high",""
"fa4ff707-850e-4003-88ea-d924e5c06933","גאולה בעתה תהיה שנת","sod1820","1692","true","1","dna","מנוקה אוטומטית","","public_core","default:verified+Tier1+dna, standalone value-phrase (מנוקה אוטומטית / thematic category)","high",""
"6a414515-22b2-4b34-bb8f-92f2b4e1879a","מסירות נפש","entity_expansion_v1","1146","true","3","","ישות","entity","thematic_corpus","default:100% node-linked entity, nodes.metadata.world populated (category col=generic ישות)","high","world:עבודת ה'"
"5ce107c1-ac55-472c-a3f6-870ac68ed758","השראה","sod1820","511","true","1","dna","מנוקה אוטומטית","","public_core","default:verified+Tier1+dna, standalone value-phrase (מנוקה אוטומטית / thematic category)","high",""
"5d5cdbfb-b0c5-4293-9723-e6c3e47bd029","ואמרת אליו בחזק יד הוציאנו יהוה ממצרים מבית עבדים","sod1820","2017","true","1","dna","מנוקה אוטומטית","","public_core","default:verified+Tier1+dna, standalone value-phrase (מנוקה אוטומטית / thematic category)","high",""
"391b7492-cc42-4b47-ad01-6f02df2ab2d2","מה קורה לי","sod1820","396","true","1","dna","מנוקה אוטומטית","","public_core","default:verified+Tier1+dna, standalone value-phrase (מנוקה אוטומטית / thematic category)","high",""
"505b8383-1122-469b-8caa-baeb6b23c8c1","לפני הפליאה","sod1820","301","true","1","dna","מנוקה אוטומטית","","public_core","default:verified+Tier1+dna, standalone value-phrase (מנוקה אוטומטית / thematic category)","high",""
"8a5936ef-c88c-4315-a500-20d13004c804","מסע אסטרלי","sod1820","480","true","1","dna","מנוקה אוטומטית","","public_core","default:verified+Tier1+dna, standalone value-phrase (מנוקה אוטומטית / thematic category)","high",""
"37cf42e8-be0e-4168-9e2c-dae95fa563db","להשמיד את כל הגוים","sod1820","904","true","1","dna","מנוקה אוטומטית","","public_core","default:verified+Tier1+dna, standalone value-phrase (מנוקה אוטומטית / thematic category)","high",""
"b0bf26ef-d6aa-4796-adc3-6409ebf11ae9","קול שופר חזק מאוד","sod1820","888","true","1","dna","מנוקה אוטומטית","","public_core","default:verified+Tier1+dna, standalone value-phrase (מנוקה אוטומטית / thematic category)","high",""
"e53131dd-3512-4da1-b342-ebd0205a43de","תורתי אמת המשיח","sod1820","1820","true","1","dna","מנוקה אוטומטית","","public_core","default:verified+Tier1+dna, standalone value-phrase (מנוקה אוטומטית / thematic category)","high",""
"555ae3dc-6d06-4b17-937a-6a5ae593772c","גאולה אטבח","sod1820","65","true","1","dna","מנוקה אוטומטית","","public_core","default:verified+Tier1+dna, standalone value-phrase (מנוקה אוטומטית / thematic category)","high",""
"b4818b1c-460b-4d70-944d-c391a9459240","אמונה שלמה","entity_expansion_v1","477","true","3","","ישות","entity","thematic_corpus","default:100% node-linked entity, nodes.metadata.world populated (category col=generic ישות)","high","world:עבודת ה'"
"a689ea4c-b579-455e-9f06-9a6261d0b889","זוגיות","sod1820","432","true","1","dna","מנוקה אוטומטית","","public_core","default:verified+Tier1+dna, standalone value-phrase (מנוקה אוטומטית / thematic category)","high",""
"f1b0b2c8-0605-48ea-8052-d920c4ab0ce1","ונעדתי שמה לבני ישראל ונקדש בכבדי","sod1820","2016","true","1","dna","מנוקה אוטומטית","","public_core","default:verified+Tier1+dna, standalone value-phrase (מנוקה אוטומטית / thematic category)","high",""
"aad88aea-a6b5-4497-8bbb-a4c648627fee","בת הזוג שלך","sod1820","773","true","1","dna","מנוקה אוטומטית","","public_core","default:verified+Tier1+dna, standalone value-phrase (מנוקה אוטומטית / thematic category)","high",""
"32cc276d-96c0-4c19-b2ee-29d6c35fe17e","המלך","sod1820","95","true","1","dna","מנוקה אוטומטית","","public_core","default:verified+Tier1+dna, standalone value-phrase (מנוקה אוטומטית / thematic category)","high",""
"63b8b37b-271b-4fdd-bf23-c44f6f49ac2c","יהוה צבאות","entity_expansion_v1","525","true","3","","ישות","entity","thematic_corpus","default:100% node-linked entity, nodes.metadata.world populated (category col=generic ישות)","high","world:שמות הקודש"
"e3d2bf30-5fb7-47cb-8b50-8e809be06192","שינוי דעה","sod1820","455","true","1","dna","מנוקה אוטומטית","","public_core","default:verified+Tier1+dna, standalone value-phrase (מנוקה אוטומטית / thematic category)","high",""
"f6a8b684-9b53-4404-b38c-d0fce05e4393","עולם תחתון","sod1820","1010","true","1","dna","מנוקה אוטומטית","","public_core","default:verified+Tier1+dna, standalone value-phrase (מנוקה אוטומטית / thematic category)","high",""
"7c7c3dbd-5873-4eb3-9b3d-d3189b632847","הוא עבדו","sod1820","94","true","1","dna","מנוקה אוטומטית","","public_core","default:verified+Tier1+dna, standalone value-phrase (מנוקה אוטומטית / thematic category)","high",""
"fd2ce465-b8bf-4f1c-b588-1a23b2c9018e","נכספה וגם כלתה נפשי לחצרות יהוה","sod1820","1919","true","1","dna","מנוקה אוטומטית","","public_core","default:verified+Tier1+dna, standalone value-phrase (מנוקה אוטומטית / thematic category)","high",""
"9a0b3577-db07-49bf-999b-632afb5e37ba","שכל קדוש","sod1820","760","true","1","dna","מנוקה אוטומטית","","public_core","default:verified+Tier1+dna, standalone value-phrase (מנוקה אוטומטית / thematic category)","high",""
"0a046610-5194-4b8e-86a4-2dc212d5f06c","משיח תשובה","sod1820","1071","true","1","dna","מנוקה אוטומטית","","public_core","default:verified+Tier1+dna, standalone value-phrase (מנוקה אוטומטית / thematic category)","high",""
"9876c9d9-a922-4024-aa0b-507c4b1d23e5","שער ישראל","sod1820","1111","true","1","dna","מנוקה אוטומטית","","public_core","default:verified+Tier1+dna, standalone value-phrase (מנוקה אוטומטית / thematic category)","high",""
"bf47bb67-0554-409f-8913-a5a357efe60f","הצלחת משיח","sod1820","891","true","1","dna","מנוקה אוטומטית","","public_core","default:verified+Tier1+dna, standalone value-phrase (מנוקה אוטומטית / thematic category)","high",""
"3ea9dc1b-cf01-4533-9f68-454d02e88e6b","גאווה","entity_seed_v1","21","true","3","core","","entity","thematic_corpus","default:100% node-linked entity, nodes.metadata.world populated (category col empty but real theme exists)","high","world:צל וסטרא אחרא"
"199ce7e6-1449-473e-bf68-2b591bb61333","בריאות","entity_seed_v1","619","true","3","core","","entity","thematic_corpus","default:100% node-linked entity, nodes.metadata.world populated (category col empty but real theme exists)","high","world:רפואה והחיים"
"37e2522d-7afc-4bde-ab85-3def8bc894a4","אהיה אשר אהיה","entity_expansion_v1","543","true","3","","ישות","entity","thematic_corpus","default:100% node-linked entity, nodes.metadata.world populated (category col=generic ישות)","high","world:שמות הקודש"
"acf042fb-b98e-48cc-96a1-df22332030df","ריבונו של עולם","entity_expansion_v1","750","true","3","","ישות","entity","thematic_corpus","default:100% node-linked entity, nodes.metadata.world populated (category col=generic ישות)","high","world:שמות הקודש"
"7c35bb71-0ccf-4c29-b95d-1f89528efed4","מלך מלכי המלכים","entity_expansion_v1","335","true","3","","ישות","entity","thematic_corpus","default:100% node-linked entity, nodes.metadata.world populated (category col=generic ישות)","high","world:שמות הקודש"
"bb7cd5d3-e261-4fd5-9e13-9adaca40e686","אדון עולם","entity_expansion_v1","207","true","3","","ישות","entity","thematic_corpus","default:100% node-linked entity, nodes.metadata.world populated (category col=generic ישות)","high","world:שמות הקודש"
"f95e4f4b-eb42-459c-925c-be67575085b1","טכנולוגיה","sod1820","139","true","1","dna","מנוקה אוטומטית","","public_core","default:verified+Tier1+dna, standalone value-phrase (מנוקה אוטומטית / thematic category)","high",""
"ab1260bf-ffa1-4e7b-9a6f-e611ccd31a32","חסימה","sod1820","123","true","1","dna","מנוקה אוטומטית","","public_core","default:verified+Tier1+dna, standalone value-phrase (מנוקה אוטומטית / thematic category)","high",""
"64b11bab-19f1-45b2-9398-73c7e3fcb8f5","יבנה לפני","sod1820","237","true","1","dna","מנוקה אוטומטית","","public_core","default:verified+Tier1+dna, standalone value-phrase (מנוקה אוטומטית / thematic category)","high",""
"3dd0f010-8ca9-4cf1-b979-9d7760d87b62","נצעק ליהוה","sod1820","366","true","1","dna","מנוקה אוטומטית","","public_core","default:verified+Tier1+dna, standalone value-phrase (מנוקה אוטומטית / thematic category)","high",""
"495a2f22-d89a-4962-aaa9-62df99d95b93","צמח דויד רת","sod1820","762","true","1","dna","מנוקה אוטומטית","","public_core","default:verified+Tier1+dna, standalone value-phrase (מנוקה אוטומטית / thematic category)","high",""
"fc860d11-0133-4238-a29e-c9b913d2f3d2","הקדוש ברוך הוא תורה ישראל אחד","sod1820","1820","true","1","dna","מנוקה אוטומטית","","public_core","default:verified+Tier1+dna, standalone value-phrase (מנוקה אוטומטית / thematic category)","high",""
"f48477d5-b873-4f86-bc20-4267e268cbc6","דבר אל בני ישראל לאמר","sod1820","1111","true","1","dna","מנוקה אוטומטית","","public_core","default:verified+Tier1+dna, standalone value-phrase (מנוקה אוטומטית / thematic category)","high",""
"b65bb9cd-e347-4aaf-8dd1-9122706fec65","חרב אירנית","sod1820","881","true","1","dna","מנוקה אוטומטית","","public_core","default:verified+Tier1+dna, standalone value-phrase (מנוקה אוטומטית / thematic category)","high",""
"8884b796-e900-4c51-bfeb-09a942bd4e80","ארך אפים","entity_expansion_v1","352","true","3","","ישות","entity","thematic_corpus","default:100% node-linked entity, nodes.metadata.world populated (category col=generic ישות)","high","world:שמות הקודש"
"6afc9139-6e5c-47f1-9e3c-4bcfce43cc14","רחום וחנון","entity_expansion_v1","374","true","3","","ישות","entity","thematic_corpus","default:100% node-linked entity, nodes.metadata.world populated (category col=generic ישות)","high","world:שמות הקודש"
"5a8c2da3-8ff6-4e04-964a-51fa70e3f7a4","אל שדי","entity_expansion_v1","345","true","3","","ישות","entity","thematic_corpus","default:100% node-linked entity, nodes.metadata.world populated (category col=generic ישות)","high","world:שמות הקודש"
"58dc700f-39c7-41a8-aa9a-6230b770054e","אל חי","entity_expansion_v1","49","true","3","","ישות","entity","thematic_corpus","default:100% node-linked entity, nodes.metadata.world populated (category col=generic ישות)","high","world:שמות הקודש"
"0014726b-a79f-4728-a630-b80eeda7b8b9","יהוה מנחמכם","sod1820","224","true","1","dna","מנוקה אוטומטית","","public_core","default:verified+Tier1+dna, standalone value-phrase (מנוקה אוטומטית / thematic category)","high",""
"5ce43411-efad-45ae-be1e-6efe3585f490","כעס המציאות","sod1820","702","true","1","dna","מנוקה אוטומטית","","public_core","default:verified+Tier1+dna, standalone value-phrase (מנוקה אוטומטית / thematic category)","high",""
"df73a92f-b527-496b-a30f-6cfecdbf5a45","יהודי כשר","sod1820","555","true","1","dna","מנוקה אוטומטית","","public_core","default:verified+Tier1+dna, standalone value-phrase (מנוקה אוטומטית / thematic category)","high",""
"b9aaed4d-8771-4ef0-9899-70703bb78736","וסלחת לעוננו ולחטאתנו ונחלתנו","sod1820","1776","true","1","dna","מנוקה אוטומטית","","public_core","default:verified+Tier1+dna, standalone value-phrase (מנוקה אוטומטית / thematic category)","high",""
"580e375d-3214-495a-829f-9af2730cfecd","מטטרון","entity_seed_v1","314","true","3","core","","entity","thematic_corpus","default:100% node-linked entity, nodes.metadata.world populated (category col empty but real theme exists)","high","world:מלאכים"
"5cc8ad72-afc5-4644-9930-9ea1e2076b2f","רומי","entity_expansion_v1","256","true","3","","ישות","entity","thematic_corpus","default:100% node-linked entity, nodes.metadata.world populated (category col=generic ישות)","high","world:אקטואליה ואומות"
"d1c5903d-0013-4437-8650-6c7a4ec3d9cc","הוד","entity_seed_v1","15","true","3","core","","entity","thematic_corpus","default:100% node-linked entity, nodes.metadata.world populated (category col empty but real theme exists)","high","world:ספירות"
"eba9405c-0ce7-4141-81cd-efe87157e58a","מוח","entity_seed_v1","54","true","3","core","","entity","thematic_corpus","default:100% node-linked entity, nodes.metadata.world populated (category col empty but real theme exists)","high","world:גוף האדם"
"bb246309-c666-4abd-a5f7-079b3327dd78","אוזן","entity_seed_v1","64","true","3","core","","entity","thematic_corpus","default:100% node-linked entity, nodes.metadata.world populated (category col empty but real theme exists)","high","world:גוף האדם"
"78ed9d83-cf8a-4e6a-a84b-c11e347933de","נעמה למך","sod1820","255","true","1","dna","מנוקה אוטומטית","","public_core","default:verified+Tier1+dna, standalone value-phrase (מנוקה אוטומטית / thematic category)","high",""
"e4ca68e7-1cd8-46c6-b7b8-8e0914fb2609","איש הניסים","sod1820","486","true","1","dna","מנוקה אוטומטית","","public_core","default:verified+Tier1+dna, standalone value-phrase (מנוקה אוטומטית / thematic category)","high",""
"67c1a985-3b85-4f00-8695-e3493eabe763","מילה","entity_seed_v1","85","true","3","core","","entity","thematic_corpus","default:100% node-linked entity, nodes.metadata.world populated (category col empty but real theme exists)","high","world:עבודת ה'"
"1a582f9d-a956-4884-9a15-49367582709a","אוריאל","entity_seed_v1","248","true","3","core","","entity","thematic_corpus","default:100% node-linked entity, nodes.metadata.world populated (category col empty but real theme exists)","high","world:מלאכים"
"00688f60-88a0-47ea-ac12-f8916d7cba4d","תניא","entity_seed_v1","461","true","3","core","","entity","thematic_corpus","default:100% node-linked entity, nodes.metadata.world populated (category col empty but real theme exists)","high","world:ספרי קודש"
"5865038f-2963-43f7-abe3-1df9663bd56f","תלמוד","entity_seed_v1","480","true","3","core","","entity","thematic_corpus","default:100% node-linked entity, nodes.metadata.world populated (category col empty but real theme exists)","high","world:ספרי קודש"
"6c275618-8257-47b3-be52-72e986533292","כסלו","entity_seed_v1","116","true","3","core","","entity","thematic_corpus","default:100% node-linked entity, nodes.metadata.world populated (category col empty but real theme exists)","high","world:חודשי השנה"
"839c7dfe-5c51-4b6a-8517-21bcc4edc0f3","אדר","entity_seed_v1","205","true","3","core","","entity","thematic_corpus","default:100% node-linked entity, nodes.metadata.world populated (category col empty but real theme exists)","high","world:חודשי השנה"
"d88e0401-4496-47ff-95f4-830408c8f10e","גמרא","entity_seed_v1","244","true","3","core","","entity","thematic_corpus","default:100% node-linked entity, nodes.metadata.world populated (category col empty but real theme exists)","high","world:ספרי קודש"
"e974fd21-cec7-4ec6-bad7-97c8dd495c47","ראו באורי שזרח עליכם","sod1820","1111","true","1","dna","מנוקה אוטומטית","","public_core","default:verified+Tier1+dna, standalone value-phrase (מנוקה אוטומטית / thematic category)","high",""
"545aa50e-e06c-4896-be5e-6f3bfdbd3ba8","יחס הזהב זמן","sod1820","194","true","1","dna","מנוקה אוטומטית","","public_core","default:verified+Tier1+dna, standalone value-phrase (מנוקה אוטומטית / thematic category)","high",""
"49c04f55-1d82-441a-bf47-9b47c102476c","למה הכל שקר","sod1820","730","true","1","dna","מנוקה אוטומטית","","public_core","default:verified+Tier1+dna, standalone value-phrase (מנוקה אוטומטית / thematic category)","high",""
"3663014a-ffd8-4d90-bb16-dfff45109761","לוחם אור","sod1820","291","true","1","dna","מנוקה אוטומטית","","public_core","default:verified+Tier1+dna, standalone value-phrase (מנוקה אוטומטית / thematic category)","high",""
"e60fa9a7-0c20-44b5-a4ad-93ff6c258875","שלש חמש חמש","sod1820","1326","true","1","dna","מנוקה אוטומטית","","public_core","default:verified+Tier1+dna, standalone value-phrase (מנוקה אוטומטית / thematic category)","high",""
"6b0bd367-959f-4685-9844-bb88269274b3","משחק אלמוג","sod1820","528","true","1","dna","מנוקה אוטומטית","","public_core","default:verified+Tier1+dna, standalone value-phrase (מנוקה אוטומטית / thematic category)","high",""
"be5b45fc-20cc-4987-8da7-82f82ca8adde","אסון בלילית","sod1820","599","true","1","dna","מנוקה אוטומטית","","public_core","default:verified+Tier1+dna, standalone value-phrase (מנוקה אוטומטית / thematic category)","high",""
"38fd2137-025e-46f9-8b2d-d71281ca504f","גירוש לילית","sod1820","999","true","1","dna","מנוקה אוטומטית","","public_core","default:verified+Tier1+dna, standalone value-phrase (מנוקה אוטומטית / thematic category)","high",""
"82a782c4-b8bd-4130-b0be-bb5f8111fc41","ארץ אמתית","sod1820","1142","true","1","dna","מנוקה אוטומטית","","public_core","default:verified+Tier1+dna, standalone value-phrase (מנוקה אוטומטית / thematic category)","high",""
"13b19717-f698-4add-896c-7c6da26817f2","בעלי שאול","sod1820","449","false","1","dna","מנוקה אוטומטית","","public_core","default:verified+Tier1+dna, standalone value-phrase (מנוקה אוטומטית / thematic category)","high",""
"71ba2cb5-9f05-4b37-9cc7-d7f06a37a6af","אשת איש","sod1820","1012","true","1","dna","מנוקה אוטומטית","","public_core","default:verified+Tier1+dna, standalone value-phrase (מנוקה אוטומטית / thematic category)","high",""
"13c4e4c2-7e0f-4fd0-841a-2516e760a845","יםסוף","sod1820","196","true","1","dna","מנוקה אוטומטית","","public_core","default:verified+Tier1+dna, standalone value-phrase (מנוקה אוטומטית / thematic category)","high",""
"5c332050-5c95-4c15-abe2-0d69404e0647","דבר מלך","sod1820","296","true","1","dna","מנוקה אוטומטית","","public_core","default:verified+Tier1+dna, standalone value-phrase (מנוקה אוטומטית / thematic category)","high",""
"b94d69d8-82bc-4fcf-9e58-b2f892220ab3","חרב המשיח","sod1820","573","true","1","dna","מנוקה אוטומטית","","public_core","default:verified+Tier1+dna, standalone value-phrase (מנוקה אוטומטית / thematic category)","high",""
"caa4bd56-452b-4019-a7ab-458935c2fc9b","ארץ","entity_seed_v1","291","true","3","core","","entity","thematic_corpus","default:100% node-linked entity, nodes.metadata.world populated (category col empty but real theme exists)","high","world:טבע ויסודות"
"e9d53809-f26a-4e4d-9cda-3a514a08691c","א או אוצ אוצר","admin_curated","402","true","3","","מהחיפושים","","research_vocabulary","default:category=מהחיפושים (search-log derived), no node/notes, dictionary-grade","high",""
"780688e3-fe5e-433c-8073-e0c456086781","כפרה","entity_seed_v1","305","true","3","core","","entity","thematic_corpus","default:100% node-linked entity, nodes.metadata.world populated (category col empty but real theme exists)","high","world:עבודת ה'"
"27a3adc3-616f-47c4-9a4a-7066711229e8","ניסן","entity_seed_v1","170","true","3","core","","entity","thematic_corpus","default:100% node-linked entity, nodes.metadata.world populated (category col empty but real theme exists)","high","world:חודשי השנה"
"f21a3376-fe59-4bce-912d-d2533405b137","אש בירושלים","sod1820","899","true","1","dna","מנוקה אוטומטית","","public_core","default:verified+Tier1+dna, standalone value-phrase (מנוקה אוטומטית / thematic category)","high",""
"ed5dc4ed-e0ba-4d95-b7d2-a6f5e740519d","בא סוד יהוה","sod1820","99","true","1","dna","מנוקה אוטומטית","","public_core","default:verified+Tier1+dna, standalone value-phrase (מנוקה אוטומטית / thematic category)","high",""
"8b94bd3f-45bd-4d11-acf3-5d52fa27d73b","ה ה במדבר רבה","sod1820","465","true","1","dna","מנוקה אוטומטית","","public_core","default:verified+Tier1+dna, standalone value-phrase (מנוקה אוטומטית / thematic category)","high",""
"fcce1059-ebfc-4d3c-8d6d-595911627303","לילית רעה","sod1820","755","true","1","dna","מנוקה אוטומטית","","public_core","default:verified+Tier1+dna, standalone value-phrase (מנוקה אוטומטית / thematic category)","high",""
"b85a0fe0-639f-4287-8450-77d00e592de4","כתר שלי","sod1820","960","true","1","dna","מנוקה אוטומטית","","public_core","default:verified+Tier1+dna, standalone value-phrase (מנוקה אוטומטית / thematic category)","high",""
"995adba5-3b99-403a-abe6-2ffa9f2c0813","מול בית פעור","sod1820","844","true","1","dna","מנוקה אוטומטית","","public_core","default:verified+Tier1+dna, standalone value-phrase (מנוקה אוטומטית / thematic category)","high",""
"1e828bbd-09ff-4839-ab60-709b2c072e54","מלחמת נצח","sod1820","666","true","1","dna","מנוקה אוטומטית","","public_core","default:verified+Tier1+dna, standalone value-phrase (מנוקה אוטומטית / thematic category)","high",""
"62339475-a893-4d34-8f47-29f18bf0f099","שסה גידים","entity_expansion_v1","432","true","3","","ישות","entity","thematic_corpus","default:100% node-linked entity, nodes.metadata.world populated (category col=generic ישות)","high","world:גוף האדם"
"952d2067-4016-45bf-a082-12e8e3593b4f","רמח אברים","entity_expansion_v1","501","true","3","","ישות","entity","thematic_corpus","default:100% node-linked entity, nodes.metadata.world populated (category col=generic ישות)","high","world:גוף האדם"
"3cd171d5-b551-4539-a245-500ff979d551","שמש","entity_seed_v1","640","true","3","core","","entity","thematic_corpus","default:100% node-linked entity, nodes.metadata.world populated (category col empty but real theme exists)","high","world:טבע ויסודות"
"8326f982-7040-49b5-a89c-0215fe4a9353","מילו ורגיל","sod1820","335","true","1","dna","מנוקה אוטומטית","","public_core","default:verified+Tier1+dna, standalone value-phrase (מנוקה אוטומטית / thematic category)","high",""
"e06aa8a8-a38b-4074-88aa-c536b60415af","מלכות גילוי","sod1820","555","true","1","dna","מנוקה אוטומטית","","public_core","default:verified+Tier1+dna, standalone value-phrase (מנוקה אוטומטית / thematic category)","high",""
"6a405dac-e157-4873-9b6d-44820a7898b4","גם ראו פעלי","sod1820","440","true","1","dna","מנוקה אוטומטית","","public_core","default:verified+Tier1+dna, standalone value-phrase (מנוקה אוטומטית / thematic category)","high",""
"dbb913d4-33e5-4781-9776-39cb4c55b2b7","הבזק אור","sod1820","321","true","1","dna","מנוקה אוטומטית","","public_core","default:verified+Tier1+dna, standalone value-phrase (מנוקה אוטומטית / thematic category)","high",""
"e8e392c9-3185-464d-b809-c9a5bbb3f12c","משיחי יבוא","sod1820","387","true","1","dna","מנוקה אוטומטית","","public_core","default:verified+Tier1+dna, standalone value-phrase (מנוקה אוטומטית / thematic category)","high",""
"42748adf-a254-422c-8892-f71a02117546","ים","entity_seed_v1","50","true","3","core","","entity","thematic_corpus","default:100% node-linked entity, nodes.metadata.world populated (category col empty but real theme exists)","high","world:טבע ויסודות"
"20701643-aca0-4b3b-b324-962dc37af722","הר","entity_seed_v1","205","true","3","core","","entity","thematic_corpus","default:100% node-linked entity, nodes.metadata.world populated (category col empty but real theme exists)","high","world:טבע ויסודות"
"038bd8e8-0fa8-4890-9841-7c2967dd8300","ספר דניאל","sod1820","435","true","1","dna","מנוקה אוטומטית","","public_core","default:verified+Tier1+dna, standalone value-phrase (מנוקה אוטומטית / thematic category)","high",""
"921a8daa-ae79-43a6-998e-f6653577cab2","משיח שקר","sod1820","958","true","1","dna","מנוקה אוטומטית","","public_core","default:verified+Tier1+dna, standalone value-phrase (מנוקה אוטומטית / thematic category)","high",""
"79a58650-fb3d-43b6-9d3f-069d4ca8efa8","עידן בת כהן","sod1820","611","false","1","dna","מנוקה אוטומטית","","public_core","default:verified+Tier1+dna, standalone value-phrase (מנוקה אוטומטית / thematic category)","high",""
"22f85baa-5a94-4393-9110-0d00ef749e16","נובה לא חיה","sod1820","117","true","1","dna","מנוקה אוטומטית","","public_core","default:verified+Tier1+dna, standalone value-phrase (מנוקה אוטומטית / thematic category)","high",""
"b9e148c2-9565-4f95-b328-767a19771f7b","פני משיחך","sod1820","518","true","1","dna","מנוקה אוטומטית","","public_core","default:verified+Tier1+dna, standalone value-phrase (מנוקה אוטומטית / thematic category)","high",""
"fad36ed2-d336-428a-b83e-a2e945ea81b8","סוד אחד","sod1820","83","true","1","dna","מנוקה אוטומטית","","public_core","default:verified+Tier1+dna, standalone value-phrase (מנוקה אוטומטית / thematic category)","high",""
"616e792e-c824-48e5-bba4-c3e0f4a7e59e","סוד פאי","sod1820","161","true","1","dna","מנוקה אוטומטית","","public_core","default:verified+Tier1+dna, standalone value-phrase (מנוקה אוטומטית / thematic category)","high",""
"750beb68-a72a-4b5b-ac2f-50d5cc70d98d","ר א מ ע פ ה","sod1820","396","true","1","dna","מנוקה אוטומטית","","public_core","default:verified+Tier1+dna, standalone value-phrase (מנוקה אוטומטית / thematic category)","high",""
"fe9866e0-e7c5-431b-8125-614b3c44715c","רוח בהמה","sod1820","266","true","1","dna","מנוקה אוטומטית","","public_core","default:verified+Tier1+dna, standalone value-phrase (מנוקה אוטומטית / thematic category)","high",""
"de55626b-7218-4e05-8e82-deb6178e29a6","שואה בדרך","sod1820","538","true","1","dna","מנוקה אוטומטית","","public_core","default:verified+Tier1+dna, standalone value-phrase (מנוקה אוטומטית / thematic category)","high",""
"1611ff42-1b3d-4cef-a6ea-4acf67ce7e5e","שאול המלך בו","sod1820","440","true","1","dna","מנוקה אוטומטית","","public_core","default:verified+Tier1+dna, standalone value-phrase (מנוקה אוטומטית / thematic category)","high",""
"5df83aee-d8d0-439b-8c3f-dc989c182740","רזי תורה","sod1820","828","true","1","dna","מנוקה אוטומטית","","public_core","default:verified+Tier1+dna, standalone value-phrase (מנוקה אוטומטית / thematic category)","high",""
"c7963d90-cd51-42b4-a575-8f5df0465f18","שבת המלכה","sod1820","802","true","1","dna","מנוקה אוטומטית","","public_core","default:verified+Tier1+dna, standalone value-phrase (מנוקה אוטומטית / thematic category)","high",""
"1e31562b-98a7-4561-beaf-0c82c9a05fd9","רוממו יהוה","sod1820","318","true","1","dna","מנוקה אוטומטית","","public_core","default:verified+Tier1+dna, standalone value-phrase (מנוקה אוטומטית / thematic category)","high",""
"b27d7294-8417-4336-992c-f860de1aad4d","שדה לילית","sod1820","789","true","1","dna","מנוקה אוטומטית","","public_core","default:verified+Tier1+dna, standalone value-phrase (מנוקה אוטומטית / thematic category)","high",""
"5dc72bb3-db82-410f-a333-ead3381e730d","תל אביב","sod1820","445","true","1","dna","מנוקה אוטומטית","entity","public_core","default:verified+Tier1+dna, standalone value-phrase (מנוקה אוטומטית / thematic category)","high",""
"2bf0fc67-c508-4bc4-a5b2-635230b7f7f3","שעת הגאולה","sod1820","820","true","1","dna","מנוקה אוטומטית","","public_core","default:verified+Tier1+dna, standalone value-phrase (מנוקה אוטומטית / thematic category)","high",""
"5964f2f6-3fe2-46f9-a2e7-f31af2fe18d9","תדר השרדותי","sod1820","1529","true","1","dna","מנוקה אוטומטית","","public_core","default:verified+Tier1+dna, standalone value-phrase (מנוקה אוטומטית / thematic category)","high",""
"2af19409-83cd-4bd2-998e-09227053d912","תדר גבוה","sod1820","620","true","1","dna","מנוקה אוטומטית","","public_core","default:verified+Tier1+dna, standalone value-phrase (מנוקה אוטומטית / thematic category)","high",""
"39e14ab9-1186-48ee-8578-1f06069d43f5","דמעות משיח","sod1820","878","true","1","dna","מנוקה אוטומטית","","public_core","default:verified+Tier1+dna, standalone value-phrase (מנוקה אוטומטית / thematic category)","high",""
"0006fcad-7686-4cfa-ba46-95d555e87a4f","דרגת היחידה","sod1820","649","true","1","dna","מנוקה אוטומטית","","public_core","default:verified+Tier1+dna, standalone value-phrase (מנוקה אוטומטית / thematic category)","high",""
"dd34de0a-d95e-4a17-a5a8-39f82c3c922b","הנחש הקדמון","sod1820","568","true","1","dna","מנוקה אוטומטית","","public_core","default:verified+Tier1+dna, standalone value-phrase (מנוקה אוטומטית / thematic category)","high",""
"fd73c245-d4a4-4208-bb1b-9d2f8863083d","הסנה בער באש והסנה איננו אכל","sod1820","989","true","1","dna","מנוקה אוטומטית","","public_core","default:verified+Tier1+dna, standalone value-phrase (מנוקה אוטומטית / thematic category)","high",""
"34009a1b-315c-4537-b494-1a77f02cd0eb","הזבל של יהוה","sod1820","400","true","1","dna","מנוקה אוטומטית","","public_core","default:verified+Tier1+dna, standalone value-phrase (מנוקה אוטומטית / thematic category)","high",""
"0eed3350-b269-4eb6-bfde-6a30d04c6abf","הטבע שלי","sod1820","426","true","1","dna","מנוקה אוטומטית","","public_core","default:verified+Tier1+dna, standalone value-phrase (מנוקה אוטומטית / thematic category)","high",""
"60bf0b1c-e41f-47af-a057-656ad1c4f71f","היכל דוד","sod1820","79","true","1","dna","מנוקה אוטומטית","","public_core","default:verified+Tier1+dna, standalone value-phrase (מנוקה אוטומטית / thematic category)","high",""
"6f73b590-8bf0-4519-8d65-ffc5ff6fdcaa","אהיה","entity_seed_v1","21","true","3","core","","entity","thematic_corpus","default:100% node-linked entity, nodes.metadata.world populated (category col empty but real theme exists)","high","world:שמות הקודש"
"1b315942-d609-4072-b174-f3ec08f36775","דברים","entity_seed_v1","256","true","3","core","","entity","thematic_corpus","default:100% node-linked entity, nodes.metadata.world populated (category col empty but real theme exists)","high","world:ספרי קודש"
"52080bd1-d19f-4e58-a836-23560a7d1a58","ישראל שבת","sod1820","1243","true","1","dna","מנוקה אוטומטית","","public_core","default:verified+Tier1+dna, standalone value-phrase (מנוקה אוטומטית / thematic category)","high",""
"a0fd1c7b-d191-4b9f-baa0-81bab7227afb","צבאות","entity_seed_v1","499","true","3","core","","entity","thematic_corpus","default:100% node-linked entity, nodes.metadata.world populated (category col empty but real theme exists)","high","world:שמות הקודש"
"3e18ef66-f70f-4894-92d7-ab3255665279","משיח צידקנו","sod1820","618","true","1","dna","מנוקה אוטומטית","","public_core","default:verified+Tier1+dna, standalone value-phrase (מנוקה אוטומטית / thematic category)","high",""
"c96f0946-780c-467d-b514-d2500baa4c8e","ויאמר הנחש","sod1820","620","true","1","dna","מנוקה אוטומטית","","public_core","default:verified+Tier1+dna, standalone value-phrase (מנוקה אוטומטית / thematic category)","high",""
"34e1664d-8448-4ab5-88e3-5c5cb0e18d8d","גבריאל","entity_seed_v1","246","true","3","core","","entity","thematic_corpus","default:100% node-linked entity, nodes.metadata.world populated (category col empty but real theme exists)","high","world:מלאכים"
"6bd3a657-b6dd-460e-a52a-1fd08176121e","הנחש נשיא ארה ב בראק אובאמה","sod1820","1290","true","1","dna","מנוקה אוטומטית","","public_core","default:verified+Tier1+dna, standalone value-phrase (מנוקה אוטומטית / thematic category)","high",""
"8a0b88d2-8cc5-4622-ab6e-0888bc8b210b","התגלות יהוה בעת ההיא","sod1820","1363","true","1","dna","מנוקה אוטומטית","","public_core","default:verified+Tier1+dna, standalone value-phrase (מנוקה אוטומטית / thematic category)","high",""
"1f320dcf-5486-4993-9c5c-4732de1b8566","התגלות ר מ משיח צדקנו","sod1820","1692","true","1","dna","מנוקה אוטומטית","","public_core","default:verified+Tier1+dna, standalone value-phrase (מנוקה אוטומטית / thematic category)","high",""
"a50b5ad8-c88e-4058-8dfd-f4deb0e8cfd9","שפע נגלה","sod1820","538","true","1","dna","מנוקה אוטומטית","","public_core","default:verified+Tier1+dna, standalone value-phrase (מנוקה אוטומטית / thematic category)","high",""
"1cfb71d9-dcc4-4aca-a164-042ed2781ce3","זוג בבואה","sod1820","32","true","1","dna","מנוקה אוטומטית","","public_core","default:verified+Tier1+dna, standalone value-phrase (מנוקה אוטומטית / thematic category)","high",""
"2e347411-a88a-4cd8-90b7-23be43be8506","ויהיו בני ישראל במדבר","sod1820","888","true","1","dna","מנוקה אוטומטית","","public_core","default:verified+Tier1+dna, standalone value-phrase (מנוקה אוטומטית / thematic category)","high",""
"b9647a47-ee97-4eb7-8381-c42c3fe78ee1","חוק הגאולה","sod1820","164","true","1","dna","מנוקה אוטומטית","","public_core","default:verified+Tier1+dna, standalone value-phrase (מנוקה אוטומטית / thematic category)","high",""
"201a2065-0026-47bc-97ba-d9a0a6615187","חולי לילית","sod1820","534","true","1","dna","מנוקה אוטומטית","","public_core","default:verified+Tier1+dna, standalone value-phrase (מנוקה אוטומטית / thematic category)","high",""
"bbbe1e01-8fe0-4bf4-a286-0eaa44434bf6","צדקה","entity_seed_v1","199","true","3","core","","entity","thematic_corpus","default:100% node-linked entity, nodes.metadata.world populated (category col empty but real theme exists)","high","world:עבודת ה'"
"8deceab1-059b-4c79-b2c3-e3492fd361e6","חשמל","entity_expansion_v1","378","true","3","","ישות","entity","thematic_corpus","default:100% node-linked entity, nodes.metadata.world populated (category col=generic ישות)","high","world:מודרני ומדע"
"dccb4887-90fd-413e-bbd8-9d7b1677d6e9","יהוה ישמח ב","sod1820","386","true","1","dna","מנוקה אוטומטית","","public_core","default:verified+Tier1+dna, standalone value-phrase (מנוקה אוטומטית / thematic category)","high",""
"80d6d7ee-52f8-44f5-b61b-0e40ea3c6b96","חוש הומור","sod1820","571","true","1","dna","מנוקה אוטומטית","","public_core","default:verified+Tier1+dna, standalone value-phrase (מנוקה אוטומטית / thematic category)","high",""
"93cc5a36-b6ec-4b6f-819e-ac309a1e4191","חקק אלה","sod1820","244","true","1","dna","מנוקה אוטומטית","","public_core","default:verified+Tier1+dna, standalone value-phrase (מנוקה אוטומטית / thematic category)","high",""
"4266d105-b213-4ade-a419-8bb832c79e49","חיזור יהוה","sod1820","257","true","1","dna","מנוקה אוטומטית","","public_core","default:verified+Tier1+dna, standalone value-phrase (מנוקה אוטומטית / thematic category)","high",""
"2f8f47d5-cfe6-4252-8395-32693bd298ab","יאהו סודך","sod1820","112","true","1","dna","מנוקה אוטומטית","","public_core","default:verified+Tier1+dna, standalone value-phrase (מנוקה אוטומטית / thematic category)","high",""
"4d2da4c5-84bd-4173-a29f-b6f60195c634","יהוה אני רוצה","sod1820","388","true","1","dna","מנוקה אוטומטית","","public_core","default:verified+Tier1+dna, standalone value-phrase (מנוקה אוטומטית / thematic category)","high",""
"005f4e73-f2c1-4a85-b420-6261ed7d411d","יהוה נורא","sod1820","283","true","1","dna","מנוקה אוטומטית","","public_core","default:verified+Tier1+dna, standalone value-phrase (מנוקה אוטומטית / thematic category)","high",""
"9f51f2b3-ccc9-46e1-94c4-bfee13a93c51","בראק אובאמה עלי חאמינאי","sod1820","588","true","1","dna","מנוקה אוטומטית","","public_core","default:verified+Tier1+dna, standalone value-phrase (מנוקה אוטומטית / thematic category)","high",""
"26d4e243-0375-4913-888b-5d1bf1a01a0f","ישועת אלהינו","sod1820","888","true","1","dna","מנוקה אוטומטית","","public_core","default:verified+Tier1+dna, standalone value-phrase (מנוקה אוטומטית / thematic category)","high",""
"43a321c5-fc62-4163-9c6b-af38a86b8d38","כי מלאכיו יצוה","sod1820","248","true","1","dna","מנוקה אוטומטית","","public_core","default:verified+Tier1+dna, standalone value-phrase (מנוקה אוטומטית / thematic category)","high",""
"ef5df955-f3f7-49d0-802c-ee00e989aec8","אינטרנט","entity_expansion_v1","329","true","3","","ישות","entity","thematic_corpus","default:100% node-linked entity, nodes.metadata.world populated (category col=generic ישות)","high","world:מודרני ומדע"
"4e9c389d-a5e6-4a62-ba90-b506b573a4d1","רובוט","entity_expansion_v1","223","true","3","","ישות","entity","thematic_corpus","default:100% node-linked entity, nodes.metadata.world populated (category col=generic ישות)","high","world:מודרני ומדע"
"f3380978-3116-4fda-bca7-334e080cf2ea","מימד חמש","sod1820","442","true","1","dna","מנוקה אוטומטית","","public_core","default:verified+Tier1+dna, standalone value-phrase (מנוקה אוטומטית / thematic category)","high",""
"e2f60ead-878a-4300-9c4c-5092e3ce1480","מלחמת עמלק ב","sod1820","760","true","1","dna","מנוקה אוטומטית","","public_core","default:verified+Tier1+dna, standalone value-phrase (מנוקה אוטומטית / thematic category)","high",""
"bad79fe7-79f1-4bb8-a919-2e6830db7623","קניתי איש את יהוה","sod1820","1308","true","1","dna","מנוקה אוטומטית","","public_core","default:verified+Tier1+dna, standalone value-phrase (מנוקה אוטומטית / thematic category)","high",""
"c66ab89f-47b3-4355-930a-76d52d3a6d24","קאזה מרוקו ב","sod1820","467","true","1","dna","מנוקה אוטומטית","","public_core","default:verified+Tier1+dna, standalone value-phrase (מנוקה אוטומטית / thematic category)","high",""
"263d674f-4de1-47b7-9364-698a00ebdb2a","רם יהוה","sod1820","266","true","1","dna","מנוקה אוטומטית","","public_core","default:verified+Tier1+dna, standalone value-phrase (מנוקה אוטומטית / thematic category)","high",""
"f1cc3747-d812-44e0-a780-c4529506d331","רעש אדמה","sod1820","620","true","1","dna","מנוקה אוטומטית","","public_core","default:verified+Tier1+dna, standalone value-phrase (מנוקה אוטומטית / thematic category)","high",""
"69f6d093-3d9f-4613-9212-9bcd3e4e89cd","בכתב בעל פה","sod1820","611","true","1","dna","מנוקה אוטומטית","","public_core","default:verified+Tier1+dna, standalone value-phrase (מנוקה אוטומטית / thematic category)","high",""
"f96e52ee-3db9-4b5e-bb19-5c7496c8927d","ב מדבר רבה","sod1820","455","true","1","dna","מנוקה אוטומטית","","public_core","default:verified+Tier1+dna, standalone value-phrase (מנוקה אוטומטית / thematic category)","high",""
"b23cbd87-218c-4714-8016-8e9c8af97e62","בצלמך אני","sod1820","243","true","1","dna","מנוקה אוטומטית","","public_core","default:verified+Tier1+dna, standalone value-phrase (מנוקה אוטומטית / thematic category)","high",""
"571970a1-097d-465a-9ee6-6d8f3784de0f","בית דוד","sod1820","426","true","1","dna","מנוקה אוטומטית","entity","public_core","default:verified+Tier1+dna, standalone value-phrase (מנוקה אוטומטית / thematic category)","high",""
"9c59db2b-304b-4719-9716-80f2b3546fb1","אש","entity_seed_v1","301","true","3","core","","entity","thematic_corpus","default:100% node-linked entity, nodes.metadata.world populated (category col empty but real theme exists)","high","world:טבע ויסודות"
"023e04d3-ba7e-48f8-ba87-f0f9bd1767d6","שמים","entity_seed_v1","390","true","3","core","","entity","thematic_corpus","default:100% node-linked entity, nodes.metadata.world populated (category col empty but real theme exists)","high","world:טבע ויסודות"
"137fd358-4b7e-4f0c-8f34-cc09c4ef7331","כף הקלע","sod1820","305","true","1","dna","מנוקה אוטומטית","","public_core","default:verified+Tier1+dna, standalone value-phrase (מנוקה אוטומטית / thematic category)","high",""
"19b17cd8-a64a-4cbc-8461-2a27aa7d783b","סוכות","entity_seed_v1","492","true","3","core","","entity","thematic_corpus","default:100% node-linked entity, nodes.metadata.world populated (category col empty but real theme exists)","high","world:חגים ומועדים"
"a1008669-f656-4528-8348-4b2823ca101f","מיקום הות","sod1820","607","true","1","dna","מנוקה אוטומטית","","public_core","default:verified+Tier1+dna, standalone value-phrase (מנוקה אוטומטית / thematic category)","high",""
"65f9b74e-e4e3-45fe-9a60-c8874115fc7e","נהר","entity_seed_v1","255","true","3","core","","entity","thematic_corpus","default:100% node-linked entity, nodes.metadata.world populated (category col empty but real theme exists)","high","world:טבע ויסודות"
"78077e1c-9683-4b35-9ebe-fc62f10cf390","חנוכה","entity_seed_v1","89","true","3","core","","entity","thematic_corpus","default:100% node-linked entity, nodes.metadata.world populated (category col empty but real theme exists)","high","world:חגים ומועדים"
"86aac67e-8331-47d4-b1db-f38ad5939d9c","אהרן חי","sod1820","274","true","1","dna","מנוקה אוטומטית","","public_core","default:verified+Tier1+dna, standalone value-phrase (מנוקה אוטומטית / thematic category)","high",""
"beacf5f1-b8c2-4ec7-8213-34572229aef3","יד","entity_seed_v1","14","true","3","core","","entity","thematic_corpus","default:100% node-linked entity, nodes.metadata.world populated (category col empty but real theme exists)","high","world:גוף האדם"
"e2641585-eac6-4ce6-a7e8-96bc9a974261","סנדלפון","entity_seed_v1","280","true","3","core","","entity","thematic_corpus","default:100% node-linked entity, nodes.metadata.world populated (category col empty but real theme exists)","high","world:מלאכים"
"91451de6-7d51-4939-a64f-d2941d7ae0a5","אלוה","entity_seed_v1","42","true","3","core","","entity","thematic_corpus","default:100% node-linked entity, nodes.metadata.world populated (category col empty but real theme exists)","high","world:שמות הקודש"
"922cc287-8653-49c8-af38-cfb766573280","משלי","entity_seed_v1","380","true","3","core","","entity","thematic_corpus","default:100% node-linked entity, nodes.metadata.world populated (category col empty but real theme exists)","high","world:ספרי קודש"
"c5892256-2c03-40c2-a497-d1dcbda14d8b","סוף הגלות","entity_expansion_v1","590","true","3","","ישות","entity","thematic_corpus","default:100% node-linked entity, nodes.metadata.world populated (category col=generic ישות)","high","world:גאולה"
"9102b73d-577a-4ead-a1a2-311feea2e3d8","גואל אחרון","entity_expansion_v1","305","true","3","","ישות","entity","thematic_corpus","default:100% node-linked entity, nodes.metadata.world populated (category col=generic ישות)","high","world:גאולה"
"1430bdde-4acf-49b8-9a95-286bc626fa58","עת קץ","entity_expansion_v1","660","true","3","","ישות","entity","thematic_corpus","default:100% node-linked entity, nodes.metadata.world populated (category col=generic ישות)","high","world:גאולה"
"6d70198b-d726-464e-b66f-296d8f1833f9","שיבת שבות","entity_expansion_v1","1420","true","3","","ישות","entity","thematic_corpus","default:100% node-linked entity, nodes.metadata.world populated (category col=generic ישות)","high","world:גאולה"
"7a34624c-548f-4868-849b-c62117c79653","ראשון ואחרון","sod1820","828","true","1","dna","מנוקה אוטומטית","","public_core","default:verified+Tier1+dna, standalone value-phrase (מנוקה אוטומטית / thematic category)","high",""
"e5840b2d-ff55-4718-8307-676a1cd14ba8","ועשה חסד לאלפים","sod1820","644","true","1","dna","מנוקה אוטומטית","","public_core","default:verified+Tier1+dna, standalone value-phrase (מנוקה אוטומטית / thematic category)","high",""
"53da3ff4-c999-4f05-a1e4-9ddb97c0f974","גןזהב","sod1820","67","true","1","dna","מנוקה אוטומטית","","public_core","default:verified+Tier1+dna, standalone value-phrase (מנוקה אוטומטית / thematic category)","high",""
"0c9d67eb-65ad-4719-8bc1-28620a4a3690","בחרת בי אחרי","sod1820","841","true","1","dna","מנוקה אוטומטית","","public_core","default:verified+Tier1+dna, standalone value-phrase (מנוקה אוטומטית / thematic category)","high",""
"8a4505af-3b01-46ec-803c-39e97a416419","שמעישראליהוהאלהינויהוהאחד","sod1820","1118","true","1","dna","פסוקי יסוד","","public_core","default:verified+Tier1+dna, standalone value-phrase (מנוקה אוטומטית / thematic category)","high",""
"24194661-3482-4ea8-a0d5-35f3d722a84f","רצפת האגן","sod1820","829","true","1","dna","מנוקה אוטומטית","","public_core","default:verified+Tier1+dna, standalone value-phrase (מנוקה אוטומטית / thematic category)","high",""
"e7878e8e-6146-44e2-a736-dc91baaac1e8","עד עת קץ","sod1820","734","true","1","dna","מנוקה אוטומטית","","public_core","default:verified+Tier1+dna, standalone value-phrase (מנוקה אוטומטית / thematic category)","high",""
"a7f27cc8-4433-47c2-b42b-7c095c95dede","סוד עולם הבא","sod1820","224","true","1","dna","מנוקה אוטומטית","","public_core","default:verified+Tier1+dna, standalone value-phrase (מנוקה אוטומטית / thematic category)","high",""
"0541b748-d172-4f8f-b010-b75c2d28547a","אמריקה צפון קוריאה","sod1820","904","true","1","dna","מנוקה אוטומטית","","public_core","default:verified+Tier1+dna, standalone value-phrase (מנוקה אוטומטית / thematic category)","high",""
"a4dbef41-439f-4a90-8642-83d2db82fc25","סובב עולם","sod1820","216","true","1","dna","מנוקה אוטומטית","entity","public_core","default:verified+Tier1+dna, standalone value-phrase (מנוקה אוטומטית / thematic category)","high",""
"85751861-9496-4523-9b44-bacb47b0cd6c","גואל ישן","sod1820","400","true","1","dna","מנוקה אוטומטית","","public_core","default:verified+Tier1+dna, standalone value-phrase (מנוקה אוטומטית / thematic category)","high",""
"beaaa4fc-bb90-44c4-a05b-a3f031e28d82","תקוות משיח","sod1820","1270","true","1","dna","מנוקה אוטומטית","entity","public_core","default:verified+Tier1+dna, standalone value-phrase (מנוקה אוטומטית / thematic category)","high",""
"9a1f1b3b-70f2-4b13-8bfc-7b6322d1efc4","חיבור נצחי","sod1820","384","true","1","dna","מנוקה אוטומטית","","public_core","default:verified+Tier1+dna, standalone value-phrase (מנוקה אוטומטית / thematic category)","high",""
"3afaf69f-7183-4efa-b854-88559d9a36d9","סוד תדר","sod1820","674","true","1","dna","מנוקה אוטומטית","","public_core","default:verified+Tier1+dna, standalone value-phrase (מנוקה אוטומטית / thematic category)","high",""
"24cbc594-f787-48d7-9df3-e9b269e8ba28","משיח הגיע","sod1820","446","true","1","dna","מנוקה אוטומטית","","public_core","default:verified+Tier1+dna, standalone value-phrase (מנוקה אוטומטית / thematic category)","high",""
"3f493611-d4af-4b5e-8a09-42f06902c6f7","מזמור לדויד","sod1820","347","true","1","dna","מנוקה אוטומטית","","public_core","default:verified+Tier1+dna, standalone value-phrase (מנוקה אוטומטית / thematic category)","high",""
"aa646de4-53ad-48a1-ab09-f969e3eed58f","תמר","entity_seed_v1","640","true","3","core","","entity","thematic_corpus","default:100% node-linked entity, nodes.metadata.world populated (category col empty but real theme exists)","high","world:שמות פרטיים"
"09314f9b-31d9-46ea-bb21-893e732465cc","אשור","entity_seed_v1","507","true","3","core","","entity","thematic_corpus","default:100% node-linked entity, nodes.metadata.world populated (category col empty but real theme exists)","high","world:אקטואליה ואומות"
"e03a5cf6-167d-4e4b-b4d5-19c6d310d60b","טילים","entity_seed_v1","99","true","3","core","","entity","thematic_corpus","default:100% node-linked entity, nodes.metadata.world populated (category col empty but real theme exists)","high","world:אירועי הזמן"
"756bd24b-6a0d-4113-8b3b-9dac84b1ad7a","בחירות","entity_seed_v1","626","true","3","core","","entity","thematic_corpus","default:100% node-linked entity, nodes.metadata.world populated (category col empty but real theme exists)","high","world:אירועי הזמן"
"bd54047d-bf09-4db5-b586-cdfbd0e0b339","אריאל","entity_seed_v1","242","true","3","core","","entity","thematic_corpus","default:100% node-linked entity, nodes.metadata.world populated (category col empty but real theme exists)","high","world:שמות פרטיים"
"d4976cb4-6f78-4a68-9a6c-5237279338e6","זלנסקי","entity_seed_v1","257","true","3","core","","entity","thematic_corpus","default:100% node-linked entity, nodes.metadata.world populated (category col empty but real theme exists)","high","world:דמויות בנות-זמננו"
"c0966159-28be-40b4-8c61-87e6953ead6f","תורכיה","entity_seed_v1","641","true","3","core","","entity","thematic_corpus","default:100% node-linked entity, nodes.metadata.world populated (category col empty but real theme exists)","high","world:אקטואליה ואומות"
"cfaa5eed-9845-4c3d-85f7-86d24b6149af","נועה","entity_seed_v1","131","true","3","core","","entity","thematic_corpus","default:100% node-linked entity, nodes.metadata.world populated (category col empty but real theme exists)","high","world:שמות פרטיים"
"d63be2bd-b38d-4add-aefc-f35553750861","סמוטריץ","entity_seed_v1","415","true","3","core","","entity","thematic_corpus","default:100% node-linked entity, nodes.metadata.world populated (category col empty but real theme exists)","high","world:דמויות בנות-זמננו"
"681eaa58-1688-4885-bdcc-860a731287bf","יוון","entity_seed_v1","72","true","3","core","","entity","thematic_corpus","default:100% node-linked entity, nodes.metadata.world populated (category col empty but real theme exists)","high","world:אקטואליה ואומות"
"639a231f-1068-4433-b04d-941dffdb6d13","איתי","entity_seed_v1","421","true","3","core","","entity","thematic_corpus","default:100% node-linked entity, nodes.metadata.world populated (category col empty but real theme exists)","high","world:שמות פרטיים"
"8e01ac46-a070-4665-8de0-b99f73475901","אל עליון","entity_seed_v1","197","true","3","core","","entity","thematic_corpus","default:100% node-linked entity, nodes.metadata.world populated (category col empty but real theme exists)","high","world:שמות הקודש"
"00d6543c-403e-4e77-9cf1-16dc3572ddcc","ארון הברית","entity_seed_v1","874","true","3","core","","entity","thematic_corpus","default:100% node-linked entity, nodes.metadata.world populated (category col empty but real theme exists)","high","world:צירופים קדושים"
"15cd2ac1-b9f9-4ae7-aedd-f37d2d1540b7","אריה שאג מי לא יירא","sod1820","822","true","1","dna","מנוקה אוטומטית","","public_core","default:verified+Tier1+dna, standalone value-phrase (מנוקה אוטומטית / thematic category)","high",""
"3defdda2-5d88-4372-8e20-9212f1730b30","מם של משיח","sod1820","768","true","1","dna","מנוקה אוטומטית","","public_core","default:verified+Tier1+dna, standalone value-phrase (מנוקה אוטומטית / thematic category)","high",""
"e3ca1a49-0c7c-4c7f-ab8e-90ce857b0f06","עם סתום","sod1820","616","true","1","dna","מנוקה אוטומטית","","public_core","default:verified+Tier1+dna, standalone value-phrase (מנוקה אוטומטית / thematic category)","high",""
"d2d3ebcf-8248-4f60-8234-2412a3069e29","זמן הגאולה","entity_seed_v1","147","true","3","core","","entity","thematic_corpus","default:100% node-linked entity, nodes.metadata.world populated (category col empty but real theme exists)","high","world:צירופים קדושים"
"f79dcd6a-b88c-496b-aec2-3d2389e0c8f0","חבלי משיח","entity_seed_v1","408","true","3","core","","entity","thematic_corpus","default:100% node-linked entity, nodes.metadata.world populated (category col empty but real theme exists)","high","world:אירועי הזמן"
"533dbc15-e4db-4485-a043-253afe713ef8","יהודה ושומרון","entity_seed_v1","638","true","3","core","","entity","thematic_corpus","default:100% node-linked entity, nodes.metadata.world populated (category col empty but real theme exists)","high","world:ארץ ועם"
"2dff618e-444f-4246-921a-240df86e06f1","יום כיפור","entity_seed_v1","372","true","3","core","","entity","thematic_corpus","default:100% node-linked entity, nodes.metadata.world populated (category col empty but real theme exists)","high","world:חגים ומועדים"
"3288cd92-dbd9-4ad5-a556-e73baae3e1d3","כסא הכבוד","entity_seed_v1","118","true","3","core","","entity","thematic_corpus","default:100% node-linked entity, nodes.metadata.world populated (category col empty but real theme exists)","high","world:צירופים קדושים"
"93cd59b9-181e-4799-897d-49452bfeae2e","הסמסרה","sod1820","370","true","1","dna","מנוקה אוטומטית","","public_core","default:verified+Tier1+dna, standalone value-phrase (מנוקה אוטומטית / thematic category)","high",""
"6f62696f-5cc4-41ea-8c3d-a99ea8887b7f","מציאות מדומה","entity_seed_v1","642","true","3","core","","entity","thematic_corpus","default:100% node-linked entity, nodes.metadata.world populated (category col empty but real theme exists)","high","world:מודרני ומדע"
"f5405bea-b57a-4f16-af92-3026e1e88667","נפש הבהמית","entity_seed_v1","892","true","3","core","","entity","thematic_corpus","default:100% node-linked entity, nodes.metadata.world populated (category col empty but real theme exists)","high","world:רפואה והחיים"
"fe90e37f-a231-483d-98cd-5d0c33c02b15","סוד הסודות","entity_seed_v1","551","true","3","core","","entity","thematic_corpus","default:100% node-linked entity, nodes.metadata.world populated (category col empty but real theme exists)","high","world:צירופים קדושים"
"33fa87ec-0634-44df-b65e-b7c88f03e1af","קיבוץ גלויות","entity_seed_v1","663","true","3","core","","entity","thematic_corpus","default:100% node-linked entity, nodes.metadata.world populated (category col empty but real theme exists)","high","world:אירועי הזמן"
"f0c00f7d-b96c-40a3-be2e-1d75b6657c14","רוח הקודש","entity_seed_v1","629","true","3","core","","entity","thematic_corpus","default:100% node-linked entity, nodes.metadata.world populated (category col empty but real theme exists)","high","world:צירופים קדושים"
"e9b5c988-d66e-4b17-a11a-748e51e1f12d","רפואה שלמה","entity_seed_v1","667","true","3","core","","entity","thematic_corpus","default:100% node-linked entity, nodes.metadata.world populated (category col empty but real theme exists)","high","world:רפואה והחיים"
"05d1e150-28df-4649-b536-26e65ca7e323","אכזבה אסתר","sod1820","696","true","1","dna","מנוקה אוטומטית","","public_core","default:verified+Tier1+dna, standalone value-phrase (מנוקה אוטומטית / thematic category)","high",""
"3ceb3977-fc73-4efc-9032-38969c55e977","אמת ויציב","sod1820","559","true","1","dna","מנוקה אוטומטית","","public_core","default:verified+Tier1+dna, standalone value-phrase (מנוקה אוטומטית / thematic category)","high",""
"8ce6f5ed-892f-4238-9bdc-b20dd250f322","אבל נובה","sod1820","96","true","1","dna","מנוקה אוטומטית","entity","public_core","default:verified+Tier1+dna, standalone value-phrase (מנוקה אוטומטית / thematic category)","high",""
"1ddd52d0-d247-48fc-ac9c-3b726fa3cfea","אל בני ישראל","sod1820","634","true","1","dna","מנוקה אוטומטית","","public_core","default:verified+Tier1+dna, standalone value-phrase (מנוקה אוטומטית / thematic category)","high",""
"0bb63d15-1d02-435d-a683-4d35187774a3","בן שכם חמור","sod1820","666","true","1","dna","מנוקה אוטומטית","","public_core","default:verified+Tier1+dna, standalone value-phrase (מנוקה אוטומטית / thematic category)","high",""
"b243c43b-b67c-43b0-93f1-4d528b0a1f44","גילוי יהוה","sod1820","85","true","1","dna","מנוקה אוטומטית","","public_core","default:verified+Tier1+dna, standalone value-phrase (מנוקה אוטומטית / thematic category)","high",""
"ec68d9ed-ae70-4045-987e-d594aabdbd70","אלמוג כהן","sod1820","155","true","1","dna","מנוקה אוטומטית","","public_core","default:verified+Tier1+dna, standalone value-phrase (מנוקה אוטומטית / thematic category)","high",""
"44fbef93-6854-45cb-8980-0b7c901e4d1c","אל השמש","sod1820","676","true","1","dna","מנוקה אוטומטית","","public_core","default:verified+Tier1+dna, standalone value-phrase (מנוקה אוטומטית / thematic category)","high",""
"7208d3f5-3fb9-4542-a133-7896c9aa98ca","גאולתך ב","sod1820","462","true","1","dna","מנוקה אוטומטית","","public_core","default:verified+Tier1+dna, standalone value-phrase (מנוקה אוטומטית / thematic category)","high",""
"1451f864-989e-4656-98eb-e2b66f8ec4b2","אראך","sod1820","222","true","1","dna","מנוקה אוטומטית","","public_core","default:verified+Tier1+dna, standalone value-phrase (מנוקה אוטומטית / thematic category)","high",""
"afab12ae-ca7f-4f2c-8170-870cb819b71a","דיבור חכמה","sod1820","295","true","1","dna","מנוקה אוטומטית","","public_core","default:verified+Tier1+dna, standalone value-phrase (מנוקה אוטומטית / thematic category)","high",""
"1d80f047-af40-4194-8a2f-56c6b0028013","איה מקום כבודו","sod1820","240","true","1","dna","מנוקה אוטומטית","entity","public_core","default:verified+Tier1+dna, standalone value-phrase (מנוקה אוטומטית / thematic category)","high",""
"1cec2493-84f5-47aa-9c58-e4fdd615a5e1","האל האחרון","sod1820","306","true","1","dna","מנוקה אוטומטית","entity","public_core","default:verified+Tier1+dna, standalone value-phrase (מנוקה אוטומטית / thematic category)","high",""
"f1ba62ce-9464-4213-9b62-fd39f9d28b1a","כב בתשרי תשפד","sod1820","1718","true","2","appendix","תיעוד אירועים","entity","research_package","exception:axis/mirror/anchor-cluster note (non-Tier1)","high","sod1820_event_oct7_1718"
"5d022025-2c69-4f5f-b880-c8d8893156ae","מקדש חדש","admin_curated","756","true","3","","מהחיפושים","","research_vocabulary","default:category=מהחיפושים (search-log derived), no node/notes, dictionary-grade","high",""
"ec1aeec1-285c-4122-bf2b-06bd61c2db9b","פסק זמן","admin_curated","337","true","3","","מהחיפושים","","research_vocabulary","default:category=מהחיפושים (search-log derived), no node/notes, dictionary-grade","high",""
"082e586c-5e03-4342-8408-ab1605341998","תדר משיח בי","sod1820","974","true","1","dna","מנוקה אוטומטית","entity","public_core","default:verified+Tier1+dna, standalone value-phrase (מנוקה אוטומטית / thematic category)","high",""
"36ff2862-7845-415c-a445-ada52e805b69","כסא דוד","sod1820","95","true","1","dna","מנוקה אוטומטית","entity","public_core","default:verified+Tier1+dna, standalone value-phrase (מנוקה אוטומטית / thematic category)","high",""
"d32e2772-532d-417b-a782-1862b3d19edb","כולכם","sod1820","116","true","1","dna","מנוקה אוטומטית","","public_core","default:verified+Tier1+dna, standalone value-phrase (מנוקה אוטומטית / thematic category)","high",""
"2e397a0f-e1a3-4d36-aac6-e806c77276f5","להאיר","sod1820","246","true","1","dna","מנוקה אוטומטית","","public_core","default:verified+Tier1+dna, standalone value-phrase (מנוקה אוטומטית / thematic category)","high",""
"0f069b41-6ed3-4a40-83e5-d0d735993409","ליבי","sod1820","52","true","1","dna","מנוקה אוטומטית","","public_core","default:verified+Tier1+dna, standalone value-phrase (מנוקה אוטומטית / thematic category)","high",""
"0f21582a-5496-47df-ad82-7175c3370404","לימוד","sod1820","90","true","1","dna","מנוקה אוטומטית","","public_core","default:verified+Tier1+dna, standalone value-phrase (מנוקה אוטומטית / thematic category)","high",""
"1a860e19-6617-44b5-920a-9404a5ac4795","ממלכתי","sod1820","540","true","1","dna","מנוקה אוטומטית","","public_core","default:verified+Tier1+dna, standalone value-phrase (מנוקה אוטומטית / thematic category)","high",""
"3038c058-7af9-484d-b237-e5dee1f51df3","ישכילו זאת","sod1820","784","true","1","dna","מנוקה אוטומטית","","public_core","default:verified+Tier1+dna, standalone value-phrase (מנוקה אוטומטית / thematic category)","high",""
"b210d9dd-117f-4b61-8529-90f7a2fb7c5e","כאב רוחני","sod1820","297","true","1","dna","מנוקה אוטומטית","","public_core","default:verified+Tier1+dna, standalone value-phrase (מנוקה אוטומטית / thematic category)","high",""
"b4f548ae-009e-4f7b-aa1c-1eab805efac6","מחשב","sod1820","350","true","1","dna","מנוקה אוטומטית","entity","public_core","default:verified+Tier1+dna, standalone value-phrase (מנוקה אוטומטית / thematic category)","high",""
"1efa97ae-774a-4293-89cb-605746b105d4","לפני","sod1820","170","true","1","dna","מנוקה אוטומטית","","public_core","default:verified+Tier1+dna, standalone value-phrase (מנוקה אוטומטית / thematic category)","high",""
"5ab3b0fb-adcb-4a1f-80c9-a0cd9246942a","מיאתה","sod1820","456","true","1","dna","מנוקה אוטומטית","","public_core","default:verified+Tier1+dna, standalone value-phrase (מנוקה אוטומטית / thematic category)","high",""
"919cedc8-217d-4111-b7f3-46db8ed9d53f","מכונה","sod1820","121","true","1","dna","מנוקה אוטומטית","","public_core","default:verified+Tier1+dna, standalone value-phrase (מנוקה אוטומטית / thematic category)","high",""
"8973e757-cef6-48bc-8df8-2c79e375b3d6","מניפולציה","sod1820","321","true","1","dna","מנוקה אוטומטית","","public_core","default:verified+Tier1+dna, standalone value-phrase (מנוקה אוטומטית / thematic category)","high",""
"c17c7831-d499-4ea9-8521-9a38a52ef662","מראה","sod1820","246","true","1","dna","מנוקה אוטומטית","","public_core","default:verified+Tier1+dna, standalone value-phrase (מנוקה אוטומטית / thematic category)","high",""
"3c211f6e-805c-44c2-a881-f740a75e879b","משיחי","sod1820","368","true","1","dna","מנוקה אוטומטית","","public_core","default:verified+Tier1+dna, standalone value-phrase (מנוקה אוטומטית / thematic category)","high",""
"8244de4e-ee4d-4f45-9f1e-ccb8b90ec18a","משפחתי","sod1820","838","true","1","dna","מנוקה אוטומטית","","public_core","default:verified+Tier1+dna, standalone value-phrase (מנוקה אוטומטית / thematic category)","high",""
"7ab58b07-d885-4130-9b20-a5b62ffc56ad","נזכר","sod1820","277","true","1","dna","מנוקה אוטומטית","","public_core","default:verified+Tier1+dna, standalone value-phrase (מנוקה אוטומטית / thematic category)","high",""
"a3b1048d-2cf0-422f-8589-ad21bddbcdb9","נקבה","sod1820","157","true","1","dna","מנוקה אוטומטית","","public_core","default:verified+Tier1+dna, standalone value-phrase (מנוקה אוטומטית / thematic category)","high",""
"03cee545-a0c3-484e-86cd-3408144067d7","משימת לילית","sod1820","1270","true","1","dna","מנוקה אוטומטית","","public_core","default:verified+Tier1+dna, standalone value-phrase (מנוקה אוטומטית / thematic category)","high",""
"60d071a6-5f6b-437a-bc07-c34b4208d34f","נגמר הסבל","sod1820","390","true","1","dna","מנוקה אוטומטית","","public_core","default:verified+Tier1+dna, standalone value-phrase (מנוקה אוטומטית / thematic category)","high",""
"55048fc3-70c4-4d42-b20b-a1c4d805dad6","איש האלהים משיחך","sod1820","780","true","1","dna","מנוקה אוטומטית","","public_core","default:verified+Tier1+dna, standalone value-phrase (מנוקה אוטומטית / thematic category)","high",""
"41a8f1f6-0ca9-45a5-a60d-b7010e03f71a","דוד","sod1820","14","true","1","dna","מלכות","entity","public_core","default:verified+Tier1+dna, standalone value-phrase (מנוקה אוטומטית / thematic category)","high",""
"8d32b2b2-916e-43e6-a9cb-0f90c91e71d2","בטבעת המלך","sod1820","578","true","1","dna","מנוקה אוטומטית","","public_core","default:verified+Tier1+dna, standalone value-phrase (מנוקה אוטומטית / thematic category)","high",""
"dd0795e0-b1f3-4603-bb55-04a1fa4fbdc5","באטבח","sod1820","22","true","1","dna","מנוקה אוטומטית","","public_core","default:verified+Tier1+dna, standalone value-phrase (מנוקה אוטומטית / thematic category)","high",""
"4891eb7a-6f6e-440c-99f7-523c266e671b","אות אמת","sod1820","848","true","1","dna","מנוקה אוטומטית","","public_core","default:verified+Tier1+dna, standalone value-phrase (מנוקה אוטומטית / thematic category)","high",""
"a10ef84a-40e6-492b-b4dc-56002796eb72","איזון אדם","sod1820","119","true","1","dna","מנוקה אוטומטית","","public_core","default:verified+Tier1+dna, standalone value-phrase (מנוקה אוטומטית / thematic category)","high",""
"e7d9e7c8-bd15-48a3-82e8-2888e03bc1a9","בוא המשיח","sod1820","372","true","1","dna","מנוקה אוטומטית","","public_core","default:verified+Tier1+dna, standalone value-phrase (מנוקה אוטומטית / thematic category)","high",""
"bc71f781-ec54-4695-8509-baa83ddfb72a","איראני","sod1820","272","true","1","dna","מנוקה אוטומטית","","public_core","default:verified+Tier1+dna, standalone value-phrase (מנוקה אוטומטית / thematic category)","high",""
"6fad67eb-c808-4119-9c5a-3c7167822572","אין לחם","sod1820","139","true","1","dna","מנוקה אוטומטית","","public_core","default:verified+Tier1+dna, standalone value-phrase (מנוקה אוטומטית / thematic category)","high",""
"f18b85cc-08eb-4a5e-abb1-f40d31a5974b","אין תאריך","sod1820","692","true","1","dna","מנוקה אוטומטית","","public_core","default:verified+Tier1+dna, standalone value-phrase (מנוקה אוטומטית / thematic category)","high",""
"194d550c-ca48-4954-bc3b-4043e086be3a","תוכנית אלהים","sod1820","972","true","1","dna","מנוקה אוטומטית","","public_core","default:verified+Tier1+dna, standalone value-phrase (מנוקה אוטומטית / thematic category)","high",""
"d06feb68-ea72-4b97-ad75-07ac141b2afc","באוסת","sod1820","469","true","1","dna","מנוקה אוטומטית","","public_core","default:verified+Tier1+dna, standalone value-phrase (מנוקה אוטומטית / thematic category)","high",""
"18420a58-38fe-4953-8578-f229779256b3","זרע יורה כחץ","sod1820","616","true","1","dna","מנוקה אוטומטית","","public_core","default:verified+Tier1+dna, standalone value-phrase (מנוקה אוטומטית / thematic category)","high",""
"8eea8d6e-c8d6-464c-84c2-3b8b0d0bfe5e","לי לב של אבן","sod1820","455","true","1","dna","מנוקה אוטומטית","","public_core","default:verified+Tier1+dna, standalone value-phrase (מנוקה אוטומטית / thematic category)","high",""
"5b661c0f-9142-420d-b88c-e451f27a8954","סוד אחרי","sod1820","289","true","1","dna","מנוקה אוטומטית","","public_core","default:verified+Tier1+dna, standalone value-phrase (מנוקה אוטומטית / thematic category)","high",""
"61277d6e-063f-46f9-a282-e43a853a0b76","סוד שערי צדק","sod1820","844","true","1","dna","מנוקה אוטומטית","","public_core","default:verified+Tier1+dna, standalone value-phrase (מנוקה אוטומטית / thematic category)","high",""
"1419cfeb-505a-4a69-9175-1612e1b79234","סיפוק","sod1820","256","true","1","dna","מנוקה אוטומטית","","public_core","default:verified+Tier1+dna, standalone value-phrase (מנוקה אוטומטית / thematic category)","high",""
"d569df7d-4f22-454e-9e68-4fd0bd824e22","עוזר","sod1820","283","true","1","dna","מנוקה אוטומטית","","public_core","default:verified+Tier1+dna, standalone value-phrase (מנוקה אוטומטית / thematic category)","high",""
"d634aa2b-8de7-414e-9c97-f0e82ec63973","פאדיחה","sod1820","108","true","1","dna","מנוקה אוטומטית","","public_core","default:verified+Tier1+dna, standalone value-phrase (מנוקה אוטומטית / thematic category)","high",""
"4aace7e1-0d0c-4204-9675-2447a82d9ed1","פורטל","sod1820","325","true","1","dna","מנוקה אוטומטית","","public_core","default:verified+Tier1+dna, standalone value-phrase (מנוקה אוטומטית / thematic category)","high",""
"7ca2746d-b5c1-47dc-9a9a-85aa9d2de1ae","פורת","sod1820","686","true","1","dna","מנוקה אוטומטית","","public_core","default:verified+Tier1+dna, standalone value-phrase (מנוקה אוטומטית / thematic category)","high",""
"8c39ea31-c888-4e49-a042-b92300a47c0a","פתיחת","sod1820","898","true","1","dna","מנוקה אוטומטית","","public_core","default:verified+Tier1+dna, standalone value-phrase (מנוקה אוטומטית / thematic category)","high",""
"9660bf5d-eae3-4280-a964-aaf5702de2c2","צליל","sod1820","160","true","1","dna","מנוקה אוטומטית","","public_core","default:verified+Tier1+dna, standalone value-phrase (מנוקה אוטומטית / thematic category)","high",""
"cd735bd7-3e10-40b9-ae56-e590709a1a15","קבוצה","sod1820","203","true","1","dna","מנוקה אוטומטית","","public_core","default:verified+Tier1+dna, standalone value-phrase (מנוקה אוטומטית / thematic category)","high",""
"01f4bfca-9277-456e-aa10-61dcb3ea395d","קטטה","sod1820","123","true","1","dna","מנוקה אוטומטית","","public_core","default:verified+Tier1+dna, standalone value-phrase (מנוקה אוטומטית / thematic category)","high",""
"4f8daeee-50a7-40b8-a152-f15a1cbc7bdc","שאיבה","sod1820","318","true","1","dna","מנוקה אוטומטית","","public_core","default:verified+Tier1+dna, standalone value-phrase (מנוקה אוטומטית / thematic category)","high",""
"e8d216ff-b3de-4af3-aa4f-cbc0c17acbca","צמח דוד רת","sod1820","752","true","1","dna","מנוקה אוטומטית","","public_core","default:verified+Tier1+dna, standalone value-phrase (מנוקה אוטומטית / thematic category)","high",""
"a1656908-cc14-47cd-98b8-6f9deb615618","רגיל רת","sod1820","843","true","1","dna","מנוקה אוטומטית","","public_core","default:verified+Tier1+dna, standalone value-phrase (מנוקה אוטומטית / thematic category)","high",""
"c06ad16b-9a88-43cb-b4a8-cb112718d834","שכינתו","sod1820","786","true","1","dna","מנוקה אוטומטית","","public_core","default:verified+Tier1+dna, standalone value-phrase (מנוקה אוטומטית / thematic category)","high",""
"bfda99b8-f5dd-4486-9a74-fec23c686f28","רבקה מלכה","sod1820","402","true","1","dna","מנוקה אוטומטית","","public_core","default:verified+Tier1+dna, standalone value-phrase (מנוקה אוטומטית / thematic category)","high",""
"b80e8bf6-5c11-4137-8f52-241db8e108dd","שמחה","sod1820","353","true","1","dna","מנוקה אוטומטית","entity","public_core","default:verified+Tier1+dna, standalone value-phrase (מנוקה אוטומטית / thematic category)","high",""
"a3fb96be-33fc-4a49-b447-ad182a06bb78","אחת ארבע שבע ושתיים","sod1820","1820","true","1","dna","מנוקה אוטומטית","","public_core","default:verified+Tier1+dna, standalone value-phrase (מנוקה אוטומטית / thematic category)","high",""
"a85bf238-a92f-46c2-adf0-5f07c5575198","שרשיו יפרה","sod1820","1111","true","1","dna","מנוקה אוטומטית","","public_core","default:verified+Tier1+dna, standalone value-phrase (מנוקה אוטומטית / thematic category)","high",""
"0cca5b80-7e28-4d5e-ad14-d300ee4efadf","סוף הדת הגיע","sod1820","643","true","1","dna","מנוקה אוטומטית","","public_core","default:verified+Tier1+dna, standalone value-phrase (מנוקה אוטומטית / thematic category)","high",""
"42dbce56-c6d1-4396-95d5-819324707142","קץ איראן","sod1820","452","true","1","dna","מנוקה אוטומטית","","public_core","default:verified+Tier1+dna, standalone value-phrase (מנוקה אוטומטית / thematic category)","high",""
"f77e1782-5607-48d1-9320-f37e7370a461","מלכי ארץ","sod1820","391","true","1","dna","מנוקה אוטומטית","","public_core","default:verified+Tier1+dna, standalone value-phrase (מנוקה אוטומטית / thematic category)","high",""
"22a2a592-b193-488c-8dc6-f89d58224529","אני אל השמש","sod1820","737","true","1","dna","מנוקה אוטומטית","","public_core","default:verified+Tier1+dna, standalone value-phrase (מנוקה אוטומטית / thematic category)","high",""
"828a33eb-9073-41d4-b94a-847aad753b64","ביאתו ב אטבח","sod1820","441","false","1","dna","מנוקה אוטומטית","","public_core","default:verified+Tier1+dna, standalone value-phrase (מנוקה אוטומטית / thematic category)","high",""
"5c91d84a-84a9-456f-8f8f-591887b00f92","דיקטטורה","sod1820","343","true","1","dna","מנוקה אוטומטית","","public_core","default:verified+Tier1+dna, standalone value-phrase (מנוקה אוטומטית / thematic category)","high",""
"116eb745-4f25-4ee1-b373-a5867a6c898e","גואלו","sod1820","46","true","1","dna","מנוקה אוטומטית","","public_core","default:verified+Tier1+dna, standalone value-phrase (מנוקה אוטומטית / thematic category)","high",""
"210b3420-50fd-4e34-a0f0-4da55e687618","דרגתי","sod1820","617","true","1","dna","מנוקה אוטומטית","","public_core","default:verified+Tier1+dna, standalone value-phrase (מנוקה אוטומטית / thematic category)","high",""
"14738a45-1161-4843-aa5e-2a09e7555676","דתים","sod1820","454","true","1","dna","מנוקה אוטומטית","","public_core","default:verified+Tier1+dna, standalone value-phrase (מנוקה אוטומטית / thematic category)","high",""
"cae005ae-264c-4424-a635-538d148322ef","תיקון דלילה","sod1820","645","true","1","dna","מנוקה אוטומטית","","public_core","default:verified+Tier1+dna, standalone value-phrase (מנוקה אוטומטית / thematic category)","high",""
"51871d34-48b9-4e89-82ea-b4ef182f9ff5","נצחון עמלק","sod1820","444","true","1","dna","מנוקה אוטומטית","","public_core","default:verified+Tier1+dna, standalone value-phrase (מנוקה אוטומטית / thematic category)","high",""
"0051288d-362f-49e4-90d6-f5d4c026e027","אמרו בגוים יהוה מלך","sod1820","424","true","1","dna","מנוקה אוטומטית","","public_core","default:verified+Tier1+dna, standalone value-phrase (מנוקה אוטומטית / thematic category)","high",""
"eb666396-e8d4-498b-b9c8-50c559c3ea78","טומאה","entity_seed_v1","61","true","3","core","","entity","thematic_corpus","default:100% node-linked entity, nodes.metadata.world populated (category col empty but real theme exists)","high","world:צל וסטרא אחרא"
"91c93515-ce5e-4ffe-9fea-618574615115","קרשת","sod1820","1000","true","1","dna","מנוקה אוטומטית","","public_core","default:verified+Tier1+dna, standalone value-phrase (מנוקה אוטומטית / thematic category)","high",""
"9bb8883a-cf3a-4972-9c4a-0e837f4c4799","גיהנום","entity_seed_v1","114","true","3","core","","entity","thematic_corpus","default:100% node-linked entity, nodes.metadata.world populated (category col empty but real theme exists)","high","world:צל וסטרא אחרא"
"c0953f56-170a-4add-bb88-d46fd4e164ec","משחק השכינה","sod1820","838","true","1","dna","מנוקה אוטומטית","","public_core","default:verified+Tier1+dna, standalone value-phrase (מנוקה אוטומטית / thematic category)","high",""
"ac3b7dcf-6ab2-4d64-afa8-e7eda3a4a85f","זקן בא בימים","sod1820","262","true","1","dna","מנוקה אוטומטית","","public_core","default:verified+Tier1+dna, standalone value-phrase (מנוקה אוטומטית / thematic category)","high",""
"24f8e395-bcbb-4657-aad2-04b9b2bdd14f","קליפה","entity_seed_v1","225","true","3","core","","entity","thematic_corpus","default:100% node-linked entity, nodes.metadata.world populated (category col empty but real theme exists)","high","world:צל וסטרא אחרא"
"c9258f42-5194-4b5e-bf4a-a3ca9bea19b1","משכן הקבע","sod1820","587","true","1","dna","מנוקה אוטומטית","","public_core","default:verified+Tier1+dna, standalone value-phrase (מנוקה אוטומטית / thematic category)","high",""
"f5d5b3e5-d053-4150-b076-3bd30d7ee018","מסלול משיח","sod1820","524","true","1","dna","מנוקה אוטומטית","","public_core","default:verified+Tier1+dna, standalone value-phrase (מנוקה אוטומטית / thematic category)","high",""
"d0c1d96b-36ea-4bca-9201-67cd33223b1f","הפעלת נשמתי","sod1820","1385","true","1","dna","מנוקה אוטומטית","","public_core","default:verified+Tier1+dna, standalone value-phrase (מנוקה אוטומטית / thematic category)","high",""
"50a95cc0-842c-48f2-a993-0c2f4ecd10fc","חושך","entity_seed_v1","334","true","3","core","","entity","thematic_corpus","default:100% node-linked entity, nodes.metadata.world populated (category col empty but real theme exists)","high","world:מלחמה ותיקון"
"2e675181-5a65-4d1c-9afb-7a50950cdfcd","מוות","entity_seed_v1","452","true","3","core","","entity","thematic_corpus","default:100% node-linked entity, nodes.metadata.world populated (category col empty but real theme exists)","high","world:צל וסטרא אחרא"
"a0beb9d5-1e9a-48ec-bac5-dd7d8478ec4f","ולא ידעו כי רפאתים","sod1820","888","true","1","dna","מנוקה אוטומטית","","public_core","default:verified+Tier1+dna, standalone value-phrase (מנוקה אוטומטית / thematic category)","high",""
"2372517e-a081-40c8-9853-361c833569be","יהוה מלך ירגזו עמים","sod1820","502","true","1","dna","מנוקה אוטומטית","","public_core","default:verified+Tier1+dna, standalone value-phrase (מנוקה אוטומטית / thematic category)","high",""
"082a518f-d12f-4dbf-b65c-20e1956953ad","לילית","entity_seed_v1","480","true","3","core","","entity","thematic_corpus","default:100% node-linked entity, nodes.metadata.world populated (category col empty but real theme exists)","high","world:צל וסטרא אחרא"
"2251dc28-65dd-4307-85fe-0f44197fdc10","ציור אלוהי","sod1820","358","true","1","dna","מנוקה אוטומטית","","public_core","default:verified+Tier1+dna, standalone value-phrase (מנוקה אוטומטית / thematic category)","high",""
"48dd1264-ec75-4f9f-baf8-a56182795fee","אתה הוא יהוה בגוף גשמי","sod1820","888","true","1","dna","מנוקה אוטומטית","","public_core","default:verified+Tier1+dna, standalone value-phrase (מנוקה אוטומטית / thematic category)","high",""
"39f289f1-b826-4c1e-91ac-81450ef42065","את לילית","sod1820","881","true","1","dna","מנוקה אוטומטית","","public_core","default:verified+Tier1+dna, standalone value-phrase (מנוקה אוטומטית / thematic category)","high",""
"08403bb5-3675-48f4-bffd-0754659c4983","רשע","entity_seed_v1","570","true","3","core","","entity","thematic_corpus","default:100% node-linked entity, nodes.metadata.world populated (category col empty but real theme exists)","high","world:צל וסטרא אחרא"
"b074bf98-61b6-487f-a642-d914edc52199","נהראור סרפיאל","sod1820","843","true","1","dna","מנוקה אוטומטית","","public_core","default:verified+Tier1+dna, standalone value-phrase (מנוקה אוטומטית / thematic category)","high",""
"a934756c-be87-4d5b-a7d6-6b21c5c50c6f","יהוה שטן","sod1820","385","true","1","dna","מנוקה אוטומטית","","public_core","default:verified+Tier1+dna, standalone value-phrase (מנוקה אוטומטית / thematic category)","high",""
"da36eaea-efa5-43e8-ab7e-e7209b3304de","תיקון שאול כאן","sod1820","974","true","1","dna","מנוקה אוטומטית","","public_core","default:verified+Tier1+dna, standalone value-phrase (מנוקה אוטומטית / thematic category)","high",""
"a9cdbdf5-8b94-4501-8a7e-fb1833178918","חשוך לי","sod1820","374","true","1","dna","מנוקה אוטומטית","","public_core","default:verified+Tier1+dna, standalone value-phrase (מנוקה אוטומטית / thematic category)","high",""
"edf64bca-d6fc-46be-af09-c435473370c8","שמש צדקה ומרפא בכנפיה","sod1820","1333","true","1","dna","מנוקה אוטומטית","","public_core","default:verified+Tier1+dna, standalone value-phrase (מנוקה אוטומטית / thematic category)","high",""
"b154d24d-05cf-46f1-9fc2-46efb7cb5475","ויהי אלהים עמך","sod1820","247","true","1","dna","מנוקה אוטומטית","","public_core","default:verified+Tier1+dna, standalone value-phrase (מנוקה אוטומטית / thematic category)","high",""
"874521ec-f1a8-44a9-8f04-8e00c769dbcf","משיח גאולה בתל אביב","sod1820","850","true","1","dna","מנוקה אוטומטית","","public_core","default:verified+Tier1+dna, standalone value-phrase (מנוקה אוטומטית / thematic category)","high",""
"b4983ec9-5864-4223-8313-262fff9c751c","תבל רגזה ותרעש הארץ","sod1820","1919","true","1","dna","מנוקה אוטומטית","","public_core","default:verified+Tier1+dna, standalone value-phrase (מנוקה אוטומטית / thematic category)","high",""
"c3107461-447d-4692-a9cb-0480219e949e","עולם פנימי","sod1820","336","true","1","dna","מנוקה אוטומטית","","public_core","default:verified+Tier1+dna, standalone value-phrase (מנוקה אוטומטית / thematic category)","high",""
"367ffb28-43b5-4e3e-ba88-c182373cae73","פשט רמז דרש סוד","sod1820","1210","true","1","dna","מנוקה אוטומטית","","public_core","default:verified+Tier1+dna, standalone value-phrase (מנוקה אוטומטית / thematic category)","high",""
"2a851577-cea0-4427-93e6-d1488e8b73f9","מי משיח בן דוד","sod1820","474","true","1","dna","מנוקה אוטומטית","","public_core","default:verified+Tier1+dna, standalone value-phrase (מנוקה אוטומטית / thematic category)","high",""
"61e1a201-3005-45b8-ba5c-e0ecfe80923f","גן עדן זה כאן","sod1820","260","true","1","dna","מנוקה אוטומטית","","public_core","default:verified+Tier1+dna, standalone value-phrase (מנוקה אוטומטית / thematic category)","high",""
"7a6f7e58-ad6d-4d2d-b158-cd8814c0299b","מי משכיל","sod1820","450","true","1","dna","מנוקה אוטומטית","","public_core","default:verified+Tier1+dna, standalone value-phrase (מנוקה אוטומטית / thematic category)","high",""
"725e7b47-012c-4a56-8592-8cea627e5943","משיח ר יפ","sod1820","648","true","1","dna","מנוקה אוטומטית","","public_core","default:verified+Tier1+dna, standalone value-phrase (מנוקה אוטומטית / thematic category)","high",""
"c44eb5e8-1a30-4fdb-a3f9-8f9786b95fe8","המשיח בו","sod1820","371","true","1","dna","מנוקה אוטומטית","","public_core","default:verified+Tier1+dna, standalone value-phrase (מנוקה אוטומטית / thematic category)","high",""
"b30b9bf5-b598-4f7d-b748-637d659d1900","הדרכה מהטבע","sod1820","360","true","1","dna","מנוקה אוטומטית","","public_core","default:verified+Tier1+dna, standalone value-phrase (מנוקה אוטומטית / thematic category)","high",""
"88401e52-801d-416e-9c41-d90d39ae9739","יהוה אדני","sod1820","91","true","1","dna","מנוקה אוטומטית","","public_core","default:verified+Tier1+dna, standalone value-phrase (מנוקה אוטומטית / thematic category)","high",""
"783d90b9-c8ee-4061-a899-83db6414d011","יש גם דם","sod1820","397","true","1","dna","מנוקה אוטומטית","","public_core","default:verified+Tier1+dna, standalone value-phrase (מנוקה אוטומטית / thematic category)","high",""
"0fc3caa9-3dd2-4fe3-83c1-ca22f7a552fc","יהוה שולח","sod1820","370","true","1","dna","מנוקה אוטומטית","","public_core","default:verified+Tier1+dna, standalone value-phrase (מנוקה אוטומטית / thematic category)","high",""
"9b73fcb9-71fe-4f00-b611-07a4c3324505","יהוה מצפצ","sod1820","326","true","1","dna","מנוקה אוטומטית","","public_core","default:verified+Tier1+dna, standalone value-phrase (מנוקה אוטומטית / thematic category)","high",""
"6e716601-abcd-4057-9602-79611654d2c4","השכמה","sod1820","370","true","1","dna","מנוקה אוטומטית","","public_core","default:verified+Tier1+dna, standalone value-phrase (מנוקה אוטומטית / thematic category)","high",""
"f85985de-afca-4ecb-9c5e-5d56df16b1a0","זכר נקבה","sod1820","384","true","1","dna","מנוקה אוטומטית","","public_core","default:verified+Tier1+dna, standalone value-phrase (מנוקה אוטומטית / thematic category)","high",""
"48084971-b9c6-44d3-a508-5a4e9ac885c4","זכור משושל","sod1820","909","true","1","dna","מנוקה אוטומטית","","public_core","default:verified+Tier1+dna, standalone value-phrase (מנוקה אוטומטית / thematic category)","high",""
"68dece06-1788-4cbc-be81-5ce8a849915b","חיזור אלהי","sod1820","277","true","1","dna","מנוקה אוטומטית","","public_core","default:verified+Tier1+dna, standalone value-phrase (מנוקה אוטומטית / thematic category)","high",""
"952c40fb-8443-41b7-b7cc-21e1de3852c3","קושי","sod1820","416","true","1","dna","מנוקה אוטומטית","","public_core","default:verified+Tier1+dna, standalone value-phrase (מנוקה אוטומטית / thematic category)","high",""
"be4448a3-c10c-42cb-a27a-0de36fd79db3","אלהים ברא","sod1820","289","true","1","dna","מנוקה אוטומטית","","public_core","default:verified+Tier1+dna, standalone value-phrase (מנוקה אוטומטית / thematic category)","high",""
"4fbf09d7-1189-49f2-8e73-20ae67f6b082","השמש היא","sod1820","661","true","1","dna","מנוקה אוטומטית","","public_core","default:verified+Tier1+dna, standalone value-phrase (מנוקה אוטומטית / thematic category)","high",""
"28af03cd-3674-4126-b242-068685fbacf7","אור הגנוז","entity_seed_v1","278","true","3","core","","entity","thematic_corpus","default:100% node-linked entity, nodes.metadata.world populated (category col empty but real theme exists)","high","world:צירופים קדושים"
"6e6d6e4f-aeae-420c-b1d4-e479527d4d49","ויאמר הגאל","sod1820","296","true","1","dna","מנוקה אוטומטית","","public_core","default:verified+Tier1+dna, standalone value-phrase (מנוקה אוטומטית / thematic category)","high",""
"7191a112-a0a7-4155-8574-993580eb20d4","טיפול","sod1820","135","true","1","dna","מנוקה אוטומטית","","public_core","default:verified+Tier1+dna, standalone value-phrase (מנוקה אוטומטית / thematic category)","high",""
"8a9975fc-1351-410e-ad1a-90005d0e5983","חלק אלוה ממעל","sod1820","360","true","1","dna","מנוקה אוטומטית","","public_core","default:verified+Tier1+dna, standalone value-phrase (מנוקה אוטומטית / thematic category)","high",""
"9feacbbd-f115-4ac3-afe0-50f7c51b5b82","יכירו וידעו כל יושבי תבל","entity_expansion_v1","1152","true","3","","ישות","entity","thematic_corpus","default:100% node-linked entity, nodes.metadata.world populated (category col=generic ישות)","high","world:גאולה"
"060b336b-11b4-4307-8abd-2680a519cee1","תורת הצופן","sod1820","1237","true","1","dna","מנוקה אוטומטית","","public_core","default:verified+Tier1+dna, standalone value-phrase (מנוקה אוטומטית / thematic category)","high",""
"6caf93e6-9144-49c9-8f0c-0bb15a00a976","עידן זנה סוד","sod1820","266","true","1","dna","מנוקה אוטומטית","","public_core","default:verified+Tier1+dna, standalone value-phrase (מנוקה אוטומטית / thematic category)","high",""
"3032e6a3-52a4-4101-b7af-41c257131bac","נולדתי מתוך החורבן","admin_curated","1237","true","3","","מהחיפושים","","research_vocabulary","default:category=מהחיפושים (search-log derived), no node/notes, dictionary-grade","high",""
"5371b12a-ca26-4ff0-9265-9af7dddcf663","בני ישמעאל אחרית הימים","sod1820","1237","true","1","dna","מנוקה אוטומטית","","public_core","default:verified+Tier1+dna, standalone value-phrase (מנוקה אוטומטית / thematic category)","high",""
"dc807025-52dc-4146-a570-cc2350ee3b69","כה אמר יהוה אלהי ישראל עליך ברוך","sod1820","1237","true","1","dna","מנוקה אוטומטית","","public_core","default:verified+Tier1+dna, standalone value-phrase (מנוקה אוטומטית / thematic category)","high",""
"f64a6d30-956a-4c4d-b021-60236560ed0c","אבוא בניסן","sod1820","182","true","1","dna","מנוקה אוטומטית","","public_core","default:verified+Tier1+dna, standalone value-phrase (מנוקה אוטומטית / thematic category)","high",""
"b3b88373-0a3a-40c0-87cd-7940c83d5448","בין הבתרים שבועת גאולה לאברהם","admin_curated","1820","true","3","","מהחיפושים","","public_core","exception:ragil=1820, matches site flagship number directly","high",""
"cc262882-1d49-4d92-8775-dc477a5d7af0","אחשב לכם","admin_curated","401","true","3","","מהחיפושים","","research_vocabulary","default:category=מהחיפושים (search-log derived), no node/notes, dictionary-grade","high",""
"78133779-8188-483e-a018-95d0b815f63c","מכתם לדוד שמרני אל כי חסיתי בך","admin_curated","1715","true","3","","מהחיפושים","","research_vocabulary","default:category=מהחיפושים (search-log derived), no node/notes, dictionary-grade","high",""
"beaae8cd-f03b-4374-92ea-372584b3ba4d","מכתם לדוד שמרני אל כי חסיתי","admin_curated","1693","true","3","","מהחיפושים","","research_vocabulary","default:category=מהחיפושים (search-log derived), no node/notes, dictionary-grade","high",""
"1fdb49e1-b5d3-4449-9d3a-2c4c9f6fcc96","מקצץ דין","admin_curated","384","true","3","","מהחיפושים","","research_vocabulary","default:category=מהחיפושים (search-log derived), no node/notes, dictionary-grade","high",""
"179f344d-d144-47c6-98c9-5cc55caba88e","רגשי ומעשי","admin_curated","939","true","3","","מהחיפושים","","research_vocabulary","default:category=מהחיפושים (search-log derived), no node/notes, dictionary-grade","high",""
"24468268-b67d-4fc0-8d70-29ce322019f4","רגשי","admin_curated","513","true","3","","מהחיפושים","","research_vocabulary","default:category=מהחיפושים (search-log derived), no node/notes, dictionary-grade","high",""
"d6c4ca74-bc30-4e7d-bc3b-c7c5cc4bce37","אל תצמצם","admin_curated","691","true","3","","מהחיפושים","","research_vocabulary","default:category=מהחיפושים (search-log derived), no node/notes, dictionary-grade","high",""
"023e0760-512f-488a-95ec-49dabbb3d66b","תצמצם","admin_curated","660","true","3","","מהחיפושים","","research_vocabulary","default:category=מהחיפושים (search-log derived), no node/notes, dictionary-grade","high",""
"854f1ef5-4d9f-4291-bc51-0f5c5605e333","תמצמץ","admin_curated","660","true","3","","מהחיפושים","","research_vocabulary","default:category=מהחיפושים (search-log derived), no node/notes, dictionary-grade","high",""
"7a35b97b-5500-4351-9a55-c0e3b8978462","זדורוב","admin_curated","225","true","3","","מהחיפושים","","personal_or_restricted","exception:real named individual, sensitive criminal-case context","low",""
"7417bddf-72d9-4966-8f24-3ffb04b91e84","משיח טבת עשירי","admin_curated","1359","true","3","","מהחיפושים","","research_vocabulary","default:category=מהחיפושים (search-log derived), no node/notes, dictionary-grade","high",""
"2ebe7cfe-c694-47df-b54c-11a571a248ab","מאוחר יותר","admin_curated","871","true","3","","מהחיפושים","","research_vocabulary","default:category=מהחיפושים (search-log derived), no node/notes, dictionary-grade","high",""
"75d161d2-df95-48c6-b733-e65bf53c6ac7","מלכות בית דוד תקום","admin_curated","1468","true","3","","מהחיפושים","","research_vocabulary","default:category=מהחיפושים (search-log derived), no node/notes, dictionary-grade","high",""
"d1b28bf1-03ff-4d1b-9a09-e0ddde0aaf9d","לך לבדך הגדולה","admin_curated","159","true","3","","מהחיפושים","","research_vocabulary","default:category=מהחיפושים (search-log derived), no node/notes, dictionary-grade","high",""
"11cabe74-7881-4bc0-ac8e-8bedbe57f71d","א אל אלי אליה אליהו","admin_curated","171","true","3","","מהחיפושים","","research_vocabulary","default:category=מהחיפושים (search-log derived), no node/notes, dictionary-grade","high",""
"baa250a6-0d5f-44d4-ba61-aba918633ed2","תדייק","admin_curated","524","true","3","","מהחיפושים","","research_vocabulary","default:category=מהחיפושים (search-log derived), no node/notes, dictionary-grade","high",""
"6d93a640-c12c-4107-843e-270b2981f9da","לוציפר","admin_curated","416","true","3","","מהחיפושים","","research_vocabulary","default:category=מהחיפושים (search-log derived), no node/notes, dictionary-grade","high",""
"88025deb-b6d1-41f2-8da9-cc0d6d06de8b","צמצום אור","admin_curated","473","true","3","","מהחיפושים","","research_vocabulary","default:category=מהחיפושים (search-log derived), no node/notes, dictionary-grade","high",""
"f3031ebe-b557-4e32-951c-8c4a7486d5db","פתרונים","sod1820","786","false","3","dna","","","research_vocabulary","exception:unverified simple word, alt-spelling note only","medium",""
"1793d967-944e-43ec-a7e7-7a1c74286a58","שלמה יהודה הגואל","sod1820","450","true","1","dna","מנוקה אוטומטית","","public_core","default:verified+Tier1+dna, standalone value-phrase (מנוקה אוטומטית / thematic category)","high",""
"0126dfc1-15cf-4bc9-94b8-2a3bf007c56a","כח אלהים יהוה","sod1820","140","true","1","dna","מנוקה אוטומטית","","public_core","default:verified+Tier1+dna, standalone value-phrase (מנוקה אוטומטית / thematic category)","high",""
"9dcde005-cd7c-4d9b-b327-fb6397f28e4c","קפיטל","admin_curated","229","true","3","","מהחיפושים","","research_vocabulary","default:category=מהחיפושים (search-log derived), no node/notes, dictionary-grade","high",""
"3af91a0f-9618-4dba-b238-040b15f08c4e","זהו זמן לביאת משיח בן דוד","admin_curated","982","true","3","","מהחיפושים","","research_package","exception:cluster of near-duplicate search-phrase iterations (same seeker, same theme)","high","admin_curated_mashiach_timing_search_cluster"
"7a6d4417-1a44-4478-aa81-9774994221cd","זמן לביאת משיח בן דוד","admin_curated","964","true","3","","מהחיפושים","","research_package","exception:cluster of near-duplicate search-phrase iterations (same seeker, same theme)","high","admin_curated_mashiach_timing_search_cluster"
"7375b014-5e14-4831-ab1e-a388a80d939f","יבא הזמן לביאת משיח בן דוד","admin_curated","982","true","3","","מהחיפושים","","research_package","exception:cluster of near-duplicate search-phrase iterations (same seeker, same theme)","high","admin_curated_mashiach_timing_search_cluster"
"1b50d16c-9db9-4cb5-943b-535af18b9cec","זהו הזמן לביאת משיח בן דוד","admin_curated","987","true","3","","מהחיפושים","","research_package","exception:cluster of near-duplicate search-phrase iterations (same seeker, same theme)","high","admin_curated_mashiach_timing_search_cluster"
"efa89695-1b66-4f4c-a36b-b20691530fac","א ניסן","admin_curated","171","true","3","","מהחיפושים","","research_vocabulary","default:category=מהחיפושים (search-log derived), no node/notes, dictionary-grade","high",""
"fff237bd-18f5-4b89-a89c-fbf074bf4a18","כאב אוזניים","admin_curated","147","true","3","","מהחיפושים","","personal_or_restricted","exception:personal health complaint phrase from search log","medium",""
"5fe8ed2e-bbb2-4fb8-b1e1-0ced7391d5b3","דוד בן ישי משיח","admin_curated","744","true","3","","מהחיפושים","","research_vocabulary","default:category=מהחיפושים (search-log derived), no node/notes, dictionary-grade","high",""
"28f80180-6c79-4303-9535-dabf7c7fb75e","אני הארי","admin_curated","277","true","3","","מהחיפושים","","research_vocabulary","default:category=מהחיפושים (search-log derived), no node/notes, dictionary-grade","high",""
"57307b41-1b54-4fbf-a0fd-c47c53022542","דרור","sod1820","410","true","1","dna","גאולה","","public_core","default:verified+Tier1+dna, standalone value-phrase (מנוקה אוטומטית / thematic category)","high",""
"600865ee-5768-436e-98b7-7b4c049ad984","הר הזיתים שער הרחמים","admin_curated","1550","true","3","","מהחיפושים","","research_vocabulary","default:category=מהחיפושים (search-log derived), no node/notes, dictionary-grade","high",""
"7e5d3b95-0ec8-463b-b053-eddcc412442d","חן צדיק","admin_curated","262","true","3","","מהחיפושים","","research_vocabulary","default:category=מהחיפושים (search-log derived), no node/notes, dictionary-grade","high",""
"f1f4ea44-fd6a-4a21-83f5-8f63fa8ea72b","אור נשמה","admin_curated","602","true","3","","מהחיפושים","","research_vocabulary","default:category=מהחיפושים (search-log derived), no node/notes, dictionary-grade","high",""
"9b0d8aa0-cbe6-423d-b47a-78ac8099a185","שערי התשובה","admin_curated","1298","true","3","","מהחיפושים","","research_vocabulary","default:category=מהחיפושים (search-log derived), no node/notes, dictionary-grade","high",""
"49f17c4f-3037-4921-9463-1026763ac49c","עמאר","admin_curated","311","true","3","","מהחיפושים","","research_vocabulary","default:category=מהחיפושים (search-log derived), no node/notes, dictionary-grade","high",""
"4eabb5e5-e4bc-46b0-b8d8-2e1b51b2bc37","עצבני","admin_curated","222","true","3","","מהחיפושים","","research_vocabulary","default:category=מהחיפושים (search-log derived), no node/notes, dictionary-grade","high",""
"710e418c-b736-4c5f-b02b-8ebbbee1abc8","שער התשובה","admin_curated","1288","true","3","","מהחיפושים","","research_vocabulary","default:category=מהחיפושים (search-log derived), no node/notes, dictionary-grade","high",""
"9e6eb570-44a0-42e0-9120-0acacb91f992","אור נ","admin_curated","257","true","3","","מהחיפושים","","research_vocabulary","default:category=מהחיפושים (search-log derived), no node/notes, dictionary-grade","high",""
"999d3024-a8ea-427a-ab19-035d2b7ae1a7","גאל עמו לבני ישראל","admin_curated","783","true","3","","מהחיפושים","","research_vocabulary","default:category=מהחיפושים (search-log derived), no node/notes, dictionary-grade","high",""
"d6dd4f52-809f-40bc-ab1c-c2ee9a022abb","שפת האור","admin_curated","992","true","3","","מהחיפושים","","research_vocabulary","default:category=מהחיפושים (search-log derived), no node/notes, dictionary-grade","high",""
"58e19369-628e-4572-83f3-1c77ace7e3b5","יכשלו ילכו","admin_curated","432","true","3","","מהחיפושים","","research_vocabulary","default:category=מהחיפושים (search-log derived), no node/notes, dictionary-grade","high",""
"aa1f565d-bb1e-4b45-82f0-61336c4eac16","מידת הדין","admin_curated","523","true","3","","מהחיפושים","","research_vocabulary","default:category=מהחיפושים (search-log derived), no node/notes, dictionary-grade","high",""
"980a09c9-cb62-4944-80ff-64db78145ac2","סוד יהוה הוא המלך","admin_curated","203","true","3","","מהחיפושים","","research_vocabulary","default:category=מהחיפושים (search-log derived), no node/notes, dictionary-grade","high",""
"2ba27a5c-4be0-443b-8260-0979d7ae1380","נחש תפוח","admin_curated","852","true","3","","מהחיפושים","","research_vocabulary","default:category=מהחיפושים (search-log derived), no node/notes, dictionary-grade","high",""
"a50f9c74-adb5-4649-a4b3-c15eae1a4991","מורפיוס","admin_curated","402","true","3","","מהחיפושים","","research_vocabulary","default:category=מהחיפושים (search-log derived), no node/notes, dictionary-grade","high",""
"624b4c9d-8747-495b-a691-a16f17e37304","איזון","sod1820","74","true","3","dna","","","research_package","exception:axis/mirror/anchor-cluster note (non-Tier1)","high","sod1820_axis_74_identity"
"2a0f2787-3ccb-4fa5-a800-c3492abf987b","טבעו בארץ שעריה","admin_curated","965","true","3","","מהחיפושים","","research_vocabulary","default:category=מהחיפושים (search-log derived), no node/notes, dictionary-grade","high",""
"486ec94f-c4df-4a0f-9ea7-2c3da9771826","גל רובין אח הגדול","admin_curated","358","true","3","","מהחיפושים","","research_vocabulary","default:category=מהחיפושים (search-log derived), no node/notes, dictionary-grade","high",""
"19063240-89d7-49ba-974a-350f94bf4b66","כאב עין שמאל","admin_curated","524","false","3","","מהחיפושים","","personal_or_restricted","exception:personal health complaint phrase from search log","medium",""
"18deee60-f477-41a7-b959-c12c68a635ec","ובשבע לא יגע בך רע","admin_curated","786","true","3","","מהחיפושים","","research_vocabulary","default:category=מהחיפושים (search-log derived), no node/notes, dictionary-grade","high",""
"3ab5e59f-9177-483b-99cf-ba8143d09fdc","לילית יהוה","sod1820","506","false","1","dna","מנוקה אוטומטית","","public_core","default:verified+Tier1+dna, standalone value-phrase (מנוקה אוטומטית / thematic category)","high",""
"a114323f-1129-49a0-84b4-e2ace73b29a8","פרצופים","sod1820","506","true","1","dna","מנוקה אוטומטית","","public_core","default:verified+Tier1+dna, standalone value-phrase (מנוקה אוטומטית / thematic category)","high",""
"fe578da2-ab4d-4f73-a341-3955bcab4260","רפאלה בן דוד","sod1820","382","false","1","dna","מנוקה אוטומטית","","public_core","default:verified+Tier1+dna, standalone value-phrase (מנוקה אוטומטית / thematic category)","high",""
"98eecd86-8865-4091-860a-7fa1ec5bc5ca","הרמב״ם","entity_seed_v1","287","true","3","core","","entity","thematic_corpus","default:100% node-linked entity, nodes.metadata.world populated (category col empty but real theme exists)","high","world:רבנים וחכמים"
"ded0b3ea-2b81-4be7-add9-660fc2cd9473","אהבת ה׳","entity_expansion_v1","413","true","3","","ישות","entity","thematic_corpus","default:100% node-linked entity, nodes.metadata.world populated (category col=generic ישות)","high","world:עבודת ה'"
"1f667319-cb41-4697-a685-9df43152151e","האר״י הקדוש","entity_seed_v1","631","true","3","core","","entity","thematic_corpus","default:100% node-linked entity, nodes.metadata.world populated (category col empty but real theme exists)","high","world:רבנים וחכמים"
"580b2503-8d07-45d0-a8df-5ae0fdc9f9bb","יום","entity_seed_v1","56","true","3","core","","entity","thematic_corpus","default:100% node-linked entity, nodes.metadata.world populated (category col empty but real theme exists)","high","world:זמן"
"7b7dacf2-f4da-448e-815d-0ae4a2598c39","עת","sod1820","470","true","1","dna","מילה","","public_core","default:verified+Tier1+dna, standalone value-phrase (מנוקה אוטומטית / thematic category)","high",""
"924973ff-db2d-4338-963f-1d6387cb7f48","יושב בממד","sod1820","404","true","1","dna","מנוקה אוטומטית","","public_core","default:verified+Tier1+dna, standalone value-phrase (מנוקה אוטומטית / thematic category)","high",""
"968f8810-5d12-4e9f-93e2-6c4caf7d0f73","ברית","entity_seed_v1","612","true","3","core","","entity","thematic_corpus","default:100% node-linked entity, nodes.metadata.world populated (category col empty but real theme exists)","high","world:עבודת ה'"
"5ca52f44-d653-4a3d-af3c-f0a351b32f9f","יהודה","entity_seed_v1","30","true","3","core","","entity","thematic_corpus","default:100% node-linked entity, nodes.metadata.world populated (category col empty but real theme exists)","high","world:שבטים ונביאים"
"8f2b6272-80ba-42ff-a008-846601ed53b6","נפש","entity_seed_v1","430","true","3","core","","entity","thematic_corpus","default:100% node-linked entity, nodes.metadata.world populated (category col empty but real theme exists)","high","world:מידות ומושגים"
"28bd2c3e-dad5-4f68-9299-dbe74cb57a18","צדיק","entity_seed_v1","204","true","3","core","","entity","thematic_corpus","default:100% node-linked entity, nodes.metadata.world populated (category col empty but real theme exists)","high","world:שבטים ונביאים"
"c0f36fdb-9603-4305-9d67-37f8d28c0d7e","רזיאל","entity_expansion_v1","248","true","3","","ישות","entity","thematic_corpus","default:100% node-linked entity, nodes.metadata.world populated (category col=generic ישות)","high","world:מלאכים"
"a67b02c1-019d-4e99-bd64-4ef59c28cea2","רחל","entity_seed_v1","238","true","3","core","","entity","thematic_corpus","default:100% node-linked entity, nodes.metadata.world populated (category col empty but real theme exists)","high","world:אבות ואמהות"
"cd543da7-a799-489d-916d-d6f9ff5a5aa1","שכנתי","sod1820","780","true","1","dna","מנוקה אוטומטית","","public_core","default:verified+Tier1+dna, standalone value-phrase (מנוקה אוטומטית / thematic category)","high",""
"52f81df1-6f8d-42b8-9654-dec2cac072e3","מסכים","sod1820","170","true","1","dna","מנוקה אוטומטית","","public_core","default:verified+Tier1+dna, standalone value-phrase (מנוקה אוטומטית / thematic category)","high",""
"d059193f-67e5-4d82-97c8-5e30d08c5d22","לבן ישי משיחך","sod1820","780","false","3","dna","","","research_package","exception:axis/mirror/anchor-cluster note (non-Tier1)","high","sod1820_branch_786"
"d3da22dd-9c79-4f0f-9266-900bd478714f","ושכנתי","sod1820","786","false","3","dna","","","research_package","exception:axis/mirror/anchor-cluster note (non-Tier1)","high","sod1820_branch_786"
"c7513ce9-e5e1-48ba-89e0-b355cf459396","ראשי תיבות","sod1820","1329","true","1","dna","מנוקה אוטומטית","","public_core","default:verified+Tier1+dna, standalone value-phrase (מנוקה אוטומטית / thematic category)","high",""
"05c81dcc-cede-4d3f-9f14-a2091111757b","יהוה איק כר","sod1820","357","false","1","dna","מנוקה אוטומטית","","public_core","default:verified+Tier1+dna, standalone value-phrase (מנוקה אוטומטית / thematic category)","high",""
"8b077ccf-4455-4696-b9c1-b49d9afa865d","מקדש שלישי אחרון יורד בתשפז","admin_curated","2368","true","3","","מהחיפושים","","research_vocabulary","default:category=מהחיפושים (search-log derived), no node/notes, dictionary-grade","high",""
"63a0f3cc-3d76-41f5-ada3-b6dc79720468","עמיר ופולארד ישוחררו ע י המשיח","sod1820","1820","false","1","dna","מנוקה אוטומטית","","public_core","default:verified+Tier1+dna, standalone value-phrase (מנוקה אוטומטית / thematic category)","high",""
"03c7e198-ab24-45d5-81ad-84ec576331ad","אתה הוא מלכנו ב","sod1820","566","true","1","dna","מנוקה אוטומטית","","public_core","default:verified+Tier1+dna, standalone value-phrase (מנוקה אוטומטית / thematic category)","high",""
"3e4a9f63-f0fc-4329-8c1c-9f0e0312bcbf","ציניות","sod1820","566","true","1","dna","מנוקה אוטומטית","","public_core","default:verified+Tier1+dna, standalone value-phrase (מנוקה אוטומטית / thematic category)","high",""
"66ae47ba-c391-4045-8c86-5ba996dd9c53","סוף לשקר","sod1820","776","true","1","dna","מנוקה אוטומטית","","public_core","default:verified+Tier1+dna, standalone value-phrase (מנוקה אוטומטית / thematic category)","high",""
"81671003-a335-4cf0-82bf-ecbc8338741b","קדוש שם י הוה","sod1820","776","true","1","dna","מנוקה אוטומטית","","public_core","default:verified+Tier1+dna, standalone value-phrase (מנוקה אוטומטית / thematic category)","high",""
"76f96c8c-7aef-4fb2-96a2-6f3269137798","הישועה השלמה","sod1820","776","true","1","dna","מנוקה אוטומטית","","public_core","default:verified+Tier1+dna, standalone value-phrase (מנוקה אוטומטית / thematic category)","high",""
"ba9802c8-34c8-4ef1-8426-50ef39dc0abb","אין סוף אין קץ אין תכלית אין מספר","sod1820","1820","true","1","dna","מנוקה אוטומטית","","public_core","default:verified+Tier1+dna, standalone value-phrase (מנוקה אוטומטית / thematic category)","high",""
"8c209d49-49cc-4a28-858e-4c596da4089d","יעלז שדי וכל אשר בו אז ירננו כל עצי יער","sod1820","1820","true","1","dna","מנוקה אוטומטית","","public_core","default:verified+Tier1+dna, standalone value-phrase (מנוקה אוטומטית / thematic category)","high",""
"f1efbede-0936-49e5-b39e-5495a404d9af","כתפוח בעצי היער כן דודי בין הבנים","sod1820","1234","true","1","dna","מנוקה אוטומטית","","public_core","default:verified+Tier1+dna, standalone value-phrase (מנוקה אוטומטית / thematic category)","high",""
"4990da09-c2f3-46cd-be4f-adb1a5c53522","תוכנת נחש","sod1820","1234","true","1","dna","מנוקה אוטומטית","","public_core","default:verified+Tier1+dna, standalone value-phrase (מנוקה אוטומטית / thematic category)","high",""
"a9657143-120b-48d8-b6d7-5fbf04eff8a2","ומירושלם יתן קולו","sod1820","1234","true","1","dna","מנוקה אוטומטית","","public_core","default:verified+Tier1+dna, standalone value-phrase (מנוקה אוטומטית / thematic category)","high",""
"61690144-b8c1-4939-8244-8a70a5774c98","מלך רמז","sod1820","337","true","1","dna","מנוקה אוטומטית","","public_core","default:verified+Tier1+dna, standalone value-phrase (מנוקה אוטומטית / thematic category)","high",""
"3a460378-4ff1-478e-8e57-a40f328f521b","לימוד רמז","sod1820","337","true","1","dna","מנוקה אוטומטית","","public_core","default:verified+Tier1+dna, standalone value-phrase (מנוקה אוטומטית / thematic category)","high",""
"589ecc76-8930-4529-bb9c-ed9d33830a51","מפתח לגן","admin_curated","611","true","3","","מהחיפושים","","research_vocabulary","default:category=מהחיפושים (search-log derived), no node/notes, dictionary-grade","high",""
"bf764492-da2f-4411-9a38-01f70a9703d8","האחד שלי","sod1820","358","true","1","dna","מנוקה אוטומטית","","public_core","default:verified+Tier1+dna, standalone value-phrase (מנוקה אוטומטית / thematic category)","high",""
"bede8064-e470-47cc-adec-14729c973e11","לימוד שפות","entity_expansion_v1","876","true","3","","חכמה","entity","thematic_corpus","default:100% node-linked entity, nodes.metadata.world populated (category col=generic ישות)","high","world:חכמה"
"40acdfd6-d26c-4eb8-9dd0-63764e69534c","הסתר","sod1820","665","true","3","","","","research_package","exception:axis/mirror/anchor-cluster note (non-Tier1)","high","sod1820_mashiach_mirror_566_665"
"ff3f989d-6d52-4235-b75c-30062e8140d8","ישראל ארהב אירן","admin_curated","1010","true","3","","מהחיפושים","","research_vocabulary","default:category=מהחיפושים (search-log derived), no node/notes, dictionary-grade","high",""
"b8bf3071-ffa4-4117-8209-b5c0c900af63","עצירות","sod1820","776","true","3","","משיח וגאולה","","research_package","exception:axis/mirror/anchor-cluster note (non-Tier1)","high","sod1820_mashiach_3layer_776"
"77c307c4-04e2-4ce3-8b72-a335b74eea04","מוסף שבת","admin_curated","888","true","3","","מהחיפושים","","research_vocabulary","default:category=מהחיפושים (search-log derived), no node/notes, dictionary-grade","high",""
"0742ac84-4274-4f39-851e-b954b90c41f9","יששכר","entity_expansion_v1","830","true","3","","ישות","entity","thematic_corpus","default:100% node-linked entity, nodes.metadata.world populated (category col=generic ישות)","high","world:שבטי ישראל"
"3e9159a8-de31-42bb-b10d-645b821eb3d5","חיים למשיח","admin_curated","456","true","3","","מהחיפושים","","research_vocabulary","default:category=מהחיפושים (search-log derived), no node/notes, dictionary-grade","high",""
"12696420-e1ac-456d-9f18-8554bb00bf12","יהוה גילה את סוד המשיח האמיתי האחרון","sod1820","1644","true","1","dna","מנוקה אוטומטית","","public_core","default:verified+Tier1+dna, standalone value-phrase (מנוקה אוטומטית / thematic category)","high",""
"7f10abcc-9af6-456c-a340-d0f214bcc3df","הגולגולת של משיח בן דוד","sod1820","1237","false","1","dna","מנוקה אוטומטית","","public_core","default:verified+Tier1+dna, standalone value-phrase (מנוקה אוטומטית / thematic category)","high",""
"906776f1-3d60-4541-99d9-d804b2b52a33","עצת","sod1820","560","true","1","dna","מנוקה אוטומטית","","public_core","default:verified+Tier1+dna, standalone value-phrase (מנוקה אוטומטית / thematic category)","high",""
"05b08040-6dd3-4b5e-bdcf-ada0a696f17a","עתנ","sod1820","520","true","1","dna","מנוקה אוטומטית","","public_core","default:verified+Tier1+dna, standalone value-phrase (מנוקה אוטומטית / thematic category)","high",""
"04723596-824b-417e-8aa0-2133a2ba73be","גד","entity_expansion_v1","7","true","3","","ישות","entity","thematic_corpus","default:100% node-linked entity, nodes.metadata.world populated (category col=generic ישות)","high","world:שבטי ישראל"
"8b432f19-bcc9-4442-9e07-7c834de8234c","סימולציה","admin_curated","251","true","3","","מהחיפושים","","research_vocabulary","default:category=מהחיפושים (search-log derived), no node/notes, dictionary-grade","high",""
"e01fd465-583b-4f1d-9f15-edea46baecd0","ממלכה","entity_seed_v1","135","true","3","core","","entity","thematic_corpus","default:100% node-linked entity, nodes.metadata.world populated (category col empty but real theme exists)","high","world:מלכות ושלטון"
"e672482b-4c3e-4ee1-b15b-32c9da166b06","מזוזה","entity_seed_v1","65","true","3","core","","entity","thematic_corpus","default:100% node-linked entity, nodes.metadata.world populated (category col empty but real theme exists)","high","world:עבודת ה'"
"9ff1947e-fb49-4c0e-84a5-b5644f792798","מצווה","entity_seed_v1","147","true","3","core","","entity","thematic_corpus","default:100% node-linked entity, nodes.metadata.world populated (category col empty but real theme exists)","high","world:עבודת ה'"
"2dd7a906-d390-4a86-a3f5-a9231677bb43","חיפה","entity_seed_v1","103","true","3","core","","entity","thematic_corpus","default:100% node-linked entity, nodes.metadata.world populated (category col empty but real theme exists)","high","world:ארץ ועם"
"8af8c1ca-286a-4eef-a680-53433289f883","ויאמר יהוה על עזבם את תורתי","sod1820","1919","true","1","dna","מנוקה אוטומטית","","public_core","default:verified+Tier1+dna, standalone value-phrase (מנוקה אוטומטית / thematic category)","high",""
"8e7e8aa5-6f55-4b1d-b2c4-24ef34fcac0e","תפילין","entity_seed_v1","580","true","3","core","","entity","thematic_corpus","default:100% node-linked entity, nodes.metadata.world populated (category col empty but real theme exists)","high","world:עבודת ה'"
"040354b0-4518-4ebd-a7d5-3a922c86f786","זעם מלך העולם","sod1820","358","true","1","dna","מנוקה אוטומטית","","public_core","default:verified+Tier1+dna, standalone value-phrase (מנוקה אוטומטית / thematic category)","high",""
"bdf84c21-a03f-4d5e-b8b7-89ca30efe54e","מלאך הברית","entity_expansion_v1","708","true","3","","ישות","entity","thematic_corpus","default:100% node-linked entity, nodes.metadata.world populated (category col=generic ישות)","high","world:מלאכים"
"c59d5d78-0708-4dcf-b3d1-00ece22d9d13","חדר ההקרנה","admin_curated","577","true","3","","מהחיפושים","","research_vocabulary","default:category=מהחיפושים (search-log derived), no node/notes, dictionary-grade","high",""
"c2f9da34-eac7-41b8-8fdd-a49e57a63bc7","יהוה הוא החיים","sod1820","111","true","1","dna","מנוקה אוטומטית","","public_core","default:verified+Tier1+dna, standalone value-phrase (מנוקה אוטומטית / thematic category)","high",""
"c1dc9892-0630-400d-b670-ec6d780a5a72","התבודדות","entity_expansion_v1","827","true","3","","ישות","entity","thematic_corpus","default:100% node-linked entity, nodes.metadata.world populated (category col=generic ישות)","high","world:עבודת ה'"
"0bf24b8b-20a9-4f28-bda9-3f3c03024fc2","עולם הבריאה","entity_expansion_v1","369","true","3","","ישות","entity","thematic_corpus","default:100% node-linked entity, nodes.metadata.world populated (category col=generic ישות)","high","world:מושגי קבלה"
"cc2fe254-a3c1-4fc5-ba41-9b2f0ee3e780","עצם","entity_expansion_v1","200","true","3","","ישות","entity","thematic_corpus","default:100% node-linked entity, nodes.metadata.world populated (category col=generic ישות)","high","world:גוף האדם"
"97dd2eb0-d445-45a0-970f-d9f4e63b4711","במוצאי שביעית מלכות משיח יהוה","sod1820","1821","true","1","dna","מנוקה אוטומטית","","public_core","default:verified+Tier1+dna, standalone value-phrase (מנוקה אוטומטית / thematic category)","high",""
"dd44c9d8-29ae-4683-bb35-c0fac8993a9f","זוהר","entity_seed_v1","218","true","3","core","","entity","thematic_corpus","default:100% node-linked entity, nodes.metadata.world populated (category col empty but real theme exists)","high","world:ספרי קודש"
"31599a00-087f-4698-9ea4-4c2285579ff5","אבן","entity_seed_v1","53","true","3","core","","entity","thematic_corpus","default:100% node-linked entity, nodes.metadata.world populated (category col empty but real theme exists)","high","world:טבע ויסודות"
"b182cb0d-a8fc-47ba-a53a-4906b202fa29","מיקום האות","sod1820","608","true","1","dna","מנוקה אוטומטית","","public_core","default:verified+Tier1+dna, standalone value-phrase (מנוקה אוטומטית / thematic category)","high",""
"f7440015-7a95-4187-9352-64bc254606d0","אייר","entity_seed_v1","221","true","3","core","","entity","thematic_corpus","default:100% node-linked entity, nodes.metadata.world populated (category col empty but real theme exists)","high","world:חודשי השנה"
"57f6aadd-3675-42ed-a2b6-50fab6ddef93","פה","entity_seed_v1","85","true","3","core","","entity","thematic_corpus","default:100% node-linked entity, nodes.metadata.world populated (category col empty but real theme exists)","high","world:גוף האדם"
"af5e9961-2fd9-4af0-bb65-63a18061b451","מובילאיי","sod1820","109","true","1","dna","חדשות","","public_core","default:verified+Tier1+dna, standalone value-phrase (מנוקה אוטומטית / thematic category)","high",""
"63183794-a86a-44b3-b0f4-eea5f3092aed","גדלך","sod1820","57","true","1","dna","מנוקה אוטומטית","","public_core","default:verified+Tier1+dna, standalone value-phrase (מנוקה אוטומטית / thematic category)","high",""
"02783107-96b1-4cba-bd7c-e06fc00ef616","נסיון","sod1820","176","true","1","dna","מנוקה אוטומטית","","public_core","default:verified+Tier1+dna, standalone value-phrase (מנוקה אוטומטית / thematic category)","high",""
"e8acba88-ecea-41cd-b2ed-c2133ebe07de","השטן","sod1820","364","true","1","dna","מנוקה אוטומטית","","public_core","default:verified+Tier1+dna, standalone value-phrase (מנוקה אוטומטית / thematic category)","high",""
"55ade990-1059-4f54-bbb1-2e55f4b70a51","הקץ","sod1820","195","true","1","dna","מנוקה אוטומטית","","public_core","default:verified+Tier1+dna, standalone value-phrase (מנוקה אוטומטית / thematic category)","high",""
"d7407753-f68c-44ca-85ee-3dcae724a495","יובלקוגן אריות ופילים","admin_curated","1000","true","3","","מהחיפושים","","research_vocabulary","default:category=מהחיפושים (search-log derived), no node/notes, dictionary-grade","high",""
"a82c93ff-bcde-49f2-a102-4844ac299ff0","ואתה מושל בכל ובידך כח וגבורה ובידך לגדל ולחזק לכל","sod1820","1472","true","1","dna","מנוקה אוטומטית","","public_core","default:verified+Tier1+dna, standalone value-phrase (מנוקה אוטומטית / thematic category)","high",""
"2d005981-0b18-4319-8e9b-077da8304c60","הקוד","sod1820","115","true","1","dna","מנוקה אוטומטית","","public_core","default:verified+Tier1+dna, standalone value-phrase (מנוקה אוטומטית / thematic category)","high",""
"6785ae11-5a19-4fc1-b742-6eae1b0b3adf","הצופן","sod1820","231","true","1","dna","מנוקה אוטומטית","","public_core","default:verified+Tier1+dna, standalone value-phrase (מנוקה אוטומטית / thematic category)","high",""
"79e8b561-63d4-48c7-a75e-abe38860890c","מנגינת אלהים","admin_curated","639","true","3","","מהחיפושים","","research_vocabulary","default:category=מהחיפושים (search-log derived), no node/notes, dictionary-grade","high",""
"fa480ff2-f910-4142-a5cf-ee43a4f162c5","טל דוד חי ושמעון חיימוב","admin_curated","619","true","3","","מהחיפושים","","research_vocabulary","default:category=מהחיפושים (search-log derived), no node/notes, dictionary-grade","high",""
"7ef4734d-4b25-46dc-b294-be0be83bde8d","אלאחר","sod1820","240","true","1","dna","קליפה","","public_core","default:verified+Tier1+dna, standalone value-phrase (מנוקה אוטומטית / thematic category)","high",""
"b783cb80-5385-487f-916c-ed3748d602e7","מנגינת משיח","admin_curated","911","true","3","","מהחיפושים","","research_vocabulary","default:category=מהחיפושים (search-log derived), no node/notes, dictionary-grade","high",""
"804cc5e7-3cb5-4b7a-88b4-b5dd7826ea8a","השמדת ישן","admin_curated","1109","true","3","","מהחיפושים","","research_vocabulary","default:category=מהחיפושים (search-log derived), no node/notes, dictionary-grade","high",""
"70c4e6cf-48f9-4c12-b08d-10523175706d","אב","entity_seed_v1","3","true","3","core","","entity","thematic_corpus","default:100% node-linked entity, nodes.metadata.world populated (category col empty but real theme exists)","high","world:חודשי השנה"
"769a9e51-5dba-4a84-a4ea-d64ca78ff7e3","קרבן","entity_seed_v1","352","true","3","core","","entity","thematic_corpus","default:100% node-linked entity, nodes.metadata.world populated (category col empty but real theme exists)","high","world:עבודת ה'"
"81516442-f253-4931-b9d0-383e860d9f02","פנים","entity_seed_v1","180","true","3","core","","entity","thematic_corpus","default:100% node-linked entity, nodes.metadata.world populated (category col empty but real theme exists)","high","world:גוף האדם"
"0c6f3d1a-16b3-46a4-b9b0-c4988753c271","בראשית","entity_seed_v1","913","true","3","core","","entity","thematic_corpus","default:100% node-linked entity, nodes.metadata.world populated (category col empty but real theme exists)","high","world:ספרי קודש"
"8744722d-35bb-479e-bb1e-c4375671f043","מלך ישראל מתגלה","admin_curated","1109","true","3","","מהחיפושים","","research_vocabulary","default:category=מהחיפושים (search-log derived), no node/notes, dictionary-grade","high",""
"9a15b2d7-5726-4114-bea3-54e7cfc1da40","הרהחוצבים","sod1820","366","true","1","dna","חדשות","","public_core","default:verified+Tier1+dna, standalone value-phrase (מנוקה אוטומטית / thematic category)","high",""
"31c8579f-c7f3-4653-85b3-0ec3f5ffc0ba","בזאת","sod1820","410","true","1","dna","גאולה","","public_core","default:verified+Tier1+dna, standalone value-phrase (מנוקה אוטומטית / thematic category)","high",""
"1edca5c3-505a-4d36-871f-fe96b593c974","טהרה","entity_seed_v1","219","true","3","core","","entity","thematic_corpus","default:100% node-linked entity, nodes.metadata.world populated (category col empty but real theme exists)","high","world:עבודת ה'"
"5ffe6435-0ba3-4ef6-b739-8f8c2a254610","אמן","entity_seed_v1","91","true","3","core","","entity","thematic_corpus","default:100% node-linked entity, nodes.metadata.world populated (category col empty but real theme exists)","high","world:עבודת ה'"
"006070be-e3a5-4995-b2f2-2d3d25106576","מים","entity_seed_v1","90","true","3","core","","entity","thematic_corpus","default:100% node-linked entity, nodes.metadata.world populated (category col empty but real theme exists)","high","world:טבע ויסודות"
"2eb95d72-1df0-407d-9b68-ac98dba2e477","משנה","entity_seed_v1","395","true","3","core","","entity","thematic_corpus","default:100% node-linked entity, nodes.metadata.world populated (category col empty but real theme exists)","high","world:ספרי קודש"
"098b6f84-0a74-46e6-aebf-a4c709ea07d3","שמות","entity_seed_v1","746","true","3","core","","entity","thematic_corpus","default:100% node-linked entity, nodes.metadata.world populated (category col empty but real theme exists)","high","world:ספרי קודש"
"e8d60d3a-9f25-4327-b401-346a2a33540d","אל","entity_seed_v1","31","true","3","core","","entity","thematic_corpus","default:100% node-linked entity, nodes.metadata.world populated (category col empty but real theme exists)","high","world:שמות הקודש"
"2eb5a0af-55d4-4790-93a9-24e263a442ba","אדם קדמון","entity_expansion_v1","245","true","3","","ישות","entity","thematic_corpus","default:100% node-linked entity, nodes.metadata.world populated (category col=generic ישות)","high","world:מושגי קבלה"
"af9c93ad-bbbf-4912-be2d-87235d91a2b6","נפש רוח נשמה","entity_expansion_v1","1039","true","3","","ישות","entity","thematic_corpus","default:100% node-linked entity, nodes.metadata.world populated (category col=generic ישות)","high","world:מושגי קבלה"
"ca5b8a63-0dc0-43dd-88d2-82cad357579a","תיקון עולם","entity_expansion_v1","712","true","3","","ישות","entity","thematic_corpus","default:100% node-linked entity, nodes.metadata.world populated (category col=generic ישות)","high","world:מושגי קבלה"
"9886fa62-68fa-48d6-9af9-0ec0ab1026cc","עולם היצירה","entity_expansion_v1","466","true","3","","ישות","entity","thematic_corpus","default:100% node-linked entity, nodes.metadata.world populated (category col=generic ישות)","high","world:מושגי קבלה"
"a206b185-a7ac-496e-b83d-14f23b2dcbb8","עולם האצילות","entity_expansion_v1","688","true","3","","ישות","entity","thematic_corpus","default:100% node-linked entity, nodes.metadata.world populated (category col=generic ישות)","high","world:מושגי קבלה"
"8d6f20ab-f005-403c-97d4-02806655cbe6","מערת המכפלה","entity_expansion_v1","890","true","3","","ישות","entity","thematic_corpus","default:100% node-linked entity, nodes.metadata.world populated (category col=generic ישות)","high","world:מקומות קדושים"
"f7d18aff-9bf8-4158-b77c-5f3365c45f95","הר סיני","entity_expansion_v1","335","true","3","","ישות","entity","thematic_corpus","default:100% node-linked entity, nodes.metadata.world populated (category col=generic ישות)","high","world:מקומות קדושים"
"0455d34e-7d7c-4723-9117-569e6e037a47","יצמח","sod1820","148","true","1","dna","מנוקה אוטומטית","","public_core","default:verified+Tier1+dna, standalone value-phrase (מנוקה אוטומטית / thematic category)","high",""
"55ac5f6d-2339-4f19-8fd7-32d627326742","וארא בחלמי והנה שבע שבלים","sod1820","1118","true","1","dna","מנוקה אוטומטית","","public_core","default:verified+Tier1+dna, standalone value-phrase (מנוקה אוטומטית / thematic category)","high",""
"e389f5a7-11b4-4075-962e-ba7b0d51ed7b","קבר רחל","entity_expansion_v1","540","true","3","","ישות","entity","thematic_corpus","default:100% node-linked entity, nodes.metadata.world populated (category col=generic ישות)","high","world:מקומות קדושים"
"d1af9206-fef9-486f-9919-d098eef4592d","מירון","entity_expansion_v1","306","true","3","","ישות","entity","thematic_corpus","default:100% node-linked entity, nodes.metadata.world populated (category col=generic ישות)","high","world:מקומות קדושים"
"74743ba3-174d-49d8-ac96-5d9bcb099db7","זכריה","entity_expansion_v1","242","true","3","","ישות","entity","thematic_corpus","default:100% node-linked entity, nodes.metadata.world populated (category col=generic ישות)","high","world:נביאים"
"0868c16d-6296-4ae9-8ead-bc1921e3b5ce","צפניה","entity_expansion_v1","235","true","3","","ישות","entity","thematic_corpus","default:100% node-linked entity, nodes.metadata.world populated (category col=generic ישות)","high","world:נביאים"
"14d2b22b-a165-43ff-a1ce-1256fb8fdbe3","חבקוק","entity_expansion_v1","216","true","3","","ישות","entity","thematic_corpus","default:100% node-linked entity, nodes.metadata.world populated (category col=generic ישות)","high","world:נביאים"
"927e1db0-8342-4433-a5fe-3b2e166e803d","מיכה","entity_expansion_v1","75","true","3","","ישות","entity","thematic_corpus","default:100% node-linked entity, nodes.metadata.world populated (category col=generic ישות)","high","world:נביאים"
"dde9bb3f-89db-4ace-b5df-9a22502944b9","ירמיהו","entity_expansion_v1","271","true","3","","ישות","entity","thematic_corpus","default:100% node-linked entity, nodes.metadata.world populated (category col=generic ישות)","high","world:נביאים"
"0d926167-b534-4063-aea9-5b29a4e30cf4","אשר","entity_expansion_v1","501","true","3","","ישות","entity","thematic_corpus","default:100% node-linked entity, nodes.metadata.world populated (category col=generic ישות)","high","world:שבטי ישראל"
"3efa56ca-6c8f-46d0-b557-8bfe29782f34","נפתלי","entity_expansion_v1","570","true","3","","ישות","entity","thematic_corpus","default:100% node-linked entity, nodes.metadata.world populated (category col=generic ישות)","high","world:שבטי ישראל"
"203ad51f-3ec4-40dd-90c9-b9b40dbba773","דן","entity_expansion_v1","54","true","3","","ישות","entity","thematic_corpus","default:100% node-linked entity, nodes.metadata.world populated (category col=generic ישות)","high","world:שבטי ישראל"
"9bb36245-e33a-4eed-9c59-5ea7aaa9833f","זבולון","entity_expansion_v1","101","true","3","","ישות","entity","thematic_corpus","default:100% node-linked entity, nodes.metadata.world populated (category col=generic ישות)","high","world:שבטי ישראל"
"608552dc-b279-4095-855b-e37df3910e2a","גוף","sod1820","89","true","1","dna","","entity","research_package","exception:anchor-system note (Tier1 but part of עוגן/NUMBER_MATCH cluster)","high","sod1820_anchor_system"
"835eae3b-7380-4cc4-9497-513bf775efaf","חתול גינגי","sod1820","520","true","1","dna","מנוקה אוטומטית","","public_core","default:verified+Tier1+dna, standalone value-phrase (מנוקה אוטומטית / thematic category)","high",""
"21dd2751-05ab-49ae-8ecb-76b42844f1c5","קץ הגלות","entity_expansion_v1","634","true","3","","ישות","entity","thematic_corpus","default:100% node-linked entity, nodes.metadata.world populated (category col=generic ישות)","high","world:גאולה"
"9bde7a3d-1714-47d7-808d-1a04c377f891","הגאולה השלמה","entity_expansion_v1","430","true","3","","ישות","entity","thematic_corpus","default:100% node-linked entity, nodes.metadata.world populated (category col=generic ישות)","high","world:גאולה"
"a42321b9-9cd4-400f-a301-5a6dbbd8c898","ביאת הגואל","entity_expansion_v1","458","true","3","","ישות","entity","thematic_corpus","default:100% node-linked entity, nodes.metadata.world populated (category col=generic ישות)","high","world:גאולה"
"8e6de4e8-53d5-4488-8124-c045125af2f2","בניין ירושלים","entity_expansion_v1","718","true","3","","ישות","entity","thematic_corpus","default:100% node-linked entity, nodes.metadata.world populated (category col=generic ישות)","high","world:גאולה"
"012b4a79-31e5-4bf2-9e5a-0e85fc03f2e3","גאולת הנפש","entity_expansion_v1","875","true","3","","ישות","entity","thematic_corpus","default:100% node-linked entity, nodes.metadata.world populated (category col=generic ישות)","high","world:גאולה"
"589df398-9458-4bf0-b69b-bcdf89982938","תיקון השכינה","entity_expansion_v1","956","true","3","","ישות","entity","thematic_corpus","default:100% node-linked entity, nodes.metadata.world populated (category col=generic ישות)","high","world:גאולה"
"0b9ef0f2-1a93-4d0d-b42c-716de82df596","העלאת ניצוצות","entity_expansion_v1","1158","true","3","","ישות","entity","thematic_corpus","default:100% node-linked entity, nodes.metadata.world populated (category col=generic ישות)","high","world:גאולה"
"12830a51-3685-4933-add7-8cc11818eba4","משיח בן דוד האמיתי","entity_expansion_v1","890","true","3","","ישות","entity","thematic_corpus","default:100% node-linked entity, nodes.metadata.world populated (category col=generic ישות)","high","world:גאולה"
"f8449e9f-deda-4d77-a197-0c99755372ef","תאריך","sod1820","631","true","1","dna","מנוקה אוטומטית","","public_core","default:verified+Tier1+dna, standalone value-phrase (מנוקה אוטומטית / thematic category)","high",""
"4ec1ffd6-827d-4e8a-926a-47e9607cb159","מלך הגאולה","entity_expansion_v1","140","true","3","","ישות","entity","thematic_corpus","default:100% node-linked entity, nodes.metadata.world populated (category col=generic ישות)","high","world:גאולה"
"77da5e8e-2473-4e04-be87-519100cf94b3","לו חכמו ישכילו זאת יבינו לאחריתם","sod1820","1661","true","1","dna","מנוקה אוטומטית","","public_core","default:verified+Tier1+dna, standalone value-phrase (מנוקה אוטומטית / thematic category)","high",""
"2f945d41-2be2-47fb-923b-533fb52f0345","אור אין סוף","entity_expansion_v1","414","true","3","","ישות","entity","thematic_corpus","default:100% node-linked entity, nodes.metadata.world populated (category col=generic ישות)","high","world:מושגי קבלה"
"cb331d1c-8147-4d12-ac97-cbea384b5c54","תפילה","entity_seed_v1","525","true","3","core","","entity","thematic_corpus","default:100% node-linked entity, nodes.metadata.world populated (category col empty but real theme exists)","high","world:תורה וקודש"
"766ed358-61a9-41e7-9175-d0e59bf9209d","נצר ישי","entity_expansion_v1","660","true","3","","ישות","entity","thematic_corpus","default:100% node-linked entity, nodes.metadata.world populated (category col=generic ישות)","high","world:גאולה"
"b3fedb60-a314-4246-9a75-7f0d790d3918","שורש ישי","entity_expansion_v1","1126","true","3","","ישות","entity","thematic_corpus","default:100% node-linked entity, nodes.metadata.world populated (category col=generic ישות)","high","world:גאולה"
"1967e649-b923-44fb-a51a-299305408969","מלכות בית דוד","entity_expansion_v1","922","true","3","","ישות","entity","thematic_corpus","default:100% node-linked entity, nodes.metadata.world populated (category col=generic ישות)","high","world:גאולה"
"70e32565-b4fc-45d5-82da-3136acbe5050","אהרן","sod1820","256","true","1","dna","","entity","research_package","exception:anchor-system note (Tier1 but part of עוגן/NUMBER_MATCH cluster)","high","sod1820_anchor_system"
"293122bf-6127-42c3-ad10-d1c512a8a821","שליחיך","sod1820","378","true","1","dna","מנוקה אוטומטית","","public_core","default:verified+Tier1+dna, standalone value-phrase (מנוקה אוטומטית / thematic category)","high",""
"16f3941e-40e6-4973-b5f1-df665f7e02ae","בשורת הגאולה","entity_expansion_v1","958","true","3","","ישות","entity","thematic_corpus","default:100% node-linked entity, nodes.metadata.world populated (category col=generic ישות)","high","world:גאולה"
"9f0460af-baad-4e88-8adb-3860a4b4b489","שופר של משיח","entity_expansion_v1","1274","true","3","","ישות","entity","thematic_corpus","default:100% node-linked entity, nodes.metadata.world populated (category col=generic ישות)","high","world:גאולה"
"da6d6e21-8bba-48bd-baf3-4630365f13d4","תקיעת שופר","entity_expansion_v1","1566","true","3","","ישות","entity","thematic_corpus","default:100% node-linked entity, nodes.metadata.world populated (category col=generic ישות)","high","world:גאולה"
"9047be59-29b5-4e59-a564-099716935f1e","קיבוץ נדחים","entity_expansion_v1","320","true","3","","ישות","entity","thematic_corpus","default:100% node-linked entity, nodes.metadata.world populated (category col=generic ישות)","high","world:גאולה"
"d520221c-21ba-43dc-96df-f3f591bd69c3","פדות ישראל","entity_expansion_v1","1031","true","3","","ישות","entity","thematic_corpus","default:100% node-linked entity, nodes.metadata.world populated (category col=generic ישות)","high","world:גאולה"
"7816bf3b-fbc1-4af6-bd6b-f3a2bc44b47a","ישועת ישראל","entity_expansion_v1","1327","true","3","","ישות","entity","thematic_corpus","default:100% node-linked entity, nodes.metadata.world populated (category col=generic ישות)","high","world:גאולה"
"420bcfd4-6426-494e-ba6e-23043453e218","צמח צדיק","entity_expansion_v1","342","true","3","","ישות","entity","thematic_corpus","default:100% node-linked entity, nodes.metadata.world populated (category col=generic ישות)","high","world:גאולה"
"8866d60d-5f16-4f84-aa9b-1892322f4d29","אדני על ימינך מחץ ביום אפו מלכים","sod1820","718","true","1","dna","מנוקה אוטומטית","","public_core","default:verified+Tier1+dna, standalone value-phrase (מנוקה אוטומטית / thematic category)","high",""
"9b0e487a-1eb0-4371-ba9d-d9243def1234","שבת","entity_seed_v1","702","true","3","core","","entity","thematic_corpus","default:100% node-linked entity, nodes.metadata.world populated (category col empty but real theme exists)","high","world:תורה וקודש"
"cf225513-ce93-40f9-8827-24990994119f","קדושה","entity_seed_v1","415","true","3","core","","entity","thematic_corpus","default:100% node-linked entity, nodes.metadata.world populated (category col empty but real theme exists)","high","world:תורה וקודש"
"22307bb0-ea49-470f-af88-ff54058dfe95","הצניעות","sod1820","631","true","1","dna","מנוקה אוטומטית","","public_core","default:verified+Tier1+dna, standalone value-phrase (מנוקה אוטומטית / thematic category)","high",""
"3e4f6acc-1535-4b8e-ba81-7a3f98f1735b","שתים שש שש שש ארבע ארבע","sod1820","3096","true","1","dna","מנוקה אוטומטית","","public_core","default:verified+Tier1+dna, standalone value-phrase (מנוקה אוטומטית / thematic category)","high",""
"450a0697-776b-422b-bdd0-7353c670160d","מפתח","entity_seed_v1","528","true","3","core","","entity","thematic_corpus","default:100% node-linked entity, nodes.metadata.world populated (category col empty but real theme exists)","high","world:סמלים"
"bae76291-bd23-4af1-9e21-9b4915098451","שין תיו","admin_curated","776","true","3","","מהחיפושים","","research_vocabulary","default:category=מהחיפושים (search-log derived), no node/notes, dictionary-grade","high",""
"6dbfe867-b6c5-46f9-b3b2-ff42e410ff07","אלף מאתים ושתים","sod1820","1358","true","1","dna","מנוקה אוטומטית","","public_core","default:verified+Tier1+dna, standalone value-phrase (מנוקה אוטומטית / thematic category)","high",""
"6ac9df24-f9c2-4f1f-b9e3-3062df006b0f","המשיח בנ ששים ושתים","sod1820","1821","true","1","dna","מנוקה אוטומטית","","public_core","default:verified+Tier1+dna, standalone value-phrase (מנוקה אוטומטית / thematic category)","high",""
"b3d4e1ee-4e1e-408b-aa47-8657cc9a3924","חולי","entity_seed_v1","54","true","3","core","","entity","thematic_corpus","default:100% node-linked entity, nodes.metadata.world populated (category col empty but real theme exists)","high","world:רפואה והחיים"
"340b6e2b-e71e-4377-bf98-68d545323c71","חיסון","entity_seed_v1","134","true","3","core","","entity","thematic_corpus","default:100% node-linked entity, nodes.metadata.world populated (category col empty but real theme exists)","high","world:רפואה והחיים"
"75cf5626-f84a-4f8c-a77e-7a0a9f25d527","יסוד","entity_seed_v1","80","true","3","core","","entity","thematic_corpus","default:100% node-linked entity, nodes.metadata.world populated (category col empty but real theme exists)","high","world:עץ המספרים"
"14c14766-761a-4f23-9b54-49ae85698fec","גואל","entity_seed_v1","40","true","3","core","","entity","thematic_corpus","default:100% node-linked entity, nodes.metadata.world populated (category col empty but real theme exists)","high","world:גאולה"
"0a1b13d1-5b79-4eb3-811d-e086d192080e","אתה הראת לדעת כי יהוה הוא האלהים אין עוד מלבדו","sod1820","1898","true","1","dna","מנוקה אוטומטית","","public_core","default:verified+Tier1+dna, standalone value-phrase (מנוקה אוטומטית / thematic category)","high",""
"1283f01a-df5e-4c87-997b-740fb6736a6b","מידע","entity_seed_v1","124","true","3","core","","entity","thematic_corpus","default:100% node-linked entity, nodes.metadata.world populated (category col empty but real theme exists)","high","world:טכנולוגיה"
"ab91ec9d-235b-4856-9fa1-b0c9621993ab","גלחום","sod1820","87","true","1","dna","מנוקה אוטומטית","","public_core","default:verified+Tier1+dna, standalone value-phrase (מנוקה אוטומטית / thematic category)","high",""
"a78fe1e9-b711-4b1d-b114-ec1c030c74a3","משיח בנ דויד ישלים הבית בעתה","sod1820","1718","true","1","dna","מנוקה אוטומטית","","public_core","default:verified+Tier1+dna, standalone value-phrase (מנוקה אוטומטית / thematic category)","high",""
"1da4edb5-ac6e-47db-a499-883c553a4d4b","מיכאל","entity_seed_v1","101","true","3","core","","entity","thematic_corpus","default:100% node-linked entity, nodes.metadata.world populated (category col empty but real theme exists)","high","world:מלאכים"
"d8e7a2bb-cf74-4397-b4ae-c9c8daaf1454","יבש חציר נבל ציץ כי רוח יהוה נשבה בו אכן חציר העם","sod1820","2021","true","1","dna","מנוקה אוטומטית","","public_core","default:verified+Tier1+dna, standalone value-phrase (מנוקה אוטומטית / thematic category)","high",""
"b9c2ecd3-06c0-4781-af1a-edff1baa025c","יהוה יגאלינו שנית במהרה בימינו","sod1820","1266","true","1","dna","מנוקה אוטומטית","","public_core","default:verified+Tier1+dna, standalone value-phrase (מנוקה אוטומטית / thematic category)","high",""
"0754e089-a379-486a-b015-ee0edb41be31","יהוה מלך יהוה מלך יהוה ימלך לעלם ועד","sod1820","608","true","1","dna","מנוקה אוטומטית","","public_core","default:verified+Tier1+dna, standalone value-phrase (מנוקה אוטומטית / thematic category)","high",""
"f7363eee-bf37-403a-abb6-8b68098ea96a","וממלכתך עד עולם","sod1820","776","true","1","dna","מנוקה אוטומטית","","public_core","default:verified+Tier1+dna, standalone value-phrase (מנוקה אוטומטית / thematic category)","high",""
"108fce21-27f7-4697-8d89-2ccd504bab45","פדה אלהים את ישראל מכל צרותיו","sod1820","1919","true","1","dna","מנוקה אוטומטית","","public_core","default:verified+Tier1+dna, standalone value-phrase (מנוקה אוטומטית / thematic category)","high",""
"04f5f77e-d316-41d0-b4ac-de097a650171","בית לחם","entity_seed_v1","490","true","3","core","","entity","thematic_corpus","default:100% node-linked entity, nodes.metadata.world populated (category col empty but real theme exists)","high","world:מקומות"
"fd5a0f0f-d5f7-4a90-b90c-4b88c9f9b0c9","עולם העשיה","entity_expansion_v1","536","true","3","","ישות","entity","thematic_corpus","default:100% node-linked entity, nodes.metadata.world populated (category col=generic ישות)","high","world:מושגי קבלה"
"75255b52-e07a-45f3-b450-15f2237e863d","חגי","entity_expansion_v1","21","true","3","","ישות","entity","thematic_corpus","default:100% node-linked entity, nodes.metadata.world populated (category col=generic ישות)","high","world:נביאים"
"75a7d10c-8130-46d2-ad36-caf0d8e85916","עמלק גאווה","sod1820","261","true","1","dna","מנוקה אוטומטית","","public_core","default:verified+Tier1+dna, standalone value-phrase (מנוקה אוטומטית / thematic category)","high",""
"7e2d1ff3-d29e-4a9f-828b-d7cc6b96949f","כסא","entity_seed_v1","81","true","3","core","","entity","thematic_corpus","default:100% node-linked entity, nodes.metadata.world populated (category col empty but real theme exists)","high","world:מלכות ושלטון"
"a4bfae52-73e4-43e5-addb-1e6f4285e0f4","עמוס","entity_expansion_v1","176","true","3","","ישות","entity","thematic_corpus","default:100% node-linked entity, nodes.metadata.world populated (category col=generic ישות)","high","world:נביאים"
"c28c90e4-58a6-4a72-ba7b-e04bf0974b3f","הושע","entity_expansion_v1","381","true","3","","ישות","entity","thematic_corpus","default:100% node-linked entity, nodes.metadata.world populated (category col=generic ישות)","high","world:נביאים"
"e6e89f7a-b5ba-44f2-8b9f-cc8cba3815fb","יחזקאל","entity_expansion_v1","156","true","3","","ישות","entity","thematic_corpus","default:100% node-linked entity, nodes.metadata.world populated (category col=generic ישות)","high","world:נביאים"
"ad0d1006-1c40-40ee-ba95-090e123c20ce","שמעון","entity_expansion_v1","466","true","3","","ישות","entity","thematic_corpus","default:100% node-linked entity, nodes.metadata.world populated (category col=generic ישות)","high","world:שבטי ישראל"
"3ab7737e-dc10-4796-a1a4-7983f00129a4","ראובן","entity_expansion_v1","259","true","3","","ישות","entity","thematic_corpus","default:100% node-linked entity, nodes.metadata.world populated (category col=generic ישות)","high","world:שבטי ישראל"
"02ce4165-739f-4b92-b110-87dd63191b6d","גואל ישראל","entity_expansion_v1","581","true","3","","ישות","entity","thematic_corpus","default:100% node-linked entity, nodes.metadata.world populated (category col=generic ישות)","high","world:גאולה"
"70aaf26b-938b-4cee-8a58-ce374f17a1ac","אתחלתא דגאולה","entity_expansion_v1","889","true","3","","ישות","entity","thematic_corpus","default:100% node-linked entity, nodes.metadata.world populated (category col=generic ישות)","high","world:גאולה"
"b1b066ad-03d9-4899-8e68-3154b5f0e2f2","אחד","entity_seed_v1","13","true","3","core","","entity","thematic_corpus","default:100% node-linked entity, nodes.metadata.world populated (category col empty but real theme exists)","high","world:עץ המספרים"
"fe8d669b-d9d3-4f97-b64c-5e0ba211a88b","ישועה","entity_seed_v1","391","true","3","core","","entity","thematic_corpus","default:100% node-linked entity, nodes.metadata.world populated (category col empty but real theme exists)","high","world:גאולה"
"3045de03-cde8-4bd9-94a7-a5cfde0efb3b","סוד אלף שמונה מאות עשרים כי לה המלוכה","sod1820","1820","true","1","dna","מנוקה אוטומטית","entity","public_core","default:verified+Tier1+dna, standalone value-phrase (מנוקה אוטומטית / thematic category)","high",""
"a33b99b7-300e-451e-97d9-fe257604d192","עזה","entity_seed_v1","82","true","3","core","","entity","thematic_corpus","default:100% node-linked entity, nodes.metadata.world populated (category col empty but real theme exists)","high","world:אקטואליה ואומות"
"1aef970c-bc15-4581-9402-bebe80c7b90c","מגפה","entity_seed_v1","128","true","3","core","","entity","thematic_corpus","default:100% node-linked entity, nodes.metadata.world populated (category col empty but real theme exists)","high","world:אירועי הזמן"
"a38ef97a-1589-4042-99c2-50fc1d9a6127","טראמפ","entity_seed_v1","330","true","3","core","","entity","thematic_corpus","default:100% node-linked entity, nodes.metadata.world populated (category col empty but real theme exists)","high","world:דמויות בנות-זמננו"
"1d13c11b-0763-4821-ba6e-98abaed28e50","אורי","entity_seed_v1","217","true","3","core","","entity","thematic_corpus","default:100% node-linked entity, nodes.metadata.world populated (category col empty but real theme exists)","high","world:שמות פרטיים"
"18a3be31-8f09-4acd-ad2f-0341088149bb","פטיש כבד","sod1820","425","true","1","dna","מנוקה אוטומטית","","public_core","default:verified+Tier1+dna, standalone value-phrase (מנוקה אוטומטית / thematic category)","high",""
"4c10adec-b676-4812-be6d-268a68862f11","שיבת ציון","entity_expansion_v1","868","true","3","","ישות","entity","thematic_corpus","default:100% node-linked entity, nodes.metadata.world populated (category col=generic ישות)","high","world:גאולה"
"3274f6f5-0387-4302-9fdd-e141446ccf9c","כסף","entity_seed_v1","160","true","3","core","","entity","thematic_corpus","default:100% node-linked entity, nodes.metadata.world populated (category col empty but real theme exists)","high","world:כסף ושפע"
"faca0e42-0f40-43c1-b045-690745ddc1ad","תקווה","entity_seed_v1","517","true","3","core","","entity","thematic_corpus","default:100% node-linked entity, nodes.metadata.world populated (category col empty but real theme exists)","high","world:רגש"
"e7d84266-ab8d-4942-8427-a9384b61da1e","קוד","entity_seed_v1","110","true","3","core","","entity","thematic_corpus","default:100% node-linked entity, nodes.metadata.world populated (category col empty but real theme exists)","high","world:טכנולוגיה"
"18836669-50f4-4c0b-9dbc-a7ba44cd5ed5","חודש","entity_seed_v1","318","true","3","core","","entity","thematic_corpus","default:100% node-linked entity, nodes.metadata.world populated (category col empty but real theme exists)","high","world:זמן"
"9bd6db2c-52d7-4cb2-9903-cfd6992531a2","שבירת הכלים","entity_seed_v1","1017","true","3","core","","entity","thematic_corpus","default:100% node-linked entity, nodes.metadata.world populated (category col empty but real theme exists)","high","world:מלחמה ותיקון"
"e5eca516-094a-4b24-8a0b-948ebbf8fd4a","שנה","entity_seed_v1","355","true","3","core","","entity","thematic_corpus","default:100% node-linked entity, nodes.metadata.world populated (category col empty but real theme exists)","high","world:זמן"
"2f29a719-9422-4e44-a9ca-5e7293bc4568","נשר","entity_seed_v1","550","true","3","core","","entity","thematic_corpus","default:100% node-linked entity, nodes.metadata.world populated (category col empty but real theme exists)","high","world:סמלים"
"189727a1-83da-4425-a238-c1d91d5466d9","באו","sod1820","9","true","1","dna","מנוקה אוטומטית","","public_core","default:verified+Tier1+dna, standalone value-phrase (מנוקה אוטומטית / thematic category)","high",""
"2a1cd82b-35f3-4534-a6f8-1cce431a79e0","סיני","entity_seed_v1","130","true","3","core","","entity","thematic_corpus","default:100% node-linked entity, nodes.metadata.world populated (category col empty but real theme exists)","high","world:מקומות"
"7a57e65d-2138-4b16-9c33-0242be32d978","כוכב","entity_seed_v1","48","true","3","core","","entity","thematic_corpus","default:100% node-linked entity, nodes.metadata.world populated (category col empty but real theme exists)","high","world:סמלים"
"42781598-c8bf-49c7-a3e0-09e9da4a07ac","מנורה","entity_seed_v1","301","true","3","core","","entity","thematic_corpus","default:100% node-linked entity, nodes.metadata.world populated (category col empty but real theme exists)","high","world:סמלים"
"416148e2-42fb-4b02-a8a0-dcd87f1dafe6","משה רבנו","entity_expansion_v1","603","true","3","","ישות","entity","thematic_corpus","default:100% node-linked entity, nodes.metadata.world populated (category col=generic ישות)","high","world:אבות ואמהות"
"92893257-cebd-426a-af3a-521dd84e2f55","מצרים","entity_seed_v1","380","true","3","core","","entity","thematic_corpus","default:100% node-linked entity, nodes.metadata.world populated (category col empty but real theme exists)","high","world:מקומות"
"058f9731-1d4f-4e2f-bff0-241bb6be604e","בן גביר","entity_seed_v1","267","true","3","core","","entity","thematic_corpus","default:100% node-linked entity, nodes.metadata.world populated (category col empty but real theme exists)","high","world:דמויות בנות-זמננו"
"af586096-431a-43ec-8cf0-8add4f3573dc","הבעל שם טוב","entity_seed_v1","464","true","3","core","","entity","thematic_corpus","default:100% node-linked entity, nodes.metadata.world populated (category col empty but real theme exists)","high","world:רבנים וחכמים"
"3ce900de-a305-4303-9bf4-d65a6f61ee66","שלום","entity_seed_v1","376","true","3","core","","entity","thematic_corpus","default:100% node-linked entity, nodes.metadata.world populated (category col empty but real theme exists)","high","world:רגש"
"1ec90531-94f0-4c1e-abed-48ea9db1972e","חרב","entity_seed_v1","210","true","3","core","","entity","thematic_corpus","default:100% node-linked entity, nodes.metadata.world populated (category col empty but real theme exists)","high","world:סמלים"
"85e24df9-2985-49bf-8ffb-d1c65a7e9d21","חמשה חמשי תורה חמשה ספרי תהלים","sod1820","2510","true","1","dna","מנוקה אוטומטית","","public_core","default:verified+Tier1+dna, standalone value-phrase (מנוקה אוטומטית / thematic category)","high",""
"c0506fc8-94cb-4343-8f49-1405bb420ff4","רב","sod1820","202","true","1","dna","","","research_package","exception:anchor-system note (Tier1 but part of עוגן/NUMBER_MATCH cluster)","high","sod1820_anchor_system"
"8c106cdd-5529-44e8-8bdd-ff190482ebbb","עין","entity_seed_v1","130","true","3","core","","entity","thematic_corpus","default:100% node-linked entity, nodes.metadata.world populated (category col empty but real theme exists)","high","world:סמלים"
"b62a3af0-9aed-40fb-840d-1ba38a061f95","פרנסה","entity_seed_v1","395","true","3","core","","entity","thematic_corpus","default:100% node-linked entity, nodes.metadata.world populated (category col empty but real theme exists)","high","world:כסף ושפע"
"6b475d67-0bb4-4bcd-8e74-4c96c5614490","אלגוריתם","entity_seed_v1","690","true","3","core","","entity","thematic_corpus","default:100% node-linked entity, nodes.metadata.world populated (category col empty but real theme exists)","high","world:טכנולוגיה"
"ca1be219-4f4d-45c3-abce-268ec0c61375","רשת","entity_seed_v1","900","true","3","core","","entity","thematic_corpus","default:100% node-linked entity, nodes.metadata.world populated (category col empty but real theme exists)","high","world:טכנולוגיה"
"ee2a82ef-8c15-4af4-b2e5-a668b38451f0","ניצחון","entity_seed_v1","214","true","3","core","","entity","thematic_corpus","default:100% node-linked entity, nodes.metadata.world populated (category col empty but real theme exists)","high","world:מלחמה ותיקון"
"85bab2a0-da15-4eb8-88ae-422a4cfacefc","שלמה המלך","entity_expansion_v1","470","true","3","","ישות","entity","thematic_corpus","default:100% node-linked entity, nodes.metadata.world populated (category col=generic ישות)","high","world:אבות ואמהות"
"73af73c9-72c5-4ff3-a63b-85c39200c48c","חסד","entity_seed_v1","72","true","3","core","","entity","thematic_corpus","default:100% node-linked entity, nodes.metadata.world populated (category col empty but real theme exists)","high","world:עץ המספרים"
"ad9d9675-6d31-47d6-ab49-8438d87ff9e8","מגן דוד","entity_seed_v1","107","true","3","core","","entity","thematic_corpus","default:100% node-linked entity, nodes.metadata.world populated (category col empty but real theme exists)","high","world:סמלים"
"d7265f62-e4fd-4f8f-b79f-c488a47ed0e4","רבי נחמן מברסלב","entity_expansion_v1","694","true","3","","ישות","entity","thematic_corpus","default:100% node-linked entity, nodes.metadata.world populated (category col=generic ישות)","high","world:אבות ואמהות"
"acd89f01-0246-435c-8642-913597e3d6f4","יהושע","entity_seed_v1","391","true","3","core","","entity","thematic_corpus","default:100% node-linked entity, nodes.metadata.world populated (category col empty but real theme exists)","high","world:שבטים ונביאים"
"9b6564b5-703f-4d57-b7d2-9e878fb007eb","יהוה מלך גאות לבש לבש יהוה עז התאזר אף תכון תבל בל תמוט","sod1820","3382","true","1","dna","מנוקה אוטומטית","","public_core","default:verified+Tier1+dna, standalone value-phrase (מנוקה אוטומטית / thematic category)","high",""
"18b3ee3e-5245-497a-8325-8d430ce6ad11","אהרן הכהן","entity_expansion_v1","336","true","3","","ישות","entity","thematic_corpus","default:100% node-linked entity, nodes.metadata.world populated (category col=generic ישות)","high","world:אבות ואמהות"
"b3ab6fcf-e614-4b43-b95a-7a5191c948a1","לאה אמנו","entity_expansion_v1","133","true","3","","ישות","entity","thematic_corpus","default:100% node-linked entity, nodes.metadata.world populated (category col=generic ישות)","high","world:אבות ואמהות"
"531f11bd-2ef6-4784-8598-78ccc14071a6","דנא","entity_seed_v1","55","true","3","core","","entity","thematic_corpus","default:100% node-linked entity, nodes.metadata.world populated (category col empty but real theme exists)","high","world:מודרני ומדע"
"695d5af5-c9a2-4c0e-bd14-5d4a4f812ad9","אברהםיצחקויעקב","sod1820","644","true","1","dna","אבות","","public_core","default:verified+Tier1+dna, standalone value-phrase (מנוקה אוטומטית / thematic category)","high",""
"d56066f8-bd9f-415c-a370-f8f1579d70c6","אור יפרץ","sod1820","587","true","1","dna","מנוקה אוטומטית","","public_core","default:verified+Tier1+dna, standalone value-phrase (מנוקה אוטומטית / thematic category)","high",""
"d3dfade6-f098-4541-a3d6-bb8943b75685","רחמנא אדכר לן קימה דדוד מלכא משיחא","sod1820","1227","true","1","dna","מנוקה אוטומטית","","public_core","default:verified+Tier1+dna, standalone value-phrase (מנוקה אוטומטית / thematic category)","high",""
"74a532ea-74e2-4f0c-9191-48281ff7651d","אומץ","sod1820","137","true","1","dna","מנוקה אוטומטית","","public_core","default:verified+Tier1+dna, standalone value-phrase (מנוקה אוטומטית / thematic category)","high",""
"9b45cf3d-0dd7-4cb8-afc6-dc8fd699856a","אטבח","sod1820","20","true","1","dna","מנוקה אוטומטית","","public_core","default:verified+Tier1+dna, standalone value-phrase (מנוקה אוטומטית / thematic category)","high",""
"b32ab1eb-4dcb-4fb8-bf6e-1a6a3e317c92","יעקב אבינו","entity_expansion_v1","251","true","3","","ישות","entity","thematic_corpus","default:100% node-linked entity, nodes.metadata.world populated (category col=generic ישות)","high","world:אבות ואמהות"
"f349529e-25e5-49f5-9f3a-4410b25a7c0b","יצחק אבינו","entity_expansion_v1","277","true","3","","ישות","entity","thematic_corpus","default:100% node-linked entity, nodes.metadata.world populated (category col=generic ישות)","high","world:אבות ואמהות"
"87c365ac-11ea-4c56-891d-0c0aa6c76ef1","לעשות נקמה בגוים תוכחות בלאמים","sod1820","2025","true","1","dna","מנוקה אוטומטית","","public_core","default:verified+Tier1+dna, standalone value-phrase (מנוקה אוטומטית / thematic category)","high",""
"420708ca-25f5-4a87-8161-aa51b307ce57","בצלמך","sod1820","182","true","1","dna","מנוקה אוטומטית","","public_core","default:verified+Tier1+dna, standalone value-phrase (מנוקה אוטומטית / thematic category)","high",""
"2a6b8602-f86e-46f6-a4ca-50e389b89a57","תטהר אותי","admin_curated","1031","true","3","","מהחיפושים","","research_vocabulary","default:category=מהחיפושים (search-log derived), no node/notes, dictionary-grade","high",""
"ce57e20f-2d01-47c8-8729-ab6f306be707","הצור תמים פעולו","admin_curated","983","true","3","","מהחיפושים","","research_vocabulary","default:category=מהחיפושים (search-log derived), no node/notes, dictionary-grade","high",""
"15ce7a50-3f57-40b2-9aec-654eb2498ea4","אימתי רגיל ו","sod1820","710","true","1","dna","מנוקה אוטומטית","","public_core","default:verified+Tier1+dna, standalone value-phrase (מנוקה אוטומטית / thematic category)","high",""
"e72aa8f8-e8ac-4666-9cbb-9776ed14a082","רבי נחמן מאומן","admin_curated","497","true","3","","מהחיפושים","","research_vocabulary","default:category=מהחיפושים (search-log derived), no node/notes, dictionary-grade","high",""
"fab48da9-f969-4700-bf63-1b0919ae7cf5","אפס","sod1820","141","true","1","dna","מנוקה אוטומטית","","public_core","default:verified+Tier1+dna, standalone value-phrase (מנוקה אוטומטית / thematic category)","high",""
"23b254d4-deeb-4c06-9491-5b8c79eb18f0","מימים רבים תפקד באחרית השנים תבוא אל ארץ משובבת מחרב מקבצת מעמים רבים על הרי ישראל אשר היו לחרבה","sod1820","6440","true","1","dna","מנוקה אוטומטית","","public_core","default:verified+Tier1+dna, standalone value-phrase (מנוקה אוטומטית / thematic category)","high",""
"7404e083-d062-446e-a294-14a30d837a5c","שעא","admin_curated","371","true","3","","מהחיפושים","","research_vocabulary","default:category=מהחיפושים (search-log derived), no node/notes, dictionary-grade","high",""
"1d52833d-c5bd-481a-be79-67769bf2b2c9","קץ הימים","entity_expansion_v1","295","true","3","","ישות","entity","thematic_corpus","default:100% node-linked entity, nodes.metadata.world populated (category col=generic ישות)","high","world:גאולה"
"14aa4f86-e946-4b62-b839-3c4359ee6d16","כי כתב אשר נכתב בשם המלך ונחתום בטבעת המלך אין להשיב","sod1820","3358","true","1","dna","מנוקה אוטומטית","","public_core","default:verified+Tier1+dna, standalone value-phrase (מנוקה אוטומטית / thematic category)","high",""
"b7fc2300-5b39-42d4-9d13-abab0a9d2b7d","משקר לאמת","admin_curated","1111","true","3","","מהחיפושים","","research_vocabulary","default:category=מהחיפושים (search-log derived), no node/notes, dictionary-grade","high",""
"f7eb4549-2851-4ae1-9695-8925c943ee57","אתבש","sod1820","703","true","1","dna","מנוקה אוטומטית","","public_core","default:verified+Tier1+dna, standalone value-phrase (מנוקה אוטומטית / thematic category)","high",""
"975b9eaf-d699-4fea-94ce-b77160f3003e","קול יהוה קורא לנו","sod1820","555","true","1","dna","מנוקה אוטומטית","","public_core","default:verified+Tier1+dna, standalone value-phrase (מנוקה אוטומטית / thematic category)","high",""
"fb55460a-d015-4a39-92e9-91efcdd81a16","הבקר אור","sod1820","514","true","1","dna","מנוקה אוטומטית","","public_core","default:verified+Tier1+dna, standalone value-phrase (מנוקה אוטומטית / thematic category)","high",""
"ef0c425b-6082-4721-94df-5c593858397a","וידעו בית ישראל כי אני יהוה אלהיהם מן היום ההוא והלאה","sod1820","1472","true","1","dna","מנוקה אוטומטית","","public_core","default:verified+Tier1+dna, standalone value-phrase (מנוקה אוטומטית / thematic category)","high",""
"e247509c-d6d8-4497-9a7e-443222a2afe4","חירות בתודעה","admin_curated","1111","true","3","","מהחיפושים","","research_vocabulary","default:category=מהחיפושים (search-log derived), no node/notes, dictionary-grade","high",""
