id,phrase,source,ragil,is_verified,visibility_tier,category,vip_source,has_notes,in_post_links,corpus_role,rule_applied,confidence,cluster_id
eec4969e-8b84-483d-96ac-c959f22c47c3,ויהי יהוה משגב לדך,contribution:צבי (OPOC),456,True,3,,,False,False,research_vocabulary,rule:contribution:צבי (OPOC),medium,
b4c01a69-4e30-46de-b33c-04aa9c7912d6,ויהי יהוה משען,contribution:צבי (OPOC),517,True,3,,,False,False,research_vocabulary,rule:contribution:צבי (OPOC),medium,
4de4e1cb-fa03-4e90-a4b8-9b693f87193c,ויהרגו בשושן,contribution:צבי (OPOC),888,True,3,,,False,False,research_vocabulary,rule:contribution:צבי (OPOC),medium,
d5801d96-36a1-4cb5-9b05-24adaf6b62aa,ויושיעום,contribution:צבי (OPOC),448,True,3,,,False,False,research_vocabulary,rule:contribution:צבי (OPOC),medium,
de104901-3b00-4292-afe2-8fe50720136d,ויך כל בכור במצרים,contribution:צבי (OPOC),696,True,3,,,False,False,research_vocabulary,rule:contribution:צבי (OPOC),medium,
8bd95b29-860d-44dd-8480-9b131cd556dd,וילך יוסף אחר אחיו,contribution:צבי (OPOC),456,True,3,,,False,False,research_vocabulary,rule:contribution:צבי (OPOC),medium,
611d4097-f0b7-4ce5-9c2d-b9b2296979c7,וימשחך יהוה למלך,contribution:צבי (OPOC),530,True,3,,,False,False,research_vocabulary,rule:contribution:צבי (OPOC),medium,
0f38ba6c-53ca-4c9c-8184-3afb941e360b,וינסו משנאיך,contribution:צבי (OPOC),553,True,3,,,False,False,research_vocabulary,rule:contribution:צבי (OPOC),medium,
252ff7ed-b8c0-40dd-8144-9e256a669869,ויסעו מפונן ויחנו באבת,contribution:צבי (OPOC),863,True,3,,,False,False,research_vocabulary,rule:contribution:צבי (OPOC),medium,
1f538ff8-1f05-4b99-a514-9537f3f929e9,ויעמד בארץ הצבי,contribution:צבי (OPOC),530,True,3,,,False,False,research_vocabulary,rule:contribution:צבי (OPOC),medium,
52038b73-2c25-4786-bb1f-08d80eb49c68,וכי תחדל לנדור לא יהיה בך חטא,contribution:צבי (OPOC),869,True,3,,,False,False,research_vocabulary,rule:contribution:צבי (OPOC),medium,
e63b5fb1-bf58-42d1-9a70-9f68ae47f1d2,וכל חכם לב,contribution:צבי (OPOC),156,True,3,,,False,False,research_vocabulary,rule:contribution:צבי (OPOC),medium,
dfc9f80d-f1da-44c2-afd7-d8f690e0fa91,וכפר בעדו ובעד ביתו,contribution:צבי (OPOC),888,True,3,,,False,False,research_vocabulary,rule:contribution:צבי (OPOC),medium,
62a29ef2-fa8b-49d1-8276-36d8d81e16f1,ולא מצא,contribution:צבי (OPOC),168,True,3,,,False,False,research_vocabulary,rule:contribution:צבי (OPOC),medium,
b81546bc-a6e5-40d9-b78d-a64d2e7b40a3,מאכל האמונה,גיורא בן-יעקוב SMS,198,True,3,,,False,False,thematic_corpus,rule:גיורא בן-יעקוב SMS,medium,
611b7f96-e559-494f-b01f-cb5ed46087cf,ולא מצאה,contribution:צבי (OPOC),173,True,3,,,False,False,research_vocabulary,rule:contribution:צבי (OPOC),medium,
a8fd8af0-4f1b-4a9a-8da0-a235575b7d0c,והנה ברכת ברך,contribution:צבי (OPOC),910,True,3,,,False,False,research_vocabulary,rule:contribution:צבי (OPOC),medium,
5ef89b50-96bd-4797-9a28-fb01905cbcc0,ולא קם נביא עוד בישראל,contribution:צבי (OPOC),863,True,3,,,False,False,research_vocabulary,rule:contribution:צבי (OPOC),medium,
1d24970e-ef3c-4993-a4aa-f8d0ce752412,ויקם בלילה הוא,contribution:צבי (OPOC),245,True,3,,,False,False,research_vocabulary,rule:contribution:צבי (OPOC),medium,
db1c5f15-45d3-46f7-a14a-b6ba55fa4dd1,ולא שבתם עדי,contribution:צבי (OPOC),863,True,3,,,False,False,research_vocabulary,rule:contribution:צבי (OPOC),medium,
d1c12f5d-78ef-4c70-a1d1-98441c5c5578,ולדבקה בו,contribution:צבי (OPOC),155,True,3,,,False,False,research_vocabulary,rule:contribution:צבי (OPOC),medium,
8068ef02-4b21-4690-94bd-98e8e5e8c092,ולהסיר שקו מעליו ולא קבל,contribution:צבי (OPOC),1042,True,3,,,False,False,research_vocabulary,rule:contribution:צבי (OPOC),medium,
83a1d71c-572f-4a12-bebf-e75ede68abe1,סלחתי,גיורא בן-יעקוב SMS,508,True,1,,,False,False,public_core,rule:גיורא בן-יעקוב SMS,medium,
54e43d02-82d3-44a4-b850-499a3dbd8eea,ולו יקהת עמים,contribution:צבי (OPOC),717,True,3,,,False,False,research_vocabulary,rule:contribution:צבי (OPOC),medium,
f23947af-4493-40e5-b141-af2d00989f08,ומה יש לי עוד צדקה,contribution:צבי (OPOC),680,True,3,,,False,False,research_vocabulary,rule:contribution:צבי (OPOC),medium,
9f9707de-a42a-4714-8264-4ec88e830192,תשפה,גיורא בן-יעקוב SMS,785,True,3,,,False,False,numeric_word_construct,rule:גיורא בן-יעקוב SMS,medium,
722c1d38-59d6-41e3-ad8d-2556249fe240,ונשמחה בו,contribution:צבי (OPOC),417,True,3,,,False,False,research_vocabulary,rule:contribution:צבי (OPOC),medium,
2f3adc7a-8cde-4dd7-a3eb-1f9d68d52840,ועלו אל אבי,contribution:צבי (OPOC),156,True,3,,,False,False,research_vocabulary,rule:contribution:צבי (OPOC),medium,
43c20afd-d4d5-4a17-851d-8e8935ead342,ועמדו רגליו ביום ההוא,contribution:צבי (OPOC),450,True,3,,,False,False,research_vocabulary,rule:contribution:צבי (OPOC),medium,
b533f64b-888f-46e8-8ea3-19d78ae8c7bd,וקם שבט מישראל,contribution:צבי (OPOC),1038,True,3,,,False,False,research_vocabulary,rule:contribution:צבי (OPOC),medium,
b376550f-d865-4e2d-82b1-971a509c7915,ורוח אלהים,contribution:צבי (OPOC),306,True,3,,,False,False,research_vocabulary,rule:contribution:צבי (OPOC),medium,
b5aff437-5a73-4294-afe2-829203cdf356,ורוח יהוה,contribution:צבי (OPOC),246,True,3,,,False,False,research_vocabulary,rule:contribution:צבי (OPOC),medium,
fe5fcb6d-c315-4839-97cd-a6e8885feb51,ורועה אחד יהיה לכלם,contribution:צבי (OPOC),450,True,3,,,False,False,research_vocabulary,rule:contribution:צבי (OPOC),medium,
dca2f724-0c03-4d59-aee0-cf12d3ce2f58,ושם העצרת,contribution:צבי (OPOC),1111,True,3,,,False,False,research_vocabulary,rule:contribution:צבי (OPOC),medium,
3433bff8-4428-4a30-ac81-b21692c3540f,ושם השנית,contribution:צבי (OPOC),1111,True,3,,,False,False,research_vocabulary,rule:contribution:צבי (OPOC),medium,
17d72852-593a-49fc-a39e-0ca85ad48b15,ותאמינו,contribution:צבי (OPOC),513,True,3,,,False,False,research_vocabulary,rule:contribution:צבי (OPOC),medium,
087a6216-00b3-45bf-b366-3d72fab00ea7,ותלכנה בדרך,contribution:צבי (OPOC),737,True,3,,,False,False,research_vocabulary,rule:contribution:צבי (OPOC),medium,
62b3b9d8-ac3a-40c2-bab7-3c2a48d31a63,ותשקט הארץ,contribution:צבי (OPOC),1111,True,3,,,False,False,research_vocabulary,rule:contribution:צבי (OPOC),medium,
b6709cb9-3eb5-451e-b7ec-ecf236cec6e5,זה הדבר,contribution:צבי (OPOC),223,True,3,,,False,False,research_vocabulary,rule:contribution:צבי (OPOC),medium,
6390db13-5906-44dd-b604-545d3e399d5c,זה יצרת לשחק בו,contribution:צבי (OPOC),1158,True,3,,,False,False,research_vocabulary,rule:contribution:צבי (OPOC),medium,
3c0f1523-d6dd-4872-aa64-e15f32b4a14b,זיתים,contribution:צבי (OPOC),467,True,3,,,False,False,research_vocabulary,rule:contribution:צבי (OPOC),medium,
381e94f1-0e97-4029-b189-d4b75de6f6c5,חג הסכת,contribution:צבי (OPOC),496,True,3,,,False,False,research_vocabulary,rule:contribution:צבי (OPOC),medium,
d552474f-ac1a-49f2-ad66-42ede30b20fe,חנון ורחום יהוה,contribution:צבי (OPOC),400,True,3,,,False,False,research_vocabulary,rule:contribution:צבי (OPOC),medium,
07a3be63-6a55-46db-87a2-9f12e56bfe37,חנניה,contribution:צבי (OPOC),123,True,3,,,False,False,research_vocabulary,rule:contribution:צבי (OPOC),medium,
db938ea2-3361-4605-a55a-78fb4d309e4d,חסד יהוה,contribution:צבי (OPOC),98,True,3,,,False,False,research_vocabulary,rule:contribution:צבי (OPOC),medium,
b85a2ec1-83e3-4038-ab7f-4c5d6b7ca2a0,חצצן,contribution:צבי (OPOC),238,True,3,,,False,False,research_vocabulary,rule:contribution:צבי (OPOC),medium,
987d12ce-d49e-48db-b66b-9d65eed25297,טוב יהוה לכל,contribution:צבי (OPOC),123,True,3,,,False,False,research_vocabulary,rule:contribution:צבי (OPOC),medium,
abee5ac3-c30f-4560-834a-6bb16a994294,טרף בפיה,contribution:צבי (OPOC),386,True,3,,,False,False,research_vocabulary,rule:contribution:צבי (OPOC),medium,
e4feba4b-9e73-43da-8144-fe75dc99168c,יבק,contribution:צבי (OPOC),112,True,3,,,False,False,research_vocabulary,rule:contribution:צבי (OPOC),medium,
236ad32b-111b-45f4-a639-0a3c71cd79e8,יברכנו אלהים,contribution:צבי (OPOC),374,True,3,,,False,False,research_vocabulary,rule:contribution:צבי (OPOC),medium,
d07c5f96-914d-40e9-8b94-d9063fd305a7,יגיע כפיך,contribution:צבי (OPOC),223,True,3,,,False,False,research_vocabulary,rule:contribution:צבי (OPOC),medium,
52e9cca8-12d9-4e32-a252-21235465d3c3,יהוה אלהי ישראל,contribution:צבי (OPOC),613,True,3,,,False,False,research_vocabulary,rule:contribution:צבי (OPOC),medium,
062b3fb3-733f-4a59-86e3-f63a499ea86a,יהוה שמרך יהוה צלך על יד ימינך,contribution:צבי (OPOC),996,True,3,,,False,False,research_vocabulary,rule:contribution:צבי (OPOC),medium,
ae195b2c-1ba3-4c4e-9c4a-13a4a4952379,יוסף ברחמים,contribution:צבי (OPOC),456,True,3,,,False,False,research_vocabulary,rule:contribution:צבי (OPOC),medium,
a60694ae-5d00-46c8-af02-eb617c5800ba,יושיעני,contribution:צבי (OPOC),456,True,3,,,False,False,research_vocabulary,rule:contribution:צבי (OPOC),medium,
e47ea98b-5827-49b3-9a25-06b64a791e90,יקיר אפרים,contribution:צבי (OPOC),651,True,3,,,False,False,research_vocabulary,rule:contribution:צבי (OPOC),medium,
f1882c42-c9a3-4fd4-9a45-8a5582c1b17e,ירוצו ולא ייגעו,contribution:צבי (OPOC),448,True,3,,,False,False,research_vocabulary,rule:contribution:צבי (OPOC),medium,
5973be6d-d0f6-4e2e-a9e6-10c3f2b13e6d,יש לי סגלה,contribution:צבי (OPOC),448,True,3,,,False,False,research_vocabulary,rule:contribution:צבי (OPOC),medium,
5e4d95d7-75b0-4b51-a858-27ac90a55492,ישועות מלכו,contribution:צבי (OPOC),888,True,3,,,False,False,research_vocabulary,rule:contribution:צבי (OPOC),medium,
b151493a-90f7-4ff3-a481-d3082ae45283,תשובה,גיורא בן-יעקוב SMS,713,True,1,,,False,False,public_core,rule:גיורא בן-יעקוב SMS,medium,
1efe4d36-0ddd-4523-a2a0-e4d7005be53c,תשרי,גיורא בן-יעקוב SMS,910,True,1,,,False,False,public_core,rule:גיורא בן-יעקוב SMS,medium,
c5394623-30c9-4a3c-87f1-fa22c2860f62,כי אמרו,contribution:צבי (OPOC),277,True,3,,,False,False,research_vocabulary,rule:contribution:צבי (OPOC),medium,
74e86a0c-3ea6-4316-865e-e964cb09941a,כי אני יהוה אלהיך מחזיק ימינך,contribution:צבי (OPOC),478,True,3,,,False,False,research_vocabulary,rule:contribution:צבי (OPOC),medium,
d18fe787-90cc-4b08-88cd-fe197f487df8,זקינכם חלמות יחלמון בחוריכם חזינות יראו,גיורא בן-יעקוב SMS,1839,True,3,,,False,False,thematic_corpus,rule:גיורא בן-יעקוב SMS,medium,
5b433a1c-31e2-4d82-8fc3-b483c0289d50,שמחת תורה,גיורא בן-יעקוב SMS,1359,True,3,,,False,False,thematic_corpus,rule:גיורא בן-יעקוב SMS,medium,
3b71e2c1-b086-4ee4-89e6-af3f7c8c86bb,כי אני יהוה אלהיכם,contribution:צבי (OPOC),223,True,3,,,False,False,research_vocabulary,rule:contribution:צבי (OPOC),medium,
3ab73c63-2335-4e57-b4b7-04f5f7fb93ac,כי אתה יהוה האלהים,contribution:צבי (OPOC),553,True,3,,,False,False,research_vocabulary,rule:contribution:צבי (OPOC),medium,
0974047b-73ce-4c1b-aa49-210611e0a666,כי הגדיל יהוה לעשות,contribution:צבי (OPOC),914,True,3,,,False,False,research_vocabulary,rule:contribution:צבי (OPOC),medium,
91a3d2c8-8a47-4c0f-bd3c-dc41df11bb59,כי ידעתיו,contribution:צבי (OPOC),530,True,3,,,False,False,research_vocabulary,rule:contribution:צבי (OPOC),medium,
06a9e6d5-70c1-44a1-b951-44588510c9ee,כי עבד היית במצרים,contribution:צבי (OPOC),913,True,3,,,False,False,research_vocabulary,rule:contribution:צבי (OPOC),medium,
319e9254-7e1e-4635-baeb-094239a133a3,כי עוד קץ למועד,contribution:צבי (OPOC),450,True,3,,,False,False,research_vocabulary,rule:contribution:צבי (OPOC),medium,
f1e85001-7c58-4d77-a3c6-275ff90b2fa6,כי פי יהוה דבר,contribution:צבי (OPOC),352,True,3,,,False,False,research_vocabulary,rule:contribution:צבי (OPOC),medium,
616363f8-5e9c-4038-abfd-0e6263849391,כל בכור בניך תפדה,contribution:צבי (OPOC),849,True,3,,,False,False,research_vocabulary,rule:contribution:צבי (OPOC),medium,
20007d95-61e5-4a64-863c-fff14e2427da,כלי חמס,contribution:צבי (OPOC),168,True,3,,,False,False,research_vocabulary,rule:contribution:צבי (OPOC),medium,
70c2e731-776f-40e6-8de8-143afc1a4618,כמשפטם,contribution:צבי (OPOC),489,True,3,,,False,False,research_vocabulary,rule:contribution:צבי (OPOC),medium,
59ff5a96-6ae3-4d4f-a7f0-e8a55fedf59f,לא בחיל ולא בכח כי אם ברוחי,contribution:צבי (OPOC),445,True,3,,,False,False,research_vocabulary,rule:contribution:צבי (OPOC),medium,
710b3dc9-f7f4-44bd-a8f9-2d9c6d0b35f9,לאיש אשר אלה לו,contribution:צבי (OPOC),914,True,3,,,False,False,research_vocabulary,rule:contribution:צבי (OPOC),medium,
aa643e23-69fc-4544-b20f-ac1e1d94f7e2,לדר ודר,contribution:צבי (OPOC),444,True,3,,,False,False,research_vocabulary,rule:contribution:צבי (OPOC),medium,
758d244e-a705-4d6b-8aaf-af9f6ba1a173,להגיד בבקר חסדך,contribution:צבי (OPOC),448,True,3,,,False,False,research_vocabulary,rule:contribution:צבי (OPOC),medium,
3514ede2-1e79-4640-80af-8ac5d7af5b66,להוציאנו ממצרים,contribution:צבי (OPOC),618,True,3,,,False,False,research_vocabulary,rule:contribution:צבי (OPOC),medium,
4cc15388-51ea-4fae-b8d1-b3598a8ff371,להיות לאות,contribution:צבי (OPOC),888,True,3,,,False,False,research_vocabulary,rule:contribution:צבי (OPOC),medium,
d71bdd8d-5e4d-41f9-9288-bd9761774be4,להיות עמה,contribution:צבי (OPOC),566,True,3,,,False,False,research_vocabulary,rule:contribution:צבי (OPOC),medium,
c7ba21f3-7b23-4ddd-8cfb-52f1cec355d0,לחטאת,contribution:צבי (OPOC),448,True,3,,,False,False,research_vocabulary,rule:contribution:צבי (OPOC),medium,
c9f7e144-8f98-4b55-8b6c-3ed878297993,לחסים בו,contribution:צבי (OPOC),156,True,3,,,False,False,research_vocabulary,rule:contribution:צבי (OPOC),medium,
34313117-ba48-417b-9405-931c36accbe6,לך עמי בא בחדריך,contribution:צבי (OPOC),417,True,3,,,False,False,research_vocabulary,rule:contribution:צבי (OPOC),medium,
37642c55-e105-441d-8c38-28ed1833ad9e,לכאן,contribution:צבי (OPOC),101,True,3,,,False,False,research_vocabulary,rule:contribution:צבי (OPOC),medium,
4ed03f65-f930-4e99-9c30-27626ab1b655,ללא גבול,contribution:צבי (OPOC),102,True,3,,,False,False,research_vocabulary,rule:contribution:צבי (OPOC),medium,
33292d35-b9f7-4c7b-9a84-d876092d8070,למען שמי אאריך אפי,contribution:צבי (OPOC),863,True,3,,,False,False,research_vocabulary,rule:contribution:צבי (OPOC),medium,
bbf50219-a820-49ee-84a0-0d48a5d94247,למשמרת,contribution:צבי (OPOC),1010,True,3,,,False,False,research_vocabulary,rule:contribution:צבי (OPOC),medium,
7d344e16-90ac-4c9f-8396-237572890e68,לעצמות האלה הנה אני מביא בכם,contribution:צבי (OPOC),913,True,3,,,False,False,research_vocabulary,rule:contribution:צבי (OPOC),medium,
c9ce933e-4976-4e5c-897f-61459aabeaa7,לקץ הימין,contribution:צבי (OPOC),335,True,3,,,False,False,research_vocabulary,rule:contribution:צבי (OPOC),medium,
0d58578a-7706-4d1e-ac9e-1c89cdfd5fb8,לשון זהורית וחי,contribution:צבי (OPOC),1038,True,3,,,False,False,research_vocabulary,rule:contribution:צבי (OPOC),medium,
223a1b3d-a39f-464b-9c11-a8c4047d5b12,לשחק,contribution:צבי (OPOC),438,True,3,,,False,False,research_vocabulary,rule:contribution:צבי (OPOC),medium,
d4fb4cd1-c4b9-484a-ab01-7ef85c5716bc,מאין,contribution:צבי (OPOC),101,True,3,,,False,False,research_vocabulary,rule:contribution:צבי (OPOC),medium,
76d93c07-def5-4770-975b-b3a1963e01e8,מאשר המית בחייו,contribution:צבי (OPOC),1032,True,3,,,False,False,research_vocabulary,rule:contribution:צבי (OPOC),medium,
a7ef1d8b-3030-417b-afe7-8ca00c787f09,מבעד לצמתך,contribution:צבי (OPOC),696,True,3,,,False,False,research_vocabulary,rule:contribution:צבי (OPOC),medium,
546281a4-2a6b-4ad7-aca8-101ce4af5f59,מבשרת ירושלם,contribution:צבי (OPOC),1528,True,3,,,False,False,research_vocabulary,rule:contribution:צבי (OPOC),medium,
e2deacb5-f7ce-4dfb-ac92-3cdde95ecf46,מגני וקרן ישעי,contribution:צבי (OPOC),849,True,3,,,False,False,research_vocabulary,rule:contribution:צבי (OPOC),medium,
e62f228a-d674-490d-b7c9-3cdfc42cfcef,מה זאת עשית,contribution:צבי (OPOC),1233,True,3,,,False,False,research_vocabulary,rule:contribution:צבי (OPOC),medium,
10605e43-78ec-41b3-96a3-32acbcdc5317,מה טבו אהליך,contribution:צבי (OPOC),128,True,3,,,False,False,research_vocabulary,rule:contribution:צבי (OPOC),medium,
9276534a-8a69-4bc6-81cb-286daaf508c0,מה רבו צרי,contribution:צבי (OPOC),553,True,3,,,False,False,research_vocabulary,rule:contribution:צבי (OPOC),medium,
2e8b185e-bf33-4c6a-aca7-c87e37c8b393,בטחון,גיורא בן-יעקוב SMS,75,True,1,,,False,False,public_core,rule:גיורא בן-יעקוב SMS,medium,
e01932e7-0566-43e0-b55a-c1a37993ac7f,מלך,גיורא בן-יעקוב SMS,90,True,1,,,False,False,public_core,rule:גיורא בן-יעקוב SMS,medium,
14aac387-38c5-4360-980a-803a00c77a3a,מי את בתי,contribution:צבי (OPOC),863,True,3,,,False,False,research_vocabulary,rule:contribution:צבי (OPOC),medium,
f46eea2e-5ac6-4f96-8905-ba7ad2a12a24,מי שמע כזאת,contribution:צבי (OPOC),888,True,3,,,False,False,research_vocabulary,rule:contribution:צבי (OPOC),medium,
f35c7a3f-0619-4a7d-bde8-e1f33a2499f7,חפש,גיורא בן-יעקוב SMS,388,True,1,,,False,False,public_core,rule:גיורא בן-יעקוב SMS,medium,
7830ef84-55ea-4160-8af1-9b7ec321e3db,רישא דלא ידע ולא אתידע,גיורא בן-יעקוב SMS,1152,True,3,,,False,False,thematic_corpus,rule:גיורא בן-יעקוב SMS,medium,
30566421-834c-4998-a0ee-3b5049d251cf,חסידות,גיורא בן-יעקוב SMS,488,True,1,,,False,False,public_core,rule:גיורא בן-יעקוב SMS,medium,
2936e5c6-955f-47a4-87a8-dd97404293ba,ברסלבר,גיורא בן-יעקוב SMS,494,True,1,,,False,False,public_core,rule:גיורא בן-יעקוב SMS,medium,
83f255e6-8468-452b-8f8c-7747641f4541,מן העולם עד העולם,contribution:צבי (OPOC),466,True,3,,,False,False,research_vocabulary,rule:contribution:צבי (OPOC),medium,
b1833fe2-e7b3-4feb-a6a5-47c5fab731f3,מקדשו,contribution:צבי (OPOC),450,True,3,,,False,False,research_vocabulary,rule:contribution:צבי (OPOC),medium,
5a34fc0b-1ef8-4300-b303-c71387ac6b7f,משיח בן דוד בא על החמור,contribution:צבי (OPOC),786,True,3,,,False,False,research_vocabulary,rule:contribution:צבי (OPOC),medium,
4f76ab1a-61bb-4f70-a243-0ae33ec32663,ישות,גיורא בן-יעקוב SMS,716,True,1,,,False,False,public_core,rule:גיורא בן-יעקוב SMS,medium,
64325d5a-f569-4205-bceb-76d3c6aed294,עצבות,גיורא בן-יעקוב SMS,568,True,1,,,False,False,public_core,rule:גיורא בן-יעקוב SMS,medium,
1777bebf-0e24-4095-9df2-20261f7dd124,משיח נראה בענן,contribution:צבי (OPOC),786,True,3,,,False,False,research_vocabulary,rule:contribution:צבי (OPOC),medium,
37c58d0c-c50d-49c6-818a-cc90e9910f79,מתנה טובה,contribution:צבי (OPOC),517,True,3,,,False,False,research_vocabulary,rule:contribution:צבי (OPOC),medium,
7ecf41df-fbee-4474-a066-984445567dae,נגהם,contribution:צבי (OPOC),98,True,3,,,False,False,research_vocabulary,rule:contribution:צבי (OPOC),medium,
57e38af8-43cc-4c24-9621-9505ddfd805d,מותרות,גיורא בן-יעקוב SMS,1052,True,1,,,False,False,public_core,rule:גיורא בן-יעקוב SMS,medium,
b753e2c8-fd55-4ad9-b35b-f8f84eeb2f8b,נגילה,contribution:צבי (OPOC),98,True,3,,,False,False,research_vocabulary,rule:contribution:צבי (OPOC),medium,
d924989b-3d06-4128-afd4-a5dff7689641,נחית בחסדך,contribution:צבי (OPOC),562,True,3,,,False,False,research_vocabulary,rule:contribution:צבי (OPOC),medium,
74f303bf-6d54-49bf-83bb-102c823633ef,שפלות תפלה,גיורא בן-יעקוב SMS,1331,True,3,,,False,False,thematic_corpus,rule:גיורא בן-יעקוב SMS,medium,
1fb83edc-250f-40f8-b2a4-efa0f8080110,מקימי מעפר דל מאשפת ירים אביון,גיורא בן-יעקוב SMS,1774,True,3,,,False,False,thematic_corpus,rule:גיורא בן-יעקוב SMS,medium,
39b65b71-08eb-4998-8f16-1e0daf222814,ברכי נפשי את יהוה וכל קרבי את שם קדשו,גיורא בן-יעקוב SMS,2618,True,3,,,False,False,thematic_corpus,rule:גיורא בן-יעקוב SMS,medium,
3b4d59b9-c8c1-4c0f-801d-c294ad3deb18,לב אהרן חשן המשפט אורים ותמים,גיורא בן-יעקוב SMS,1833,True,3,,,False,False,thematic_corpus,rule:גיורא בן-יעקוב SMS,medium,
46d60b13-8a74-4808-a183-5943446a9133,חכמה בינה דעת חסד גבורה תפארת נצח הוד יסוד מלכות,גיורא בן-יעקוב SMS,2722,True,3,,,False,False,thematic_corpus,rule:גיורא בן-יעקוב SMS,medium,
5c5ef8bc-4122-44b7-a120-9afe01667f4e,איש תורה אשה תורה,גיורא בן-יעקוב SMS,1839,True,3,,,False,False,thematic_corpus,rule:גיורא בן-יעקוב SMS,medium,
67a4e24e-8d89-4c9c-8c69-fc23f9bb9a76,והאיש משה ענו מאד מכל האדם אשר על פני האדמה,גיורא בן-יעקוב SMS,1774,True,3,,,False,False,thematic_corpus,rule:גיורא בן-יעקוב SMS,medium,
6fdd347a-5335-4cdd-9ff0-b0dbac692fbf,אנה אמצאך רבונו של עולם ואנה לא אמצאך רבונו של עולם,גיורא בן-יעקוב SMS,1933,True,3,,,False,False,thematic_corpus,rule:גיורא בן-יעקוב SMS,medium,
8dee5515-b22a-431c-af18-1643969151bb,הריני מקבל עלי מצות עשה של ואהבת לרעך כמוך,גיורא בן-יעקוב SMS,2618,True,3,,,False,False,thematic_corpus,rule:גיורא בן-יעקוב SMS,medium,
a56850bb-bb29-4ac6-8322-73ceffe7524e,תורת החסידות,גיורא בן-יעקוב SMS,1499,True,3,,,False,False,thematic_corpus,rule:גיורא בן-יעקוב SMS,medium,
adb582ed-d539-4703-8305-7d0bda30245d,ונושבו הערים והחרבות תבנינה,גיורא בן-יעקוב SMS,1839,True,3,,,False,False,thematic_corpus,rule:גיורא בן-יעקוב SMS,medium,
af12e349-6162-4468-8bef-295ed2f843d2,אפשר להתיחד עם יהוה בכל רגע,גיורא בן-יעקוב SMS,1499,True,3,,,False,False,thematic_corpus,rule:גיורא בן-יעקוב SMS,medium,
d00e1095-0766-41d3-9de1-884db2c06d7c,תורה תורה תורה,גיורא בן-יעקוב SMS,1833,True,3,,,False,False,thematic_corpus,rule:גיורא בן-יעקוב SMS,medium,
4905c4f5-f764-4a48-8f86-3106e06054b9,תשפד,גיורא בן-יעקוב SMS,784,True,3,,,False,False,numeric_word_construct,rule:גיורא בן-יעקוב SMS,medium,
0a24a39e-0160-429c-9d53-7f258a44ab7d,נחם,contribution:צבי (OPOC),98,True,3,,,False,False,research_vocabulary,rule:contribution:צבי (OPOC),medium,
0305cc2e-abba-49fd-8014-e8a4bcefcf44,להפוך את החשך,גיורא בן-יעקוב SMS,875,True,3,,,False,False,thematic_corpus,rule:גיורא בן-יעקוב SMS,medium,
a05fa781-de87-4d04-a912-7be44393f018,היטיבה יהוה לטובים ולישרים בלבותם,גיורא בן-יעקוב SMS,1240,True,3,,,False,False,thematic_corpus,rule:גיורא בן-יעקוב SMS,medium,
a0d810d9-1de8-49bb-9250-18f759630c2b,ישות ישות,גיורא בן-יעקוב SMS,1432,True,3,,,False,False,thematic_corpus,rule:גיורא בן-יעקוב SMS,medium,
342ad1a6-ae1a-419b-b498-f169f122d157,נתתי בענן,contribution:צבי (OPOC),1032,True,3,,,False,False,research_vocabulary,rule:contribution:צבי (OPOC),medium,
c240360c-f7f0-4bf6-a6cf-2d0f8faf2273,עבדת הצדקה,contribution:צבי (OPOC),680,True,3,,,False,False,research_vocabulary,rule:contribution:צבי (OPOC),medium,
bf4f5526-4bb5-46b9-bcd9-5ee3ae00ecb7,עד שקרים לא ינקה ויפיח כזבים לא ימלט,contribution:צבי (OPOC),1233,True,3,,,False,False,research_vocabulary,rule:contribution:צבי (OPOC),medium,
a1a30637-014b-456a-a92b-b6c7bf0e734b,בז באדר מת משה ובז באדר נולד,גיורא בן-יעקוב SMS,1313,True,3,,,False,False,thematic_corpus,rule:גיורא בן-יעקוב SMS,medium,
a3ddf44c-5baf-4deb-8f0c-7a23b588a2f5,מאין באת לאן אתה הולך,גיורא בן-יעקוב SMS,1052,True,3,,,False,False,thematic_corpus,rule:גיורא בן-יעקוב SMS,medium,
a4379d8d-a21f-457b-9f27-3775683462b4,מורנו הבעל שם טוב אדמור הזקן,גיורא בן-יעקוב SMS,1179,True,3,,,False,False,thematic_corpus,rule:גיורא בן-יעקוב SMS,medium,
91f3f941-4533-4754-89a7-5cb00f8225e0,עולם התקון,גיורא בן-יעקוב SMS,707,True,3,,,False,False,thematic_corpus,rule:גיורא בן-יעקוב SMS,medium,
9274c01d-1371-43e9-9d4d-c1c412f9b630,האמונה הפשוטה שיהוה הוא הכל והכל הוא יהוה,גיורא בן-יעקוב SMS,1004,True,3,,,False,False,thematic_corpus,rule:גיורא בן-יעקוב SMS,medium,
aa7fa435-180c-47c4-8d80-c05660573208,נמתיק סוד,גיורא בן-יעקוב SMS,670,True,3,,,False,False,thematic_corpus,rule:גיורא בן-יעקוב SMS,medium,
afb7eb8b-22fb-4376-93ab-c77224e64f7c,דרך ארץ קדמה לתורה,גיורא בן-יעקוב SMS,1305,True,3,,,False,False,thematic_corpus,rule:גיורא בן-יעקוב SMS,medium,
e06e7cd4-b980-4489-94c0-3045a4e298ab,קבלת הבעל שם טוב,גיורא בן-יעקוב SMS,996,True,3,,,False,False,thematic_corpus,rule:גיורא בן-יעקוב SMS,medium,
5bb8580c-ad4b-4736-bc30-ff3c190cf1ee,קבלת האריזל,גיורא בן-יעקוב SMS,785,True,3,,,False,False,thematic_corpus,rule:גיורא בן-יעקוב SMS,medium,
9126e914-1ba4-4285-bce0-4823c4ba6b4a,עוד מעט,contribution:צבי (OPOC),199,True,3,,,False,False,research_vocabulary,rule:contribution:צבי (OPOC),medium,
368bc763-fe43-4e1b-8622-31a4c0e769c6,עליך זרח,contribution:צבי (OPOC),345,True,3,,,False,False,research_vocabulary,rule:contribution:צבי (OPOC),medium,
52fe44d9-0d57-4ab6-bfbb-33826a5e88a7,עם כלביא,contribution:צבי (OPOC),173,True,3,,,False,False,research_vocabulary,rule:contribution:צבי (OPOC),medium,
f208aff8-4e07-42da-b22d-7a37a836b870,עם שמש ולפני ירח,contribution:צבי (OPOC),1144,True,3,,,False,False,research_vocabulary,rule:contribution:צבי (OPOC),medium,
0a558a70-f8ff-4dc8-b4f0-2a77be04f44b,עמדת לעד,contribution:צבי (OPOC),618,True,3,,,False,False,research_vocabulary,rule:contribution:צבי (OPOC),medium,
9f24f6bd-8a9b-4722-a47f-1736f16e96b6,כל אשר חפץ יהוה עשה בשמים ובארץ בימים וכל תהמות,גיורא בן-יעקוב SMS,2830,True,3,,,False,False,thematic_corpus,rule:גיורא בן-יעקוב SMS,medium,
922ecf99-a804-4b6a-b6cc-512a9c766536,עתודים,contribution:צבי (OPOC),530,True,3,,,False,False,research_vocabulary,rule:contribution:צבי (OPOC),medium,
631848f0-3cf5-4583-a437-0ac623882d92,פנו דרך יהוה,contribution:צבי (OPOC),386,True,3,,,False,False,research_vocabulary,rule:contribution:צבי (OPOC),medium,
c4b7b2d8-e8fa-4ffd-817a-8e4f9f58fb26,פני הכרבים,contribution:צבי (OPOC),417,True,3,,,False,False,research_vocabulary,rule:contribution:צבי (OPOC),medium,
0aed4cd8-36d1-4468-90d7-fd981f295856,פקודי יהוה ישרים,contribution:צבי (OPOC),786,True,3,,,False,False,research_vocabulary,rule:contribution:צבי (OPOC),medium,
09036f05-74db-46e6-b9e4-f1bd8488e307,פרש ענן למסך ואש להאיר לי,contribution:צבי (OPOC),1493,True,3,,,False,False,research_vocabulary,rule:contribution:צבי (OPOC),medium,
904d5859-1f3e-4d40-a047-ac16a3d726f0,צבאה,contribution:צבי (OPOC),98,True,3,,,False,False,research_vocabulary,rule:contribution:צבי (OPOC),medium,
36a7bc9d-28be-4aed-89c9-b0d1cbc99bf2,קדם ידעתי,contribution:צבי (OPOC),638,True,3,,,False,False,research_vocabulary,rule:contribution:צבי (OPOC),medium,
1167dace-0c8f-46af-b47e-355324e89733,קודם כל תשובה,contribution:צבי (OPOC),913,True,3,,,False,False,research_vocabulary,rule:contribution:צבי (OPOC),medium,
e65ba5d2-3ae0-48da-8755-574d5867a396,קולך,contribution:צבי (OPOC),156,True,3,,,False,False,research_vocabulary,rule:contribution:צבי (OPOC),medium,
6ad7d780-c3cf-4bf1-ba78-3ab6dc0c4756,קומי אורי כי בא אורך,contribution:צבי (OPOC),633,True,3,,,False,False,research_vocabulary,rule:contribution:צבי (OPOC),medium,
68148462-6dd7-4ba9-be53-919818bcb179,קוצותיו,contribution:צבי (OPOC),618,True,3,,,False,False,research_vocabulary,rule:contribution:צבי (OPOC),medium,
efc5408a-65b5-46b8-91d3-4b09e6585720,יצור שפל,גיורא בן-יעקוב SMS,716,True,3,,,False,False,thematic_corpus,rule:גיורא בן-יעקוב SMS,medium,
a5ba7db8-fa23-4f9f-9c14-0b71b6965f2d,קפאו תהמת,contribution:צבי (OPOC),1032,True,3,,,False,False,research_vocabulary,rule:contribution:צבי (OPOC),medium,
3ef20d97-869c-4e32-aca0-e11741221b07,קץ גלויות,contribution:צבי (OPOC),645,True,3,,,False,False,research_vocabulary,rule:contribution:צבי (OPOC),medium,
bb51b290-0c86-49e2-854c-b41a4986695f,קציר חטים,contribution:צבי (OPOC),467,True,3,,,False,False,research_vocabulary,rule:contribution:צבי (OPOC),medium,
ef0236e5-a018-429f-9d5c-c55442a9fc5b,רותם גלילי פאר,contribution:צבי (OPOC),1010,True,3,,,False,False,research_vocabulary,rule:contribution:צבי (OPOC),medium,
f5ce6ac5-05d0-46bd-9eae-d3acc7336e4d,רחל מבכה,contribution:צבי (OPOC),305,True,3,,,False,False,research_vocabulary,rule:contribution:צבי (OPOC),medium,
b8e7840a-5cca-4dc9-915b-9d44c0b11544,רחם ארחמנו,contribution:צבי (OPOC),553,True,3,,,False,False,research_vocabulary,rule:contribution:צבי (OPOC),medium,
e138c49d-f4ff-4603-afc7-02703154c63d,שא נא,contribution:צבי (OPOC),352,True,3,,,False,False,research_vocabulary,rule:contribution:צבי (OPOC),medium,
4cbb4675-567f-4934-82a5-45278e80e856,שבנו,contribution:צבי (OPOC),358,True,3,,,False,False,research_vocabulary,rule:contribution:צבי (OPOC),medium,
ab8c4776-d640-479f-9f34-49cbaa1bfa3b,שחרות,contribution:צבי (OPOC),914,True,3,,,False,False,research_vocabulary,rule:contribution:צבי (OPOC),medium,
20f7a83c-8462-4622-81a1-39b86ca52a2b,שככה,contribution:צבי (OPOC),345,True,3,,,False,False,research_vocabulary,rule:contribution:צבי (OPOC),medium,
3ef7d697-cd9a-4bf5-aa98-97e0e522c31e,של נעליך מעל רגליך,contribution:צבי (OPOC),913,True,3,,,False,False,research_vocabulary,rule:contribution:צבי (OPOC),medium,
39b89422-0fc2-488e-9a06-c72550d6d08f,שלח אורך ואמיתך,contribution:צבי (OPOC),1042,True,3,,,False,False,research_vocabulary,rule:contribution:צבי (OPOC),medium,
dc2e8f35-a274-4b54-afdf-f0cfe5ce7a75,שמעו נא,contribution:צבי (OPOC),467,True,3,,,False,False,research_vocabulary,rule:contribution:צבי (OPOC),medium,
9f2feb45-bf67-4275-af19-c4212deef0cb,שנאת חנם,contribution:צבי (OPOC),849,True,3,,,False,False,research_vocabulary,rule:contribution:צבי (OPOC),medium,
f9a952a9-2bf7-4194-889f-edcb40bba6a7,שנים עשר אנחנו אחים,contribution:צבי (OPOC),1144,True,3,,,False,False,research_vocabulary,rule:contribution:צבי (OPOC),medium,
17b88658-75e4-4fa5-b70b-771f1d294a9a,שרית,contribution:צבי (OPOC),910,True,3,,,False,False,research_vocabulary,rule:contribution:צבי (OPOC),medium,
0313d9eb-aba6-450e-a5da-f056b6706c5f,ששים אמה,contribution:צבי (OPOC),696,True,3,,,False,False,research_vocabulary,rule:contribution:צבי (OPOC),medium,
06ca3532-f828-45f6-aac1-db448c504f54,תבנינה,contribution:צבי (OPOC),517,True,3,,,False,False,research_vocabulary,rule:contribution:צבי (OPOC),medium,
234cc70a-9c71-4571-954c-e0147095dd60,תדעון,contribution:צבי (OPOC),530,True,3,,,False,False,research_vocabulary,rule:contribution:צבי (OPOC),medium,
bb9a69b5-3baf-433e-98ae-5baebc930097,תומר דבורה,contribution:צבי (OPOC),863,True,3,,,False,False,research_vocabulary,rule:contribution:צבי (OPOC),medium,
dbcc4bb3-8999-4c7c-bb78-d83d4825f2fd,תמימם,contribution:צבי (OPOC),530,True,3,,,False,False,research_vocabulary,rule:contribution:צבי (OPOC),medium,
e13cc0a6-7d86-44d4-af54-556fe15a000e,תנחילנה,contribution:צבי (OPOC),553,True,3,,,False,False,research_vocabulary,rule:contribution:צבי (OPOC),medium,
41a96df4-7ad1-460c-9b6e-6ab7ace7a95f,תרום בכבוד,contribution:צבי (OPOC),680,True,3,,,False,False,research_vocabulary,rule:contribution:צבי (OPOC),medium,
612c6309-74d4-4e85-aaae-c167639c4c2e,תשמרון,contribution:צבי (OPOC),996,True,3,,,False,False,research_vocabulary,rule:contribution:צבי (OPOC),medium,
c9e623ab-90d9-45ea-a434-340ff1a7f9f5,דאגה בלב איש חולת אהבה,גיורא בן-יעקוב SMS,815,True,3,,,False,False,thematic_corpus,rule:גיורא בן-יעקוב SMS,medium,
ed751daf-22b9-418e-81db-c9e7ff4466b4,בנין פרצוף רחל,גיורא בן-יעקוב SMS,806,True,3,,,False,False,thematic_corpus,rule:גיורא בן-יעקוב SMS,medium,
f5d42ea9-e5cc-4b65-8cca-65811a344c4c,נער הגבעות,גיורא בן-יעקוב SMS,806,True,3,,,False,False,thematic_corpus,rule:גיורא בן-יעקוב SMS,medium,
d7586cb8-da40-4e1f-a563-b0e292f1693c,בכל לבבך בשני יצריך ובכל נפשך אפילו הוא נוטל את נפשך ובכל מאדך בכל ממונך,גיורא בן-יעקוב SMS,2722,True,3,,,False,False,thematic_corpus,rule:גיורא בן-יעקוב SMS,medium,
d87a7ec7-cac3-480a-b324-af2341db139f,סובב ממלא,גיורא בן-יעקוב SMS,181,True,3,,,False,False,thematic_corpus,rule:גיורא בן-יעקוב SMS,medium,
17961aa9-abca-47d0-a2d4-54a1d956a2ed,שפלות השתוות,גיורא בן-יעקוב SMS,1933,True,3,,,False,False,thematic_corpus,rule:גיורא בן-יעקוב SMS,medium,
9b4d1bf6-a132-48f6-bc82-92ef2b3e2cbc,שמעון מאיר עקיבא,גיורא בן-יעקוב SMS,900,True,3,,,False,False,thematic_corpus,rule:גיורא בן-יעקוב SMS,medium,
a68c909f-db05-4935-8195-2bec62528924,לשמוח בכל מצב,גיורא בן-יעקוב SMS,568,True,3,,,False,False,thematic_corpus,rule:גיורא בן-יעקוב SMS,medium,
74a5ad76-f8b7-444e-9b80-882c7d126dc4,בטול יחוד,גיורא בן-יעקוב SMS,75,True,3,,,False,False,thematic_corpus,rule:גיורא בן-יעקוב SMS,medium,
1a1477ca-42d5-440a-9fd9-5f960aa0b088,פדה בשלום,גיורא בן-יעקוב SMS,467,True,3,,,False,False,thematic_corpus,rule:גיורא בן-יעקוב SMS,medium,
4743ee0f-5582-435e-823c-eee9f1bb81f8,אדמור האמצעי,גיורא בן-יעקוב SMS,467,True,3,,,False,False,thematic_corpus,rule:גיורא בן-יעקוב SMS,medium,
5a3eb186-f0d7-4b38-9c46-39e7e8adc405,אנכי אשמח ביהוה,גיורא בן-יעקוב SMS,458,True,3,,,False,False,thematic_corpus,rule:גיורא בן-יעקוב SMS,medium,
6bc20bc7-02bd-4939-86b6-de47ffdf87cf,אני בעל בחירה,גיורא בן-יעקוב SMS,388,True,3,,,False,False,thematic_corpus,rule:גיורא בן-יעקוב SMS,medium,
99301787-5db9-44ff-a87c-fa99eddd5fe7,תורה שבעל פה,גיורא בן-יעקוב SMS,1098,True,3,,,False,False,thematic_corpus,rule:גיורא בן-יעקוב SMS,medium,
b71eceb7-f929-4bc4-9127-9589bd83eb35,צורי אחסה בו,גיורא בן-יעקוב SMS,388,True,3,,,False,False,thematic_corpus,rule:גיורא בן-יעקוב SMS,medium,
bc1d7a17-caeb-479a-8af6-96877145aa36,חי בקרבי,גיורא בן-יעקוב SMS,332,True,3,,,False,False,thematic_corpus,rule:גיורא בן-יעקוב SMS,medium,
944dd964-1f90-41ad-9ea4-7eb71f05e3b0,חתן וכלה,גיורא בן-יעקוב SMS,519,True,3,,,False,False,thematic_corpus,rule:גיורא בן-יעקוב SMS,medium,
da9332b6-b8fb-495b-819f-2111b0912275,יחוד הנשמה בגוף,גיורא בן-יעקוב SMS,519,True,3,,,False,False,thematic_corpus,rule:גיורא בן-יעקוב SMS,medium,
08b5166b-e46e-4553-8a5d-729bd8d1ac6a,אתה יהוה לבדך,גיורא בן-יעקוב SMS,488,True,3,,,False,False,thematic_corpus,rule:גיורא בן-יעקוב SMS,medium,
86e2d8a6-7474-4518-a0c9-c888c7753c28,שפיץ חבד,גיורא בן-יעקוב SMS,494,True,3,,,False,False,thematic_corpus,rule:גיורא בן-יעקוב SMS,medium,
41fcb65a-5ade-4208-91bb-ed0ebf265689,לכל העם בשגגה,גיורא בן-יעקוב SMS,508,True,3,,,False,False,thematic_corpus,rule:גיורא בן-יעקוב SMS,medium,
649177a5-0559-4e35-84b9-b4c2702949ac,חזק ויאמץ לבך וקוה אל יהוה,גיורא בן-יעקוב SMS,488,True,3,,,False,False,thematic_corpus,rule:גיורא בן-יעקוב SMS,medium,
133807a9-0cbe-42e5-b114-d13346fef403,יסוד כל התורה,גיורא בן-יעקוב SMS,746,True,3,,,False,False,thematic_corpus,rule:גיורא בן-יעקוב SMS,medium,
215e1577-6a8e-4b8e-a572-158d24a32356,תקון כל הפגמים,גיורא בן-יעקוב SMS,784,True,3,,,False,False,thematic_corpus,rule:גיורא בן-יעקוב SMS,medium,
85818aa6-28a5-4969-8956-2639211fda75,ותציבני לפניך לעולם,גיורא בן-יעקוב SMS,934,True,3,,,False,False,thematic_corpus,rule:גיורא בן-יעקוב SMS,medium,
36acb721-9164-49b8-82fd-f2ffaf2b4862,דעת רבי שמעון,גיורא בן-יעקוב SMS,1152,True,3,,,False,False,thematic_corpus,rule:גיורא בן-יעקוב SMS,medium,
961bd24c-ca4d-4162-9b6e-3c6177f2dcc0,שנה טובה ומתוקה,גיורא בן-יעקוב SMS,934,True,3,,,False,False,thematic_corpus,rule:גיורא בן-יעקוב SMS,medium,
5ecf8443-f655-4cf7-9a7a-c4cd06d3b696,ארץ זבת חלב ודבש,גיורא בן-יעקוב SMS,1052,True,3,,,False,False,thematic_corpus,rule:גיורא בן-יעקוב SMS,medium,
71d01184-9277-4564-82ce-745762f929e9,בחקתיהם לא תלכו,גיורא בן-יעקוב SMS,1052,True,3,,,False,False,thematic_corpus,rule:גיורא בן-יעקוב SMS,medium,
a14eb975-0c6c-424f-a19c-02a81998495c,תורת אלהיו בלבו,גיורא בן-יעקוב SMS,1098,True,3,,,False,False,thematic_corpus,rule:גיורא בן-יעקוב SMS,medium,
badb96f3-68af-4c36-b4df-14fdd832ffde,בשכבנו ובקומנו נשיח בחקיך,גיורא בן-יעקוב SMS,1098,True,3,,,False,False,thematic_corpus,rule:גיורא בן-יעקוב SMS,medium,
198569d8-cf97-4ad6-aee3-0983fa9a61c0,פנימיות הלב חצוניות הלב,גיורא בן-יעקוב SMS,1240,True,3,,,False,False,thematic_corpus,rule:גיורא בן-יעקוב SMS,medium,
e36d4226-059f-4b20-ab44-6fc937150010,תורה תורה,גיורא בן-יעקוב SMS,1222,True,3,,,False,False,thematic_corpus,rule:גיורא בן-יעקוב SMS,medium,
ec916ecb-35da-4922-a02b-8e5367dcec84,הללוהו בתקע שופר,גיורא בן-יעקוב SMS,1240,True,3,,,False,False,thematic_corpus,rule:גיורא בן-יעקוב SMS,medium,
747eb7b1-74a8-4ed4-8df9-e3b2c2f5cca4,תפלה תורה שבכתב תורה שבעל פה פנימיות התורה,גיורא בן-יעקוב SMS,4160,True,3,,,False,False,thematic_corpus,rule:גיורא בן-יעקוב SMS,medium,
e5cdc91c-d61e-4654-a788-77193ad21102,דם צפרדע כנים ערב דבר שחין ברד ארבה חשך בכורות,גיורא בן-יעקוב SMS,2830,True,3,,,False,False,thematic_corpus,rule:גיורא בן-יעקוב SMS,medium,
14af1880-47e2-40f0-a245-2d5fface0a77,כח הצדיקים,contribution:צבי (OPOC),287,True,3,,,False,False,research_vocabulary,rule:contribution:צבי (OPOC),medium,
948e7f0f-d8be-4ea5-952a-d8475f1d993b,אין עוד מלבדו,גיורא בן-יעקוב SMS,223,True,3,,,False,False,thematic_corpus,rule:גיורא בן-יעקוב SMS,medium,
ee6746c6-8710-4ba6-9c89-d1428fba27e0,אחזתיו ולא ארפנו,גיורא בן-יעקוב SMS,806,True,3,,,False,False,thematic_corpus,rule:גיורא בן-יעקוב SMS,medium,
de6e53e6-63ee-4994-80c4-4b54ff58bc8a,מנחם מענדל,גיורא בן-יעקוב SMS,332,True,3,,,False,False,thematic_corpus,rule:גיורא בן-יעקוב SMS,medium,
dfc3d84b-2e7d-49ec-8690-53f053fcf89e,חכמה בינה דעת,גיורא בן-יעקוב SMS,614,True,3,,,False,False,thematic_corpus,rule:גיורא בן-יעקוב SMS,medium,
f42d3094-42ed-4948-95fb-8dc9cbe6a80c,למצוא את יהוה,גיורא בן-יעקוב SMS,594,True,3,,,False,False,thematic_corpus,rule:גיורא בן-יעקוב SMS,medium,
287dbcac-092f-4a66-aa24-cdc12d3e8fb3,מעל הזמן בתוך הזמן,גיורא בן-יעקוב SMS,772,True,3,,,False,False,thematic_corpus,rule:גיורא בן-יעקוב SMS,medium,
0667bead-ef0a-4d6c-aee7-22061cec450d,אשירה ליהוה כי גאה גאה,גיורא בן-יעקוב SMS,620,True,3,,,False,False,thematic_corpus,rule:גיורא בן-יעקוב SMS,medium,
07744abf-0b5b-47c0-a8b0-1a300793ea04,משנה תלמוד,גיורא בן-יעקוב SMS,875,True,3,,,False,False,thematic_corpus,rule:גיורא בן-יעקוב SMS,medium,
084c5f7a-9fc3-43ef-a26f-99ad4a53f9c9,להתגבר על כל הנסיונות,גיורא בן-יעקוב SMS,1377,True,3,,,False,False,thematic_corpus,rule:גיורא בן-יעקוב SMS,medium,
093efddc-6e0d-4985-8a2a-bae3f5a35e69,לחזות בנעם יהוה,גיורא בן-יעקוב SMS,639,True,3,,,False,False,thematic_corpus,rule:גיורא בן-יעקוב SMS,medium,
1282cf92-917c-489b-8fd5-086652b59036,בעל תשובה,גיורא בן-יעקוב SMS,815,True,3,,,False,False,thematic_corpus,rule:גיורא בן-יעקוב SMS,medium,
16e09675-bbf5-40f6-b1df-d8609e3b850a,קדוש ברוך סובב ממלא,גיורא בן-יעקוב SMS,819,True,3,,,False,False,thematic_corpus,rule:גיורא בן-יעקוב SMS,medium,
241e9497-77d6-461f-a20e-a5f3684e8aa3,יהוה אורי וישעי,גיורא בן-יעקוב SMS,639,True,3,,,False,False,thematic_corpus,rule:גיורא בן-יעקוב SMS,medium,
2e10c62d-05b0-4adf-83c7-45e3d82e93c9,פנימיות התורה,גיורא בן-יעקוב SMS,1212,True,3,,,False,False,thematic_corpus,rule:גיורא בן-יעקוב SMS,medium,
315763f8-2283-4543-9e2e-856442c896ce,שאו ידכם קדש,גיורא בן-יעקוב SMS,785,True,3,,,False,False,thematic_corpus,rule:גיורא בן-יעקוב SMS,medium,
33cb4cd0-d7c5-4b87-be17-b5cd27afb16f,הקדוש ברוך הוא בחר בגוף היהודי,גיורא בן-יעקוב SMS,996,True,3,,,False,False,thematic_corpus,rule:גיורא בן-יעקוב SMS,medium,
35ed6a86-882a-40ad-ac65-026d42181077,שמחה בעבודת יהוה,גיורא בן-יעקוב SMS,863,True,3,,,False,False,thematic_corpus,rule:גיורא בן-יעקוב SMS,medium,
3633fbb7-ece2-41bd-aceb-cc9f47812e33,שפלות בטול,גיורא בן-יעקוב SMS,863,True,3,,,False,False,thematic_corpus,rule:גיורא בן-יעקוב SMS,medium,
429aa36d-2ae7-4486-b216-33bb6ad79ae7,חיבים להגיע למצב של זכו,גיורא בן-יעקוב SMS,713,True,3,,,False,False,thematic_corpus,rule:גיורא בן-יעקוב SMS,medium,
46e3d4a1-aed0-4364-a64a-1fabd199e63b,רבי חסידות חסידים,גיורא בן-יעקוב SMS,832,True,3,,,False,False,thematic_corpus,rule:גיורא בן-יעקוב SMS,medium,
4847a979-4b52-4dde-8d68-faf8407a4871,ארץ טובה ורחבה,גיורא בן-יעקוב SMS,534,True,3,,,False,False,thematic_corpus,rule:גיורא בן-יעקוב SMS,medium,
5af04402-5795-4119-a869-8a65c3d8ff6c,אחדות פשוטה,גיורא בן-יעקוב SMS,819,True,3,,,False,False,thematic_corpus,rule:גיורא בן-יעקוב SMS,medium,
652a9f13-422e-4450-bd78-b99c0b40c2cb,אני לדודי ודודי לי הרועה בשושנים,גיורא בן-יעקוב SMS,1179,True,3,,,False,False,thematic_corpus,rule:גיורא בן-יעקוב SMS,medium,
661991db-861e-49d7-9ff5-e962da9793ad,לב ישראל חי,גיורא בן-יעקוב SMS,591,True,3,,,False,False,thematic_corpus,rule:גיורא בן-יעקוב SMS,medium,
67833cc9-68d8-483f-82da-3099e674ace6,חרטה על העבר וקבלה על העתיד,גיורא בן-יעקוב SMS,1331,True,3,,,False,False,thematic_corpus,rule:גיורא בן-יעקוב SMS,medium,
69d40d60-4727-4a93-81fc-1328b819dfd9,משוגע לדבר,גיורא בן-יעקוב SMS,655,True,3,,,False,False,thematic_corpus,rule:גיורא בן-יעקוב SMS,medium,
69f4a9ea-6ea6-4c6c-a0cc-c03a2e51e1f9,עבדו את ה בשמחה,גיורא בן-יעקוב SMS,843,True,3,,,False,False,thematic_corpus,rule:גיורא בן-יעקוב SMS,medium,
6c9230e4-5542-4895-9c88-1712b4a0aa4e,ארור המן ברוך מרדכי,גיורא בן-יעקוב SMS,1004,True,3,,,False,False,thematic_corpus,rule:גיורא בן-יעקוב SMS,medium,
741b6fb0-d8c1-4fd1-9dd9-b06ac0395171,דירה לעצמותו,גיורא בן-יעקוב SMS,861,True,3,,,False,False,thematic_corpus,rule:גיורא בן-יעקוב SMS,medium,
7da67651-0246-4d80-8a5c-5b1be4ac8c06,אחות רעיה יונה תמה,גיורא בן-יעקוב SMS,1216,True,3,,,False,False,thematic_corpus,rule:גיורא בן-יעקוב SMS,medium,
7daaad70-b470-43c8-8362-e92af959a3a8,ומרדכי לא יכרע ולא ישתחוה,גיורא בן-יעקוב SMS,1377,True,3,,,False,False,thematic_corpus,rule:גיורא בן-יעקוב SMS,medium,
83baf553-a421-4d26-9d9e-2b5fdba3e1dd,הזדמנות שניה,גיורא בן-יעקוב SMS,877,True,3,,,False,False,thematic_corpus,rule:גיורא בן-יעקוב SMS,medium,
913bba52-895f-4722-aee4-46aed004c816,וטהר לבנו לעבדך באמת,גיורא בן-יעקוב SMS,877,True,3,,,False,False,thematic_corpus,rule:גיורא בן-יעקוב SMS,medium,
b8dffad2-bc6e-46ea-9868-c5721d18ee0e,טעמי המצות,גיורא בן-יעקוב SMS,670,True,3,,,False,False,thematic_corpus,rule:גיורא בן-יעקוב SMS,medium,
c006ba74-15da-4bb9-b767-b5ae94c60aa7,קשר ישיר ליהוה,גיורא בן-יעקוב SMS,1176,True,3,,,False,False,thematic_corpus,rule:גיורא בן-יעקוב SMS,medium,
c32ad017-b2ce-437e-af73-4ce778e03216,וישלח יעקב מלאכים לפניו,גיורא בן-יעקוב SMS,853,True,3,,,False,False,thematic_corpus,rule:גיורא בן-יעקוב SMS,medium,
c81fd197-6e09-4f39-9856-4b18da0eaeaf,יסוד היסודות ועמוד החכמות,גיורא בן-יעקוב SMS,1176,True,3,,,False,False,thematic_corpus,rule:גיורא בן-יעקוב SMS,medium,
cc474cae-04f8-43b0-b88c-9a03e18e7120,ארץ חמדה טובה ורחבה,גיורא בן-יעקוב SMS,591,True,3,,,False,False,thematic_corpus,rule:גיורא בן-יעקוב SMS,medium,
cdc80759-303d-449e-9738-47eef18d25ea,כי עפר אתה,גיורא בן-יעקוב SMS,786,True,3,,,False,False,thematic_corpus,rule:גיורא בן-יעקוב SMS,medium,
d20867b5-f454-42a7-abb5-1ca93fbe1858,אהבה שאינה תלויה בדבר,גיורא בן-יעקוב SMS,1038,True,3,,,False,False,thematic_corpus,rule:גיורא בן-יעקוב SMS,medium,
d5bbba12-c725-4cbe-a3c4-47f04c6e16f0,קשור לה בעצם,גיורא בן-יעקוב SMS,843,True,3,,,False,False,thematic_corpus,rule:גיורא בן-יעקוב SMS,medium,
dd0828ab-7e77-4b1d-a450-716f156daf8a,ויעקב נסע סכתה,גיורא בן-יעקוב SMS,853,True,3,,,False,False,thematic_corpus,rule:גיורא בן-יעקוב SMS,medium,
de07dfd1-353a-4518-8a93-989627229c2f,ברור הנפש הבהמית,גיורא בן-יעקוב SMS,1305,True,3,,,False,False,thematic_corpus,rule:גיורא בן-יעקוב SMS,medium,
e0191f41-ddbc-41fa-a58c-e56b3f694011,שבירת הכלים דתהו,גיורא בן-יעקוב SMS,1432,True,3,,,False,False,thematic_corpus,rule:גיורא בן-יעקוב SMS,medium,
e274b888-af14-4766-93a3-5cd5b4408df2,ירושת הארץ,גיורא בן-יעקוב SMS,1212,True,3,,,False,False,thematic_corpus,rule:גיורא בן-יעקוב SMS,medium,
e2dfbb94-b563-43a5-af5f-b8a659b0242d,ספר לקוטי אמרים,גיורא בן-יעקוב SMS,786,True,3,,,False,False,thematic_corpus,rule:גיורא בן-יעקוב SMS,medium,
e5f75ab9-be30-4c09-83bf-8129a50ce568,משה ישראל דוד,גיורא בן-יעקוב SMS,900,True,3,,,False,False,thematic_corpus,rule:גיורא בן-יעקוב SMS,medium,
e8829859-4f5b-45fa-84f5-f991f56639af,לב לדעת ועינים לראות,גיורא בן-יעקוב SMS,1359,True,3,,,False,False,thematic_corpus,rule:גיורא בן-יעקוב SMS,medium,
eaf72555-1b25-4b65-bfbe-513fdf769b3a,אהבה דוחקת הבשר,גיורא בן-יעקוב SMS,1038,True,3,,,False,False,thematic_corpus,rule:גיורא בן-יעקוב SMS,medium,
f1baf5fa-bcc9-47b0-9f0c-bf49a68a433f,פשט רמז דרוש סוד,גיורא בן-יעקוב SMS,1216,True,3,,,False,False,thematic_corpus,rule:גיורא בן-יעקוב SMS,medium,
f8a39a66-a110-43d4-9469-07b1f4d60346,להתמודד עם הקושי,גיורא בן-יעקוב SMS,1020,True,3,,,False,False,thematic_corpus,rule:גיורא בן-יעקוב SMS,medium,
fdad4054-5ea1-4b91-84fc-b806eea1919e,חבור הנשמה בגוף,גיורא בן-יעקוב SMS,707,True,3,,,False,False,thematic_corpus,rule:גיורא בן-יעקוב SMS,medium,
aa6ea6f2-d891-45b4-bfda-677fec998d85,אמונה תענוג רצון בטול שמחה יחוד אהבה יראה רחמים בטחון תמימות אמת שפלות,גיורא בן-יעקוב SMS,4160,True,3,,,False,False,thematic_corpus,rule:גיורא בן-יעקוב SMS,medium,
16555109-4f1d-41f5-a5b4-11d2cc379692,אני בדיחה,גיורא בן-יעקוב SMS,90,True,3,,,False,False,thematic_corpus,rule:גיורא בן-יעקוב SMS,medium,
229a446f-6477-44bc-aa4e-d2710d3165e3,איזון האהבה,גיורא בן-יעקוב SMS,92,True,3,,,False,False,thematic_corpus,rule:גיורא בן-יעקוב SMS,medium,
2ca6fb03-004d-4081-98fa-7f2a62e464fe,אמונה דעה,גיורא בן-יעקוב SMS,181,True,3,,,False,False,thematic_corpus,rule:גיורא בן-יעקוב SMS,medium,
ad607330-7026-42c1-9971-8f80ddcbb099,כלי קבול,גיורא בן-יעקוב SMS,198,True,3,,,False,False,thematic_corpus,rule:גיורא בן-יעקוב SMS,medium,
70b66f57-9e22-48ca-8a38-07855e0acf8f,שטח אין סופי,גיורא בן-יעקוב SMS,534,True,3,,,False,False,thematic_corpus,rule:גיורא בן-יעקוב SMS,medium,
68a3d0ba-d6ee-4a86-a7c6-0b2af3a7e1d2,אדמור הזקן המגיד מליאזנא,גיורא בן-יעקוב SMS,614,True,3,,,False,False,thematic_corpus,rule:גיורא בן-יעקוב SMS,medium,
1f25580b-2552-424b-a0db-3b2b832e3c70,אצילות איז אויך דא,גיורא בן-יעקוב SMS,597,True,3,,,False,False,thematic_corpus,rule:גיורא בן-יעקוב SMS,medium,
316d7701-2a47-4f50-96c2-b5537aa57458,ואציעה שאול הנך,גיורא בן-יעקוב SMS,594,True,3,,,False,False,thematic_corpus,rule:גיורא בן-יעקוב SMS,medium,
6fddaa45-c2e6-4b60-892b-d6a2789d38d6,אמונה תמימה,גיורא בן-יעקוב SMS,597,True,3,,,False,False,thematic_corpus,rule:גיורא בן-יעקוב SMS,medium,
abc1262b-50eb-4f2c-9214-f82e087a9c55,בטול העצבות,גיורא בן-יעקוב SMS,620,True,3,,,False,False,thematic_corpus,rule:גיורא בן-יעקוב SMS,medium,
34dba571-3183-48aa-b289-3fb04a031751,ספר התניא,גיורא בן-יעקוב SMS,806,True,3,,,False,False,thematic_corpus,rule:גיורא בן-יעקוב SMS,medium,
63399783-e6bc-427d-8541-7e17f2eca118,אשירה ליהוה כי גמל עלי,גיורא בן-יעקוב SMS,785,True,3,,,False,False,thematic_corpus,rule:גיורא בן-יעקוב SMS,medium,
837c80da-35fa-4bcc-a0c8-ae639b461a58,יזרעאל לא רחמה לא עמי,גיורא בן-יעקוב SMS,753,True,3,,,False,False,thematic_corpus,rule:גיורא בן-יעקוב SMS,medium,
d73f1524-418e-4580-9ecb-22adbbcb2395,עוגת דבש,גיורא בן-יעקוב SMS,785,True,3,,,False,False,thematic_corpus,rule:גיורא בן-יעקוב SMS,medium,
fd0946da-d2a7-4bad-b817-e59ebb6437ac,בן בארי בת דבלים,גיורא בן-יעקוב SMS,753,True,3,,,False,False,thematic_corpus,rule:גיורא בן-יעקוב SMS,medium,
dcb8bea1-7029-47a7-a9ca-4f8fd11f2a4c,הכנעה הבדלה המתקה,גיורא בן-יעקוב SMS,746,True,3,,,False,False,thematic_corpus,rule:גיורא בן-יעקוב SMS,medium,
ba116586-69c3-4177-a4b9-0ac9a9a88e1a,יתמו חטאים מן הארץ,גיורא בן-יעקוב SMS,910,True,3,,,False,False,thematic_corpus,rule:גיורא בן-יעקוב SMS,medium,
ba69ca1e-3be6-4061-afed-69a7c946856f,נשיאת הפכים,גיורא בן-יעקוב SMS,916,True,3,,,False,False,thematic_corpus,rule:גיורא בן-יעקוב SMS,medium,
feb20c51-4f37-4f58-8a38-80c86f56f27d,תכונה יהודית,גיורא בן-יעקוב SMS,916,True,3,,,False,False,thematic_corpus,rule:גיורא בן-יעקוב SMS,medium,
160dadba-2ecf-4293-ad45-037068f0ee11,בלי גבול ותכלית,גיורא בן-יעקוב SMS,949,True,3,,,False,False,thematic_corpus,rule:גיורא בן-יעקוב SMS,medium,
49c74e32-550d-433e-8af1-22bffb502224,את פניך יהוה אבקש,גיורא בן-יעקוב SMS,990,True,3,,,False,False,thematic_corpus,rule:גיורא בן-יעקוב SMS,medium,
66d3f6fa-a0f8-4140-90f5-b7e93b15d514,מלך מלכי המלכים הקדוש ברוך הוא,גיורא בן-יעקוב SMS,990,True,3,,,False,False,thematic_corpus,rule:גיורא בן-יעקוב SMS,medium,
7dafd1a3-b55a-4e88-8955-5dcbf3c2fd65,אל תבלבל את המח,גיורא בן-יעקוב SMS,949,True,3,,,False,False,thematic_corpus,rule:גיורא בן-יעקוב SMS,medium,
47403f1e-da30-41ba-971c-8491805bac5b,רפואת הגוף והנפש,גיורא בן-יעקוב SMS,1222,True,3,,,False,False,thematic_corpus,rule:גיורא בן-יעקוב SMS,medium,
410954f7-5d93-4207-b8ae-6da3b4bd62dc,הרב אומר על עצמו שהוא משיח,גיורא בן-יעקוב SMS,1430,True,3,,,False,False,thematic_corpus,rule:גיורא בן-יעקוב SMS,medium,
5179a056-63e1-4124-acdb-2d5ec4880d7e,משכני אחריך נרוצה הביאני המלך חדריו,גיורא בן-יעקוב SMS,1411,True,3,,,False,False,thematic_corpus,rule:גיורא בן-יעקוב SMS,medium,
978c638a-3a62-403f-bf70-5852f0ed34fc,יהוה יתברך בחר בישראל,גיורא בן-יעקוב SMS,1411,True,3,,,False,False,thematic_corpus,rule:גיורא בן-יעקוב SMS,medium,
c3935958-7695-4f9f-872c-d3737edcc939,יחי אדוננו מורנו ורבינו מלך המשיח לעולם ועד,גיורא בן-יעקוב SMS,1430,True,3,,,False,False,thematic_corpus,rule:גיורא בן-יעקוב SMS,medium,
24e94426-7bce-4203-99dd-6b81b1b9565c,עבר הוה עתיד,גיורא בן-יעקוב SMS,772,True,3,,,False,False,thematic_corpus,rule:גיורא בן-יעקוב SMS,medium,
c6f83d14-8d1d-4703-9fe0-5f387b9c40ba,אל בני ישראל אשלים מלאכה,contribution:יניב לוי,1111,True,3,els,יניב לוי,True,False,research_package,rule:contribution:יניב לוי,high,yaniv_els_637
302bf887-8af7-483c-8059-09b236e6285c,סוד הגאולה התשפ״ו,contribution:אריאל,911,True,3,,,False,False,thematic_corpus,rule:contribution:אריאל,high,
b94f71f0-9b6f-4f29-9ba3-4b0958972c9c,שניאור התשפ״ו,contribution:אריאל,1358,True,3,,,False,False,thematic_corpus,rule:contribution:אריאל,high,
c7dee8ab-6e36-4086-86fd-b4c363480c82,תשפו,גיורא בן-יעקוב SMS,786,True,1,,OPOC1 OPOC1,False,False,research_package,rule:גיורא בן-יעקוב SMS,high,giora_opoc_786
2a2a1757-a26f-47ce-8672-9fcd79fd010e,קטנתי מכל החסדים,גיורא בן-יעקוב SMS,786,True,3,,OPOC1 OPOC1,False,False,research_package,rule:גיורא בן-יעקוב SMS,high,giora_opoc_786
c218320d-84ac-465b-bad8-def4205344f1,אני הבעיה עצמה,גיורא בן-יעקוב SMS,358,True,3,,,False,False,thematic_corpus,rule:גיורא בן-יעקוב SMS,medium,
dd59172a-6626-4201-804c-0e3d10991055,שר הדין,contribution:יניב לוי,569,True,3,רמז,,True,False,research_package,rule:contribution:יניב לוי,high,yaniv_sar_hadin
c6c31f5c-9d98-4a98-811b-c242df1cadc5,ישמח אביך ואמך,גיורא בן-יעקוב SMS,458,True,3,,,False,False,thematic_corpus,rule:גיורא בן-יעקוב SMS,medium,
bb412f66-b2c5-41e8-96a5-a27a05bc775a,תורה אחת,contribution:צבי (OPOC),1020,True,3,תורה והשגחה,,False,False,research_package,rule:contribution:צבי (OPOC),high,tzvi_torah_hashgacha_1020
36008571-0066-40c5-8fba-8a0e817cb826,ובתורתו,contribution:צבי (OPOC),1020,True,3,תורה והשגחה,,False,False,research_package,rule:contribution:צבי (OPOC),high,tzvi_torah_hashgacha_1020
7a1098b9-bc18-4f30-8d1c-a47a89e3b4d9,מלחמת לינדזי גרהאם,contribution:יניב לוי,878,True,3,משיח וגאולה,,False,False,thematic_corpus,rule:contribution:יניב לוי,high,
7f0c12e8-d442-4e92-a060-5fc520d8d687,מעלפת ספירים,contribution:צבי (OPOC),1020,True,3,תורה והשגחה,,False,False,research_package,rule:contribution:צבי (OPOC),high,tzvi_torah_hashgacha_1020
1b7c0034-7628-43f4-9dca-af41619def0a,קציר כתר,contribution:צבי (OPOC),1020,True,3,תורה והשגחה,,False,False,research_package,rule:contribution:צבי (OPOC),high,tzvi_torah_hashgacha_1020
048ab0d7-8201-4e02-af18-1c9ae1b8ba73,קציר שערים,contribution:צבי (OPOC),1020,True,3,תורה והשגחה,,False,False,research_package,rule:contribution:צבי (OPOC),high,tzvi_torah_hashgacha_1020
5567c4ee-71e8-480b-bbf5-db324c8ea574,אברהם רחל מבכה,contribution:צבי (OPOC),553,True,3,,,False,False,research_vocabulary,rule:contribution:צבי (OPOC),medium,
a15d7807-fca2-4b0d-9cd4-2633f256cb46,אברם הוא אברהם,contribution:צבי (OPOC),503,True,3,,,False,False,research_vocabulary,rule:contribution:צבי (OPOC),medium,
c43373b0-5d97-4b99-93bc-86d8340b1ec3,אהבה בכל נפש,contribution:צבי (OPOC),495,True,3,,,False,False,research_vocabulary,rule:contribution:צבי (OPOC),medium,
75639888-ac91-4e64-ab92-6ff885d58bdc,אזור חלציו,contribution:צבי (OPOC),358,True,3,,,False,False,research_vocabulary,rule:contribution:צבי (OPOC),medium,
15e3c948-a5c5-4124-8ac8-1874b51e6ae0,אל אלהי ישראל,contribution:צבי (OPOC),618,True,3,,,False,False,research_vocabulary,rule:contribution:צבי (OPOC),medium,
aae4938e-665a-452f-bf07-8325fe610c4c,אל מול פני המנורה,contribution:צבי (OPOC),553,True,3,,,False,False,research_vocabulary,rule:contribution:צבי (OPOC),medium,
69526080-6269-44c3-888e-6fb22324a760,אל מלא רחמים,contribution:צבי (OPOC),400,True,3,,,False,False,research_vocabulary,rule:contribution:צבי (OPOC),medium,
72715dba-72fd-45d0-b500-343b15177bce,אל שער המלך,contribution:צבי (OPOC),696,True,3,,,False,False,research_vocabulary,rule:contribution:צבי (OPOC),medium,
c4a87473-d3f8-442d-ae55-be39de71b2c8,אל תירא כי עמך אני,contribution:צבי (OPOC),863,True,3,,,False,False,research_vocabulary,rule:contribution:צבי (OPOC),medium,
5581b91d-6961-4058-a37e-eb5aee7aa86d,אלהינו,contribution:צבי (OPOC),102,True,3,,,False,False,research_vocabulary,rule:contribution:צבי (OPOC),medium,
005574a5-625e-4508-ae02-ab6e404728a5,אמונות,contribution:צבי (OPOC),503,True,3,,,False,False,research_vocabulary,rule:contribution:צבי (OPOC),medium,
88c95c65-410e-43b3-9f70-adc8c2368983,אמונתך,contribution:צבי (OPOC),517,True,3,,,False,False,research_vocabulary,rule:contribution:צבי (OPOC),medium,
85754b6d-13f7-4e5a-93bd-888208f0d16f,אמר עם הספר,contribution:צבי (OPOC),696,True,3,,,False,False,research_vocabulary,rule:contribution:צבי (OPOC),medium,
c576e1f4-e5d9-4778-9d88-b28b17cf7e52,אמרי האזינה יהוה בינה הגיגי,contribution:צבי (OPOC),453,True,3,,,False,False,research_vocabulary,rule:contribution:צבי (OPOC),medium,
3ffe504f-3165-4bde-adc6-cd713b8447a0,אני דניאל,contribution:צבי (OPOC),156,True,3,,,False,False,research_vocabulary,rule:contribution:צבי (OPOC),medium,
023ea974-bb2f-4ed2-98c9-a0e9b2bd9062,אניות,contribution:צבי (OPOC),467,True,3,,,False,False,research_vocabulary,rule:contribution:צבי (OPOC),medium,
ec031223-11af-437a-9ef6-9ffc0cc96e28,אנכי יהוה אלהיך,contribution:צבי (OPOC),173,True,3,,,False,False,research_vocabulary,rule:contribution:צבי (OPOC),medium,
4442edec-7d96-4e21-8129-d3182aaf0c1e,אסרה נא ואראה,contribution:צבי (OPOC),530,True,3,,,False,False,research_vocabulary,rule:contribution:צבי (OPOC),medium,
c4ab8b64-5b6f-4847-b381-9afc5e2556e9,אצמיח לדוד צמח צדקה,contribution:צבי (OPOC),530,True,3,,,False,False,research_vocabulary,rule:contribution:צבי (OPOC),medium,
877fd747-e0db-48f1-96d0-47c6fa550c97,ארחמנו,contribution:צבי (OPOC),305,True,3,,,False,False,research_vocabulary,rule:contribution:צבי (OPOC),medium,
4917ee02-5282-48c7-a8ad-6bd9bc58e4e1,את הכבש אחד תעשה בבקר,contribution:צבי (OPOC),1820,True,3,,,False,False,research_vocabulary,rule:contribution:צבי (OPOC),medium,
d8c0911f-da7a-4071-a3b6-c3fad97b0859,באור,contribution:צבי (OPOC),209,True,3,,,False,False,research_vocabulary,rule:contribution:צבי (OPOC),medium,
d96cd795-1d56-40ea-9065-76fb62b82bd3,באלהים בטחתי,contribution:צבי (OPOC),517,True,3,,,False,False,research_vocabulary,rule:contribution:צבי (OPOC),medium,
fea94e75-8fbb-4056-8dde-9002b6adb3b9,באמנתך,contribution:צבי (OPOC),513,True,3,,,False,False,research_vocabulary,rule:contribution:צבי (OPOC),medium,
5a64d7a1-1e94-49a7-a7ca-4272a4837d68,בדוד עבדו,contribution:צבי (OPOC),98,True,3,,,False,False,research_vocabulary,rule:contribution:צבי (OPOC),medium,
84ac62ff-fa79-46b4-b84a-988ed64daeaf,בזאת אני בוטח,contribution:צבי (OPOC),496,True,3,,,False,False,research_vocabulary,rule:contribution:צבי (OPOC),medium,
0fd55740-d416-4260-9aaa-0985868601bf,בזאת תדעון כי אל חי בקרבכם,contribution:צבי (OPOC),1383,True,3,,,False,False,research_vocabulary,rule:contribution:צבי (OPOC),medium,
851b4457-bdce-4ed3-b779-1f6bc7193fb6,ביום ההוא יהיה יהוה אחד ושמו אחד,contribution:צבי (OPOC),509,True,3,,,False,False,research_vocabulary,rule:contribution:צבי (OPOC),medium,
f36bedb8-8812-468e-b1a9-164b6ba6ec81,ביום טובה היה בטוב,contribution:צבי (OPOC),119,True,3,,,False,False,research_vocabulary,rule:contribution:צבי (OPOC),medium,
1ae5826d-a66f-40a2-9b6b-e8ea6264e5f8,בירושלם יהיה שמי לעולם,contribution:צבי (OPOC),1144,True,3,,,False,False,research_vocabulary,rule:contribution:צבי (OPOC),medium,
beca6fd0-9284-45d7-b582-e6484190a94a,בית ישראל חי אני,contribution:צבי (OPOC),1032,True,3,,,False,False,research_vocabulary,rule:contribution:צבי (OPOC),medium,
c290f276-24c1-40ea-841d-f8f6c25ee35e,במשפט ובצדקה,contribution:צבי (OPOC),638,True,3,,,False,False,research_vocabulary,rule:contribution:צבי (OPOC),medium,
cccb417b-4f20-47cd-b3f6-c49036aa8e5e,בציון הר קדשי,contribution:צבי (OPOC),777,True,3,,,False,False,research_vocabulary,rule:contribution:צבי (OPOC),medium,
ebcfea66-1707-489c-b2bf-a6e7b33215f8,בקרב חסד גלה ידך,contribution:צבי (OPOC),448,True,3,,,False,False,research_vocabulary,rule:contribution:צבי (OPOC),medium,
6a1da198-b7d5-4359-a1c8-dd85548eb9e9,ברוך יהוה אלהי אדני אברהם,contribution:צבי (OPOC),613,True,3,,,False,False,research_vocabulary,rule:contribution:צבי (OPOC),medium,
92f4efd4-aaa2-4fd7-a822-9a04c82fb849,ברוך יהוה לעולם אמן ואמן,contribution:צבי (OPOC),618,True,3,,,False,False,research_vocabulary,rule:contribution:צבי (OPOC),medium,
d043ee0e-f001-4a9c-874b-3e827186f063,ברעה,contribution:צבי (OPOC),277,True,3,,,False,False,research_vocabulary,rule:contribution:צבי (OPOC),medium,
5589d53d-cc3c-47ec-9e9e-fd37c3fd59c8,ברקיע השמים,contribution:צבי (OPOC),777,True,3,,,False,False,research_vocabulary,rule:contribution:צבי (OPOC),medium,
0297770e-dd48-4c70-bd91-cd96add3b782,בשורה,contribution:צבי (OPOC),513,True,3,,,False,False,research_vocabulary,rule:contribution:צבי (OPOC),medium,
06acb5ab-7f8d-4e1f-aa5f-a93913dc36b0,פחד,גיורא בן-יעקוב SMS,92,True,1,,,False,False,public_core,rule:גיורא בן-יעקוב SMS,medium,
1bcb556f-0cc8-467b-9167-76e9ecc815d3,גאלת בזרוע עמך,contribution:צבי (OPOC),849,True,3,,,False,False,research_vocabulary,rule:contribution:צבי (OPOC),medium,
5c484c6e-7041-49d8-9925-4954ab245218,גל עיני ואביטה נפלאות,contribution:צבי (OPOC),773,True,3,,,False,False,research_vocabulary,rule:contribution:צבי (OPOC),medium,
ae96ef76-d035-4cf9-b104-799b2562b8d1,גלה צדקתו,contribution:צבי (OPOC),638,True,3,,,False,False,research_vocabulary,rule:contribution:צבי (OPOC),medium,
e1bdc794-cbd8-4d67-9a14-bf5e113545eb,גשנה,contribution:צבי (OPOC),358,True,3,,,False,False,research_vocabulary,rule:contribution:צבי (OPOC),medium,
37392ddf-9512-4453-b879-0b5e94a20c24,דוד מלך המשיח,contribution:צבי (OPOC),467,True,3,,,False,False,research_vocabulary,rule:contribution:צבי (OPOC),medium,
6db928c1-fd5d-4c43-9af5-8d859cd993ab,דרך לא סלולה,contribution:צבי (OPOC),386,True,3,,,False,False,research_vocabulary,rule:contribution:צבי (OPOC),medium,
f30fb832-9396-4829-bb3f-66f55a8a992d,האר פניך ונושעה,contribution:צבי (OPOC),803,True,3,,,False,False,research_vocabulary,rule:contribution:צבי (OPOC),medium,
77c59a15-bb0f-4d46-b881-62030a0250aa,הבן יקיר לי,contribution:צבי (OPOC),417,True,3,,,False,False,research_vocabulary,rule:contribution:צבי (OPOC),medium,
42438fbb-59ac-4cf7-96a7-52bfe943b574,הדעת טוב ורע לא תאכל,contribution:צבי (OPOC),1254,True,3,,,False,False,research_vocabulary,rule:contribution:צבי (OPOC),medium,
7bd3ab98-b415-4369-8a87-cd187f3af9b4,הדר יצחק,contribution:צבי (OPOC),417,True,3,,,False,False,research_vocabulary,rule:contribution:צבי (OPOC),medium,
d0add856-f0d4-427c-853e-169f8d9bfe40,הודו ליהוה כי טוב כי לעולם חסדו,contribution:צבי (OPOC),408,True,3,,,False,False,research_vocabulary,rule:contribution:צבי (OPOC),medium,
c2852209-5219-4d23-8170-177f7de8948b,הנה בנך יוסף בא אליך,contribution:צבי (OPOC),352,True,3,,,False,False,research_vocabulary,rule:contribution:צבי (OPOC),medium,
b2d633b3-d78a-416d-8312-eb097032a811,הנה יום בא,contribution:צבי (OPOC),119,True,3,,,False,False,research_vocabulary,rule:contribution:צבי (OPOC),medium,
8420ac1f-7e62-466a-90b4-2bc3395963f0,הנשאו פתחי עולם ויבוא מלך הכבוד,contribution:צבי (OPOC),1158,True,3,,,False,False,research_vocabulary,rule:contribution:צבי (OPOC),medium,
fc156d65-2e7a-4711-808c-791acdd3201f,העולם הזה,contribution:צבי (OPOC),168,True,3,,,False,False,research_vocabulary,rule:contribution:צבי (OPOC),medium,
cc58b117-cc55-4647-8393-5cd36624a479,הפיר עצת גוים,contribution:צבי (OPOC),914,True,3,,,False,False,research_vocabulary,rule:contribution:צבי (OPOC),medium,
dbd1ee0b-cc00-4b27-b82c-1e09241a03e4,הצדיק,contribution:צבי (OPOC),209,True,3,,,False,False,research_vocabulary,rule:contribution:צבי (OPOC),medium,
c99de94f-2ea6-4e76-a4ca-46c86f285332,הקשיבה יהוה,contribution:צבי (OPOC),448,True,3,,,False,False,research_vocabulary,rule:contribution:צבי (OPOC),medium,
d04c241f-d89f-49ba-8bd8-393732775a16,הרואה,contribution:צבי (OPOC),217,True,3,,,False,False,research_vocabulary,rule:contribution:צבי (OPOC),medium,
34de7151-326d-4d33-985b-1efc8872cb97,ואהיה תמים,contribution:צבי (OPOC),517,True,3,,,False,False,research_vocabulary,rule:contribution:צבי (OPOC),medium,
c3efda19-0317-47c3-87c8-ba2cae28db1b,ואין מבלעדי,contribution:צבי (OPOC),223,True,3,,,False,False,research_vocabulary,rule:contribution:צבי (OPOC),medium,
0aaf6980-786d-40ae-86af-65b8252212ea,ואמונתי וחסדי עמו,contribution:צבי (OPOC),717,True,3,,,False,False,research_vocabulary,rule:contribution:צבי (OPOC),medium,
947c2c9e-91e7-4c59-94b4-cdec63ae26bd,ובוטח ביהוה ישגב,contribution:צבי (OPOC),374,True,3,,,False,False,research_vocabulary,rule:contribution:צבי (OPOC),medium,
ce8e3fe3-d5d2-4cb3-805c-92823056fa51,וגר זאב עם כבש,contribution:צבי (OPOC),651,True,3,,,False,False,research_vocabulary,rule:contribution:צבי (OPOC),medium,
633b4338-6e8b-4bcc-8b24-3ad6ed7d254a,והיה יום אחד,contribution:צבי (OPOC),95,True,3,,,False,False,research_vocabulary,rule:contribution:צבי (OPOC),medium,
70f5d1c4-0b97-4ac0-bf08-73903f3c5a7e,והכן לבבם,contribution:צבי (OPOC),155,True,3,,,False,False,research_vocabulary,rule:contribution:צבי (OPOC),medium,
fdaf560b-1130-40ef-a3aa-a5077b91319f,והנה אנכי עמך,contribution:צבי (OPOC),277,True,3,,,False,False,research_vocabulary,rule:contribution:צבי (OPOC),medium,
d5f8694a-17f2-4387-b219-7e89e002c1a2,והנה טוב מאד,contribution:צבי (OPOC),128,True,3,,,False,False,research_vocabulary,rule:contribution:צבי (OPOC),medium,
ec1a82f1-cf95-4b7b-88ec-96d0b7d8b47c,והנה רכב וסוסי אש,contribution:צבי (OPOC),731,True,3,,,False,False,research_vocabulary,rule:contribution:צבי (OPOC),medium,
06e0bf5d-8d0a-4347-b6aa-c1839cee80d9,וחסדיך כי מעולם המה,contribution:צבי (OPOC),374,True,3,,,False,False,research_vocabulary,rule:contribution:צבי (OPOC),medium,
41c9b819-c67a-4fbe-aa27-5d9984214b41,ויבאו בני ישראל בתוך הים,contribution:צבי (OPOC),1111,True,3,,,False,False,research_vocabulary,rule:contribution:צבי (OPOC),medium,
353ea785-5edd-45fd-8d0d-426ef72e9429,ויבכו בכי גדול,contribution:צבי (OPOC),119,True,3,,,False,False,research_vocabulary,rule:contribution:צבי (OPOC),medium,
74755785-e860-4b51-a006-b0fde6a26bff,ויברך אתו,contribution:צבי (OPOC),645,True,3,,,False,False,research_vocabulary,rule:contribution:צבי (OPOC),medium,
c5c04064-a030-4eab-a742-809d61a4e642,וידעתם,contribution:צבי (OPOC),530,True,3,,,False,False,research_vocabulary,rule:contribution:צבי (OPOC),medium,
5fee8294-38d3-4899-b446-caa9720844b9,תחיית המתים,auto:תיעוד אירועים wp36285,1323,True,3,,,True,True,thematic_corpus,rule:auto:תיעוד אירועים wp36285,high,
fd9d1fc9-64d9-4ae4-a525-bc3cc1e03b17,ימות המשיח,auto:תיעוד אירועים wp21354,819,True,3,,,True,True,thematic_corpus,rule:auto:תיעוד אירועים wp21354,high,
822a62ab-6680-422e-9440-fc60110e7639,שבועות,auto:תיעוד אירועים wp11557,784,True,1,,,True,True,thematic_corpus,rule:auto:תיעוד אירועים wp11557,high,
240cb2dd-3717-4eab-ac46-f8e696502897,נבצרות,auto:תיעוד אירועים wp16571,748,True,1,,,True,True,thematic_corpus,rule:auto:תיעוד אירועים wp16571,high,
2f215ddf-c5d7-4d07-8472-d331aa70e4a8,אגס,auto:תיעוד אירועים wp19647,64,True,1,,,True,True,thematic_corpus,rule:auto:תיעוד אירועים wp19647,high,
409b507d-8498-4b5e-9080-d0160c97a27d,ארבה,auto:תיעוד אירועים wp19647,208,True,1,,,True,True,thematic_corpus,rule:auto:תיעוד אירועים wp19647,high,
ca0a8558-fe95-4112-85b1-32398660fdb3,שכחה,auto:תיעוד אירועים wp16571,333,True,1,,,True,True,thematic_corpus,rule:auto:תיעוד אירועים wp16571,high,
6b36d9a6-7dd0-4ad0-88c8-3fcf75fdad6d,בור,auto:תיעוד אירועים wp20809,208,True,1,,,True,True,thematic_corpus,rule:auto:תיעוד אירועים wp20809,high,
a505365c-8e7c-48f4-a04f-d2fe582ecb00,זרע,auto:תיעוד אירועים wp19647,277,True,1,,,True,True,thematic_corpus,rule:auto:תיעוד אירועים wp19647,high,
f3006788-940c-4a7a-8892-dc353b797d60,חמדיה,auto:תיעוד אירועים wp19647,67,True,1,,,True,True,thematic_corpus,rule:auto:תיעוד אירועים wp19647,high,
9b150dbb-7ab7-4a61-a055-770acab59e6e,מחולה,auto:תיעוד אירועים wp19647,89,True,1,,,True,True,thematic_corpus,rule:auto:תיעוד אירועים wp19647,high,
45bd1a73-d58c-4dc4-8fe3-1f612acd9aa7,מסדה,auto:תיעוד אירועים wp19647,109,True,1,,,True,True,thematic_corpus,rule:auto:תיעוד אירועים wp19647,high,
3662eef3-9cf7-4a4f-b7dc-b05fd398a51d,מסכת,auto:תיעוד אירועים wp19647,520,True,1,,,True,True,thematic_corpus,rule:auto:תיעוד אירועים wp19647,high,
6bfde3eb-d642-4bd4-953a-e2eb906b6e71,פירות,auto:תיעוד אירועים wp19647,696,True,1,,,True,True,thematic_corpus,rule:auto:תיעוד אירועים wp19647,high,
db38242e-59f1-4404-a3ad-d5d1bae638bf,הסבירות,auto:תיעוד אירועים wp21354,683,True,1,,,True,True,thematic_corpus,rule:auto:תיעוד אירועים wp21354,high,
40b5806d-b0ed-421a-9f7e-2f6f469732d4,ויריצוהו,auto:תיעוד אירועים wp21354,333,True,1,,,True,True,thematic_corpus,rule:auto:תיעוד אירועים wp21354,high,
9896b3cc-ab73-4735-8c7e-eda3edd94f4e,לוט,auto:תיעוד אירועים wp21354,45,True,1,,,True,True,thematic_corpus,rule:auto:תיעוד אירועים wp21354,high,
29f040eb-ed2a-4fa5-9735-539fda80d5e4,מרדכי,auto:תיעוד אירועים wp21354,274,True,1,,,True,True,thematic_corpus,rule:auto:תיעוד אירועים wp21354,high,
3b9a5de8-91de-4a3f-b4ad-683150b6c5d4,סינוואר,auto:תיעוד אירועים wp21354,333,True,1,,,True,True,thematic_corpus,rule:auto:תיעוד אירועים wp21354,high,
1852a735-f3f8-4433-908b-c544ab7f0116,איטליה,auto:תיעוד אירועים wp26480,65,True,1,,,True,True,thematic_corpus,rule:auto:תיעוד אירועים wp26480,high,
559e5598-348c-4ffc-a155-afddb1296d6a,זוג,auto:תיעוד אירועים wp16571,16,True,1,,,True,True,thematic_corpus,rule:auto:תיעוד אירועים wp16571,high,
0d0238c5-d485-4c2d-a01c-2cb5bb20202f,בבואה,auto:תיעוד אירועים wp16571,16,True,1,,,True,True,thematic_corpus,rule:auto:תיעוד אירועים wp16571,high,
0412de19-75b2-46f4-a5b5-490306825346,ליאור,auto:תיעוד אירועים wp27450,247,True,1,,,True,True,thematic_corpus,rule:auto:תיעוד אירועים wp27450,high,
ebd34a8b-86bd-4dd9-8242-da4f4f6a4b37,דרקון,auto:תיעוד אירועים wp21354,360,True,1,,,True,True,thematic_corpus,rule:auto:תיעוד אירועים wp21354,high,
3dc16f1b-81d5-46fe-a28d-31c562c65855,כופרים,auto:תיעוד אירועים wp22226,356,True,1,,,True,True,thematic_corpus,rule:auto:תיעוד אירועים wp22226,high,
5df84e69-ca63-4b17-842f-f3ba6ff79a54,לילה,auto:תיעוד אירועים wp27374,75,True,1,,,True,True,thematic_corpus,rule:auto:תיעוד אירועים wp27374,high,
4d041e71-33f1-414e-a550-48ff77620096,דויד,auto:תיעוד אירועים wp16571,24,True,1,,,True,True,thematic_corpus,rule:auto:תיעוד אירועים wp16571,high,
3acb33f6-7162-46fd-b506-d1be1fe1e543,ככר,auto:תיעוד אירועים wp27754,240,True,1,,,True,True,thematic_corpus,rule:auto:תיעוד אירועים wp27754,high,
d6896a94-b061-47af-92c0-5c28eb31928a,וישב,auto:תיעוד אירועים wp27754,318,True,1,,,True,True,thematic_corpus,rule:auto:תיעוד אירועים wp27754,high,
bdf20325-1225-42d8-b089-a43895f38af3,ביבי,auto:תיעוד אירועים wp16571,24,True,1,,,True,True,thematic_corpus,rule:auto:תיעוד אירועים wp16571,high,
64322dd1-2d62-46bd-ac4c-8dc857cf81d0,זהב,auto:תיעוד אירועים wp27374,14,True,1,,,True,True,thematic_corpus,rule:auto:תיעוד אירועים wp27374,high,
5ceb14c2-3530-4361-adbd-6c5ef9a979c0,חמינאי,auto:תיעוד אירועים wp27754,119,True,1,,,True,True,thematic_corpus,rule:auto:תיעוד אירועים wp27754,high,
49e7f2eb-e74a-4b90-b076-ed37e7c25db9,ההשגחה,auto:תיעוד אירועים wp28180,326,True,1,,,True,True,thematic_corpus,rule:auto:תיעוד אירועים wp28180,high,
1e5cf2ca-9af2-4205-9089-ccbd2244e0f2,חשכה,auto:תיעוד אירועים wp28180,333,True,1,,,True,True,thematic_corpus,rule:auto:תיעוד אירועים wp28180,high,
29afda4c-1830-4b1c-b44e-1907b645a1fa,שחת,auto:תיעוד אירועים wp27754,708,True,1,,,True,True,thematic_corpus,rule:auto:תיעוד אירועים wp27754,high,
41d6893a-eed3-4d06-b419-4b21be12195e,זרעך,auto:תיעוד אירועים wp27754,297,True,1,,,True,True,thematic_corpus,rule:auto:תיעוד אירועים wp27754,high,
56a18451-f5b5-4bbd-9471-73655f7d70b6,להים,auto:תיעוד אירועים wp28180,85,True,1,,,True,True,thematic_corpus,rule:auto:תיעוד אירועים wp28180,high,
5bd402f5-4bb4-4d3c-b525-2550b6ba23cb,עוצר,wp_id:20356,366,True,1,,,True,False,research_package,rule:wp_id:20356,medium,20356_wpid_cluster
67ddf21f-fdc6-4503-a381-bd851c91ba35,בכור שורו הדר לו וקרני ראם קרניו,cleanup_sample30,1958,True,3,פסוק,,False,False,thematic_corpus,rule:cleanup_sample30,high,
4a56171b-881f-4d91-b5ed-25ceb711b621,עולם הפוך ראיתי,auto:תיעוד אירועים wp23309,878,True,2,,,True,True,thematic_corpus,rule:auto:תיעוד אירועים wp23309,high,
3f276977-f1df-4633-bc11-29dc0d7c9129,עזר כנגדו,wp_id:31540,360,True,2,,,True,False,research_package,rule:wp_id:31540,medium,31540_wpid_cluster
310113c7-0bc9-4e6a-87dc-4c208a21141d,חמור בן מאה גוונים משיח בן דוד,cleanup_sample30,891,True,3,משיח/דוד,,False,False,thematic_corpus,rule:cleanup_sample30,high,
d3f62593-1f5d-4926-b73f-3903814c4962,וייראו העם את יהוה,cleanup_sample30,775,True,3,פסוק,,False,False,thematic_corpus,rule:cleanup_sample30,high,
6614c859-77b7-4b79-95aa-1ba3980a73d6,ועשה חסד למשיחו לדוד ולזרעו עד עולם,cleanup_sample30,1430,True,3,פסוק,,False,False,thematic_corpus,rule:cleanup_sample30,high,
f1a9ab0d-324b-4221-9a06-55d4579b90f9,שנת התגלות אליהו והמשיח,auto:תיעוד אירועים wp6463,2015,True,3,,,True,True,thematic_corpus,rule:auto:תיעוד אירועים wp6463,high,
15ed6215-79cf-4a92-ac12-228d875c41cc,אחת אחת אפס אפס,auto:תיעוד אירועים wp6463,1100,True,3,,,True,True,thematic_corpus,rule:auto:תיעוד אירועים wp6463,high,
1c5b7bef-d27b-4d3b-8270-1056fcc6de7a,וירא,auto:תיעוד אירועים wp27754,217,True,1,,,True,True,thematic_corpus,rule:auto:תיעוד אירועים wp27754,high,
022fc5ad-2004-4610-b411-e20f0f64b3c2,היכל,auto:תיעוד אירועים wp31911,65,True,1,,,True,True,thematic_corpus,rule:auto:תיעוד אירועים wp31911,high,
9883cba7-a57a-4145-b4e1-2342afb9cf2a,עדן בן זקן,wp_id:20584,333,True,3,,,True,False,research_package,rule:wp_id:20584,medium,20584_wpid_cluster
3177dd25-0f86-4c8d-97ca-80d46e517e19,חמאס,auto:תיעוד אירועים wp31911,109,True,1,,,True,True,thematic_corpus,rule:auto:תיעוד אירועים wp31911,high,
b7b14311-9b55-4511-995b-cf09be1a7c44,יוסף,auto:תיעוד אירועים wp16091,156,True,1,,,True,True,thematic_corpus,rule:auto:תיעוד אירועים wp16091,high,
02778bd8-e15c-4d7b-b36b-77b3dbb26ba6,מאיה,auto:תיעוד אירועים wp29114,56,True,1,,,True,True,thematic_corpus,rule:auto:תיעוד אירועים wp29114,high,
e16503b5-6959-4026-b6a8-8e641618e216,יצחק,auto:תיעוד אירועים wp19647,208,True,1,,,True,True,thematic_corpus,rule:auto:תיעוד אירועים wp19647,high,
264a1150-94a6-42b5-a724-2f50a7d76307,הקדוש ברוך הוא,auto:תיעוד אירועים wp16571,655,True,3,,,True,True,thematic_corpus,rule:auto:תיעוד אירועים wp16571,high,
571c146e-971f-4c4b-a59d-92c813cc1204,משיח בא,auto:תיעוד אירועים wp21611,361,True,3,,,True,True,thematic_corpus,rule:auto:תיעוד אירועים wp21611,high,
d569d1e3-8fd7-4808-b730-db3339452895,ערפל,auto:תיעוד אירועים wp30856,380,True,1,,,True,True,thematic_corpus,rule:auto:תיעוד אירועים wp30856,high,
ddda42e4-201a-412c-9667-1b14573b25db,חטר,auto:תיעוד אירועים wp32380,217,True,1,,,True,True,thematic_corpus,rule:auto:תיעוד אירועים wp32380,high,
67be89fe-e927-44a6-9792-0557f7e11850,טבק,auto:תיעוד אירועים wp27374,111,True,1,,,True,True,thematic_corpus,rule:auto:תיעוד אירועים wp27374,high,
493f4e79-5190-424c-91f6-db2c4eca9a7d,פרס,auto:תיעוד אירועים wp32380,340,True,1,,,True,True,thematic_corpus,rule:auto:תיעוד אירועים wp32380,high,
ebe3038f-a48d-4934-b041-3a91c2b079a5,מרק,auto:תיעוד אירועים wp32380,340,True,1,,,True,True,thematic_corpus,rule:auto:תיעוד אירועים wp32380,high,
c88a096c-1200-4dad-b74d-9c063fe2b1c6,אלהים אחרים,auto:תיעוד אירועים wp27754,345,True,3,,,True,True,thematic_corpus,rule:auto:תיעוד אירועים wp27754,high,
c28773f2-8eba-4758-8d84-31cbade399fd,ביג בן,auto:תיעוד אירועים wp6106,67,True,3,,,True,True,thematic_corpus,rule:auto:תיעוד אירועים wp6106,high,
444fef29-c201-4b76-a5ca-69034c8409cd,דקלו,auto:תיעוד אירועים wp6106,140,True,1,,,True,True,thematic_corpus,rule:auto:תיעוד אירועים wp6106,high,
4ab1d794-93c4-405f-a5ff-d20181e1f842,בחירת,auto:תיעוד אירועים wp19498,620,True,1,,,True,True,thematic_corpus,rule:auto:תיעוד אירועים wp19498,high,
ffa07d3c-66c5-4e17-ad3a-85d0558be9fc,ללבי,auto:תיעוד אירועים wp19498,72,True,1,,,True,True,thematic_corpus,rule:auto:תיעוד אירועים wp19498,high,
44522988-9297-4477-b7e4-a6aace620b08,ביום השמיני,auto:תיעוד אירועים wp36103,473,True,3,,,True,True,thematic_corpus,rule:auto:תיעוד אירועים wp36103,high,
31275686-0e9a-4ab3-bf12-0e09bf4fb9ba,תהליך,auto:תיעוד אירועים wp35827,465,True,1,,,True,True,thematic_corpus,rule:auto:תיעוד אירועים wp35827,high,
9149bafa-3c34-45c8-bad7-81b9d83c265f,הלם,auto:תיעוד אירועים wp27374,75,True,1,,,True,True,thematic_corpus,rule:auto:תיעוד אירועים wp27374,high,
d40ebf22-daa8-4da6-bfc3-0e3bafc391ec,רחמן,auto:תיעוד אירועים wp32380,298,True,1,,,True,True,thematic_corpus,rule:auto:תיעוד אירועים wp32380,high,
1cd3f600-b943-4cc8-9eea-da690b5157c0,מבין,auto:תיעוד אירועים wp22226,102,True,1,,,True,True,thematic_corpus,rule:auto:תיעוד אירועים wp22226,high,
e091bf3a-4cb8-4cd7-8f4c-a0a5f2e8285c,בשלום,auto:תיעוד אירועים wp21354,378,True,1,,,True,True,thematic_corpus,rule:auto:תיעוד אירועים wp21354,high,
59740ca8-62db-4c30-8d0d-e19bee8b299b,רחמים,auto:תיעוד אירועים wp32380,298,True,1,,,True,True,thematic_corpus,rule:auto:תיעוד אירועים wp32380,high,
ed5895f3-f662-4681-814b-e244dada8ba2,מצפון,auto:תיעוד אירועים wp29114,266,True,1,,,True,True,thematic_corpus,rule:auto:תיעוד אירועים wp29114,high,
0334d619-f210-4a70-a019-dfecb3cfcbd8,שמשון,auto:תיעוד אירועים wp35642,696,True,1,,,True,True,thematic_corpus,rule:auto:תיעוד אירועים wp35642,high,
eeebdfef-9fc9-4677-8c37-98e6e5583a65,טעם,auto:תיעוד אירועים wp30145,119,True,1,,,True,True,thematic_corpus,rule:auto:תיעוד אירועים wp30145,high,
182109cd-90ea-47ff-bd4a-aa0b33b8c20a,מה,wp_id:26967,45,True,1,מילה,,True,False,research_package,rule:wp_id:26967,medium,26967_wpid_cluster
6e446a77-58fd-47ea-8ffb-f2e2170f43b0,ליברפול,wp_id:29256,358,True,1,,,True,False,research_package,rule:wp_id:29256,medium,29256_wpid_cluster
cdfc2cb9-42a4-4426-8d30-c9ebaae064ad,הבחירות,wp_id:23886,631,True,1,,,True,False,research_package,rule:wp_id:23886,medium,23886_wpid_cluster
03bf90dc-66df-4361-be84-de4596893cab,שרביט,auto:תיעוד אירועים wp16294,521,True,1,,,True,True,thematic_corpus,rule:auto:תיעוד אירועים wp16294,high,
40e90e91-d4a6-434c-8053-dedcc86cd14c,רוני,auto:תיעוד אירועים wp19616,266,True,1,,,True,True,thematic_corpus,rule:auto:תיעוד אירועים wp19616,high,
9d9e9a3d-f58c-4b71-b86a-beaefd8d8785,תירס,auto:תיעוד אירועים wp35096,670,True,1,,,True,True,thematic_corpus,rule:auto:תיעוד אירועים wp35096,high,
7380f03b-849c-4d4d-b686-ac21612259e4,נתניהו,auto:תיעוד אירועים wp16294,521,True,1,,,True,True,thematic_corpus,rule:auto:תיעוד אירועים wp16294,high,
d25e17a7-eb08-49a4-a112-a7e10ca3ea1b,תשפג,wp_id:23886,783,True,3,,,True,False,research_package,rule:wp_id:23886,medium,23886_wpid_cluster
62d207fe-1b7b-4445-ab52-358c8dcfdcaa,סוד שנת תשפד,auto:תיעוד אירועים wp21354,1604,True,3,,,True,True,thematic_corpus,rule:auto:תיעוד אירועים wp21354,high,
8c1bd91d-3609-494a-9181-eba175f1550c,טראמפ תשפא,auto:תיעוד אירועים wp22588,1111,True,3,,,True,True,thematic_corpus,rule:auto:תיעוד אירועים wp22588,high,
7780da85-dcb0-4604-9bf1-eb0bd98aae22,יד אדר התשפא,auto:תיעוד אירועים wp22588,1005,True,3,,,True,True,thematic_corpus,rule:auto:תיעוד אירועים wp22588,high,
674151d6-7835-4dc8-837f-76ea25497799,גאולה תשפג,auto:תיעוד אירועים wp28247,828,True,3,,,True,True,thematic_corpus,rule:auto:תיעוד אירועים wp28247,high,
d3c99de3-3ea5-4f69-982c-c90ce077f1c8,ניצחון מוחלט בחמאס תשפד,auto:תיעוד אירועים wp31911,1202,True,3,,,True,True,thematic_corpus,rule:auto:תיעוד אירועים wp31911,high,
47d4e1cd-6805-472a-a275-1dcab27ba06e,ניצחון מוחלט בעמלק תשפד,auto:תיעוד אירועים wp31911,1333,True,3,,,True,True,thematic_corpus,rule:auto:תיעוד אירועים wp31911,high,
cbdab04a-56cc-46c0-8b99-ac8480ea1e5a,ראש השנה,auto:תיעוד אירועים wp19498,861,True,3,,,True,True,thematic_corpus,rule:auto:תיעוד אירועים wp19498,high,
317f07f3-e2a6-4135-8715-e3c535299b44,מה יהיה,wp_id:36710,75,True,2,,,True,False,research_package,rule:wp_id:36710,medium,36710_wpid_cluster
ed7f603a-f608-4436-8564-95096d641bc8,ראש חודש,auto:תיעוד אירועים wp32852,819,True,3,,,True,True,thematic_corpus,rule:auto:תיעוד אירועים wp32852,high,
ff7ac028-07ed-4dfe-a608-cb6d1315206f,דוד בן ישי בית הלחמי,cleanup_sample30,891,True,3,משיח/דוד,,False,False,thematic_corpus,rule:cleanup_sample30,high,
766c4627-8061-44d3-afb1-7aa594a0f78d,גריניץ,auto:תיעוד אירועים wp6106,363,True,1,,,True,True,thematic_corpus,rule:auto:תיעוד אירועים wp6106,high,
f0eb6b81-bf0e-4804-ac99-bbdba46e6ab5,מטולה,auto:תיעוד אירועים wp19498,90,True,1,,,True,True,thematic_corpus,rule:auto:תיעוד אירועים wp19498,high,
66a7f712-d95a-482d-a48b-6932f56f3240,גל,wp_id:26967,33,True,1,שורש,,True,False,research_package,rule:wp_id:26967,medium,26967_wpid_cluster
c30111bb-9631-4183-bada-1eff5d1359fe,פסח,wp_id:36710,148,True,1,,,True,False,research_package,rule:wp_id:36710,medium,36710_wpid_cluster
6caae7aa-fec4-4c43-8166-470a39a58e09,כיפת ברזל,wp_id:29256,749,True,3,,,True,False,research_package,rule:wp_id:29256,medium,29256_wpid_cluster
67ac632d-8d00-4644-89b2-02d52fe8f19b,רצח,auto:תיעוד אירועים wp32380,298,True,1,,,True,True,thematic_corpus,rule:auto:תיעוד אירועים wp32380,high,
8f80ef95-1124-448b-b964-f1d6d495b560,שניאורסון,auto:תיעוד אירועים wp32380,683,True,1,,,True,True,thematic_corpus,rule:auto:תיעוד אירועים wp32380,high,
8bc00240-446e-4593-b459-196df5cdc8a8,שדי,wp_id:26301,314,True,1,,,True,False,research_package,rule:wp_id:26301,medium,26301_wpid_cluster
94ba5e43-74e6-43d6-a3d0-d46577b83c5b,התאגיד,auto:תיעוד אירועים wp10937,423,True,1,,,True,True,thematic_corpus,rule:auto:תיעוד אירועים wp10937,high,
4a5285c4-2f89-4772-b285-5eb7eeebad19,בריה,auto:תיעוד אירועים wp32380,217,True,1,,,True,True,thematic_corpus,rule:auto:תיעוד אירועים wp32380,high,
ef635cb0-a2ad-4597-bed3-9e92fb41b310,רפיח,auto:תיעוד אירועים wp32380,298,True,1,,,True,True,thematic_corpus,rule:auto:תיעוד אירועים wp32380,high,
93958977-534c-4430-9d6f-9881afb6853e,בנימין,auto:תיעוד אירועים wp16571,162,True,1,,,True,True,thematic_corpus,rule:auto:תיעוד אירועים wp16571,high,
045a0fc0-bd03-4c6b-a2da-9f37e9d4f745,אדמה,auto:תיעוד אירועים wp19498,50,True,1,,,True,True,thematic_corpus,rule:auto:תיעוד אירועים wp19498,high,
93458020-ec6a-4300-b861-809e4c689842,בלפור,auto:תיעוד אירועים wp16571,318,True,1,,,True,True,thematic_corpus,rule:auto:תיעוד אירועים wp16571,high,
cf847e38-00b1-40a2-8d9c-7b53a9b176e0,ולגאולה,auto:תיעוד אירועים wp16571,81,True,1,,,True,True,thematic_corpus,rule:auto:תיעוד אירועים wp16571,high,
d4c3a004-f55f-40cd-aad0-f6e387a24222,צרה,auto:תיעוד אירועים wp32852,295,True,1,,,True,True,thematic_corpus,rule:auto:תיעוד אירועים wp32852,high,
fc7720a0-0c28-4201-923a-024244a3fdab,יבנה,auto:תיעוד אירועים wp11686,67,True,1,,,True,True,thematic_corpus,rule:auto:תיעוד אירועים wp11686,high,
8b0bdd1d-bc21-46b9-80e8-cf959a555742,ריידר,auto:תיעוד אירועים wp11862,424,True,1,,,True,True,thematic_corpus,rule:auto:תיעוד אירועים wp11862,high,
a37195b0-b010-46e4-919c-cccaed22a0b6,פלא,wp_id:23886,111,True,1,,,True,False,research_package,rule:wp_id:23886,medium,23886_wpid_cluster
d3750db5-f681-4508-bb8d-76dde1e51350,בירידת,auto:תיעוד אירועים wp19498,626,True,1,,,True,True,thematic_corpus,rule:auto:תיעוד אירועים wp19498,high,
b80e2411-3b22-47c2-9278-88a6508791a0,בניאס,auto:תיעוד אירועים wp19498,123,True,1,,,True,True,thematic_corpus,rule:auto:תיעוד אירועים wp19498,high,
b1a8cdf6-bb0e-4b57-9195-44b0b0de564e,דגניה,auto:תיעוד אירועים wp19498,72,True,1,,,True,True,thematic_corpus,rule:auto:תיעוד אירועים wp19498,high,
e87def7d-779a-48ba-9a81-097994d33368,וירד,auto:תיעוד אירועים wp19498,220,True,1,,,True,True,thematic_corpus,rule:auto:תיעוד אירועים wp19498,high,
83728e41-ce6c-4949-a663-894f83274405,בעתה,auto:תיעוד אירועים wp16924,477,True,1,,,True,True,thematic_corpus,rule:auto:תיעוד אירועים wp16924,high,
c67d6cf6-1192-456c-86e8-1934e001c705,ליקוי,auto:תיעוד אירועים wp32852,156,True,1,,,True,True,thematic_corpus,rule:auto:תיעוד אירועים wp32852,high,
fb052690-0d41-4a62-80be-db3d885ddf6e,המים,auto:תיעוד אירועים wp19498,95,True,1,,,True,True,thematic_corpus,rule:auto:תיעוד אירועים wp19498,high,
7daa9e3f-3de9-4b1b-a6f9-191e6471fc6e,גאוה,auto:תיעוד אירועים wp33462,15,True,1,,,True,True,thematic_corpus,rule:auto:תיעוד אירועים wp33462,high,
05b6897f-45d7-4a95-8256-e89836789bdb,טהור,auto:תיעוד אירועים wp19647,220,True,1,,,True,True,thematic_corpus,rule:auto:תיעוד אירועים wp19647,high,
3865cfd1-f293-423a-8542-d6d0946477e3,יפו,auto:תיעוד אירועים wp33462,96,True,1,,,True,True,thematic_corpus,rule:auto:תיעוד אירועים wp33462,high,
d1775567-f4e9-4ed1-984c-0e35a4517158,ככה,auto:תיעוד אירועים wp33173,45,True,1,,,True,True,thematic_corpus,rule:auto:תיעוד אירועים wp33173,high,
fe0b6d37-69b5-4c5c-b1ae-316b56b9ead6,לוק,auto:תיעוד אירועים wp33173,136,True,1,,,True,True,thematic_corpus,rule:auto:תיעוד אירועים wp33173,high,
7653bc21-166d-455b-ad74-840731767dd6,מחניים,auto:תיעוד אירועים wp19647,158,True,1,,,True,True,thematic_corpus,rule:auto:תיעוד אירועים wp19647,high,
809517d9-7c54-4cec-896c-246580087471,האח,auto:תיעוד אירועים wp33494,14,True,1,,,True,True,thematic_corpus,rule:auto:תיעוד אירועים wp33494,high,
bd15f0ac-44dc-4f57-8b79-6d65cc7e72ed,הבל,auto:תיעוד אירועים wp26905,37,True,1,,,True,True,thematic_corpus,rule:auto:תיעוד אירועים wp26905,high,
2549fa64-98c6-434e-a21b-19622da97f01,חלב,auto:תיעוד אירועים wp26905,40,True,1,,,True,True,thematic_corpus,rule:auto:תיעוד אירועים wp26905,high,
2cb38cf1-93f7-433e-b37c-2a6a71531077,ספטמבר,auto:תיעוד אירועים wp16924,391,True,1,,,True,True,thematic_corpus,rule:auto:תיעוד אירועים wp16924,high,
dac132f3-b6fc-4a26-bbfc-f353a35b45dc,אדני,auto:תיעוד אירועים wp34122,65,True,1,,,True,True,thematic_corpus,rule:auto:תיעוד אירועים wp34122,high,
cd3cb1ea-886b-4a50-bd11-2e3bc817638b,אוקראינה,auto:תיעוד אירועים wp26905,373,True,1,,,True,True,thematic_corpus,rule:auto:תיעוד אירועים wp26905,high,
249dd332-0a90-4887-9df7-7127f7bd6c03,בהסתר,auto:תיעוד אירועים wp27002,667,True,1,,,True,True,thematic_corpus,rule:auto:תיעוד אירועים wp27002,high,
290c3445-c178-4735-bb2b-eb0028566b6c,לאופרד,auto:תיעוד אירועים wp26523,321,True,1,,,True,True,thematic_corpus,rule:auto:תיעוד אירועים wp26523,high,
6a0fbeea-a4a1-4841-ad43-300512f4d255,שבוי,auto:תיעוד אירועים wp34138,318,True,1,,,True,True,thematic_corpus,rule:auto:תיעוד אירועים wp34138,high,
193ad205-a5cc-47a5-bf2b-6ff2c7276a96,סור,auto:תיעוד אירועים wp16702,266,True,1,,,True,True,thematic_corpus,rule:auto:תיעוד אירועים wp16702,high,
b2b62a16-e359-49a3-a068-add185d86ef7,רעד,auto:תיעוד אירועים wp21354,274,True,1,,,True,True,thematic_corpus,rule:auto:תיעוד אירועים wp21354,high,
77e9d01c-18d5-4f79-8283-35911c4d6083,מחנים,auto:תיעוד אירועים wp19647,148,True,1,,,True,True,thematic_corpus,rule:auto:תיעוד אירועים wp19647,high,
c57af1f2-5c57-4143-bb9a-724765754ef6,האדם,auto:תיעוד אירועים wp27002,50,True,1,,,True,True,thematic_corpus,rule:auto:תיעוד אירועים wp27002,high,
d0552c3d-8d6c-43e6-ac39-4b70e1ae0b1b,כלב,auto:תיעוד אירועים wp27374,52,True,1,,,True,True,thematic_corpus,rule:auto:תיעוד אירועים wp27374,high,
8c3ffbda-601e-4ddf-ae6b-17364358c5ac,לוד,auto:תיעוד אירועים wp26905,40,True,1,,,True,True,thematic_corpus,rule:auto:תיעוד אירועים wp26905,high,
f8670dd8-9d46-4b81-b0e6-1e3947411112,קדוש,auto:תיעוד אירועים wp26762,410,True,1,,,True,True,thematic_corpus,rule:auto:תיעוד אירועים wp26762,high,
c54ab306-0352-4d0f-9b8b-8000c2b5fb9e,שמיני,auto:תיעוד אירועים wp26762,410,True,1,,,True,True,thematic_corpus,rule:auto:תיעוד אירועים wp26762,high,
54c90aa0-f148-4dca-8b17-97c9aa66adbf,המסתתר,auto:תיעוד אירועים wp6106,1105,True,1,,,True,True,thematic_corpus,rule:auto:תיעוד אירועים wp6106,high,
2092e3de-cdae-4a12-adae-3b59f567c4be,רכבת,auto:תיעוד אירועים wp6106,622,True,1,,,True,True,thematic_corpus,rule:auto:תיעוד אירועים wp6106,high,
2dbe4a01-37aa-4d79-a466-8e4caccc7f01,תרומה,auto:תיעוד אירועים wp32852,651,True,1,,,True,True,thematic_corpus,rule:auto:תיעוד אירועים wp32852,high,
184a0d8c-df49-4dae-b9a7-c2cc299942fd,שלג,auto:תיעוד אירועים wp34820,333,True,1,,,True,True,thematic_corpus,rule:auto:תיעוד אירועים wp34820,high,
5a3c2698-1c4a-4d45-b810-4a36e94dc78e,משכן,auto:תיעוד אירועים wp26762,410,True,1,,,True,True,thematic_corpus,rule:auto:תיעוד אירועים wp26762,high,
f86d551f-3330-47cf-8ffa-2a782fe0fb30,יהונתן,auto:תיעוד אירועים wp34138,521,True,1,,,True,True,thematic_corpus,rule:auto:תיעוד אירועים wp34138,high,
c50118b4-9bac-4a85-91d0-d7e5e4a5e1da,לבנון,auto:תיעוד אירועים wp34200,138,True,1,,,True,True,thematic_corpus,rule:auto:תיעוד אירועים wp34200,high,
e5d4a043-989f-44ad-8fbe-776a17a117c4,איש אשר,auto:תיעוד אירועים wp34433,812,True,3,,,True,True,thematic_corpus,rule:auto:תיעוד אירועים wp34433,high,
14687734-c61a-4cba-8c97-8362744da788,המלמד,auto:תיעוד אירועים wp34433,119,True,1,,,True,True,thematic_corpus,rule:auto:תיעוד אירועים wp34433,high,
01a1fa21-8f47-43d1-853b-3b1e0d5d4efb,ביצים,wp_id:20356,152,True,1,,,True,False,research_package,rule:wp_id:20356,medium,20356_wpid_cluster
0af74c27-68a2-4c55-9861-b233cc83fd88,חרבות ברזל,wp_id:31540,855,True,2,,,True,True,research_package,rule:wp_id:31540,medium,31540_wpid_cluster
be76a989-5d4e-470d-9802-ba04cd4b947c,לעבדים,auto:תיעוד אירועים wp16571,156,True,1,,,True,True,thematic_corpus,rule:auto:תיעוד אירועים wp16571,high,
a87cafa2-2801-4b18-b0bf-ae4488c49297,הבורסה,auto:תיעוד אירועים wp16668,278,True,1,,,True,True,thematic_corpus,rule:auto:תיעוד אירועים wp16668,high,
b6ff15ae-6824-4ef5-8e9a-90de327a22f0,המשפט,auto:תיעוד אירועים wp16571,434,True,1,,,True,True,thematic_corpus,rule:auto:תיעוד אירועים wp16571,high,
6a8e8157-d252-46ed-bdda-c25a7f0f7bce,הקפיטול,auto:תיעוד אירועים wp16571,240,True,1,,,True,True,thematic_corpus,rule:auto:תיעוד אירועים wp16571,high,
c9478e39-7802-4bd1-84b0-53d19a5e18be,חיות,auto:תיעוד אירועים wp16571,424,True,1,,,True,True,thematic_corpus,rule:auto:תיעוד אירועים wp16571,high,
6e0edca4-1f10-43d9-b321-4ee3e650758e,חשמונאי,auto:תיעוד אירועים wp16571,415,True,1,,,True,True,thematic_corpus,rule:auto:תיעוד אירועים wp16571,high,
ad245f1b-6843-4a5f-97e3-a54389f0206d,נגע,auto:תיעוד אירועים wp34138,123,True,1,,,True,True,thematic_corpus,rule:auto:תיעוד אירועים wp34138,high,
6f4bc113-39ce-4e91-bd55-cd60b77fcc01,משאלות,auto:תיעוד אירועים wp34433,777,True,1,,,True,True,thematic_corpus,rule:auto:תיעוד אירועים wp34433,high,
384ff27d-b532-405b-8c87-69bae74db417,צרות,auto:תיעוד אירועים wp35642,696,True,1,,,True,True,thematic_corpus,rule:auto:תיעוד אירועים wp35642,high,
aee8a37c-7df0-4c1c-9dbe-5faa25d6ee7f,החזרת חטופים,auto:תיעוד אירועים wp34138,773,True,3,,,True,True,thematic_corpus,rule:auto:תיעוד אירועים wp34138,high,
985284c1-9c98-4096-9774-eb3903f889c8,שבוים,auto:תיעוד אירועים wp34138,358,True,1,,,True,True,thematic_corpus,rule:auto:תיעוד אירועים wp34138,high,
c9f01ebb-7577-46db-9948-d9b4db473375,תהילה,auto:תיעוד אירועים wp35827,450,True,1,,,True,True,thematic_corpus,rule:auto:תיעוד אירועים wp35827,high,
155a79b9-998b-43eb-91e9-3726a7c1dbfb,אייל,auto:תיעוד אירועים wp34820,51,True,1,,,True,True,thematic_corpus,rule:auto:תיעוד אירועים wp34820,high,
40d116ee-ca9e-4a5c-8585-39654bf39848,התור,auto:תיעוד אירועים wp34820,611,True,1,,,True,True,thematic_corpus,rule:auto:תיעוד אירועים wp34820,high,
043800b6-b1c0-497a-bbfc-dbc82b4f7cf5,משולשת,auto:תיעוד אירועים wp34433,1076,True,1,,,True,True,thematic_corpus,rule:auto:תיעוד אירועים wp34433,high,
bb440e29-064a-4cc6-9543-6df8988e2a70,שירי,auto:תיעוד אירועים wp35014,520,True,1,,,True,True,thematic_corpus,rule:auto:תיעוד אירועים wp35014,high,
d8d19934-e091-49a5-aae0-91aadd1e1fa0,הויה,auto:תיעוד אירועים wp35615,26,True,1,,,True,True,thematic_corpus,rule:auto:תיעוד אירועים wp35615,high,
ef58e472-8366-4f1a-ad9c-d52f2a099e7b,יקי,auto:תיעוד אירועים wp35615,120,True,1,,,True,True,thematic_corpus,rule:auto:תיעוד אירועים wp35615,high,
f9b5e312-5ff6-409a-a4ee-bdc80bc112f7,כשר,auto:תיעוד אירועים wp35014,520,True,1,,,True,True,thematic_corpus,rule:auto:תיעוד אירועים wp35014,high,
95ada251-49be-4b05-91dc-1b4c36e0985c,סלם,auto:תיעוד אירועים wp35014,130,True,1,,,True,True,thematic_corpus,rule:auto:תיעוד אירועים wp35014,high,
1d7ded52-1b4f-4729-83b2-453eb146fc3a,ארבל,auto:תיעוד אירועים wp35014,233,True,1,,,True,True,thematic_corpus,rule:auto:תיעוד אירועים wp35014,high,
3db01d6f-556a-4b61-9a7b-72534a751c72,אביתר,auto:תיעוד אירועים wp35615,613,True,1,,,True,True,thematic_corpus,rule:auto:תיעוד אירועים wp35615,high,
8c6eec8c-f97b-48b7-a909-465cba0f16e0,פיל,auto:תיעוד אירועים wp35096,120,True,1,,,True,True,thematic_corpus,rule:auto:תיעוד אירועים wp35096,high,
e244a47e-c656-4550-a606-cb4c3d90ecce,משכיל,auto:תיעוד אירועים wp35644,400,True,1,,,True,True,thematic_corpus,rule:auto:תיעוד אירועים wp35644,high,
190cd2a9-2ba3-40fc-8ed8-28b50d9672e6,כעת,auto:תיעוד אירועים wp36103,490,True,1,,,True,True,thematic_corpus,rule:auto:תיעוד אירועים wp36103,high,
d4273e3a-2936-41bb-9e9f-e0199284e2e2,ישרון,auto:תיעוד אירועים wp35642,566,True,1,,,True,True,thematic_corpus,rule:auto:תיעוד אירועים wp35642,high,
d22f8535-8205-4f80-8e65-2d83d5074d58,צפע,auto:תיעוד אירועים wp9075,240,True,1,,,True,True,thematic_corpus,rule:auto:תיעוד אירועים wp9075,high,
b9465ba0-e931-43e3-ba3b-0e3c88d90cd1,מוטי,auto:תיעוד אירועים wp6684,65,True,1,,,True,True,thematic_corpus,rule:auto:תיעוד אירועים wp6684,high,
e5d2ba0d-9606-4d0a-8bd1-ab8aec6e54ba,שטחים,auto:תיעוד אירועים wp16571,367,True,1,,,True,True,thematic_corpus,rule:auto:תיעוד אירועים wp16571,high,
ab6fd437-fa6a-4e71-925b-0f1ebb330cc9,אטום,auto:תיעוד אירועים wp11557,56,True,1,,,True,True,thematic_corpus,rule:auto:תיעוד אירועים wp11557,high,
45c76d3a-b7d9-40ed-93af-737070d92fff,עבד,auto:תיעוד אירועים wp28247,76,True,1,,,True,True,thematic_corpus,rule:auto:תיעוד אירועים wp28247,high,
e097e70c-f5bc-405a-85c5-ececde3accbf,חמס,auto:תיעוד אירועים wp28247,108,True,1,,,True,True,thematic_corpus,rule:auto:תיעוד אירועים wp28247,high,
ccbf4dbc-e40a-45ca-854e-847b0af51504,מחלקת,auto:תיעוד אירועים wp27754,578,True,1,,,True,True,thematic_corpus,rule:auto:תיעוד אירועים wp27754,high,
fc6c9f51-be1c-460f-8d49-82198c435793,קוד הבריאה,auto:תיעוד אירועים wp28180,333,True,2,,,True,True,thematic_corpus,rule:auto:תיעוד אירועים wp28180,high,
e849859a-3564-4bcc-8259-6c878bd98e63,לפרסם את שמו יתברך,wp_id:31540,1789,True,3,,,True,False,research_package,rule:wp_id:31540,medium,31540_wpid_cluster
16d592be-6cb1-4790-81b2-4f9a89edb9a6,כיכר החטופים בתל אביב,wp_id:31540,855,True,3,,,True,True,research_package,rule:wp_id:31540,medium,31540_wpid_cluster
51386310-e0ee-4a21-9c60-e5c2e834cb21,קליפות,auto:תיעוד אירועים wp19498,626,True,1,,,True,True,thematic_corpus,rule:auto:תיעוד אירועים wp19498,high,
d8d74e2a-1588-422a-85d5-18d675d24d0b,שלח תשלח,auto:תיעוד אירועים wp34433,1076,True,3,,,True,True,thematic_corpus,rule:auto:תיעוד אירועים wp34433,high,
ba924797-e6d1-434a-a081-42f417fb88f8,השכינה בשיא תפארתה,wp_id:31540,1789,True,3,,,True,False,research_package,rule:wp_id:31540,medium,31540_wpid_cluster
5c0ac27c-eb15-4572-a573-fb4f15fb2493,כי אני הויה אלהיכם,wp_id:29256,223,True,3,,,True,False,research_package,rule:wp_id:29256,medium,29256_wpid_cluster
a8a316fa-0fd8-4645-9cdf-2f71fb937f80,הגאולה תתגלה,auto:תיעוד אירועים wp11557,888,True,2,,,True,True,thematic_corpus,rule:auto:תיעוד אירועים wp11557,high,
2b49691e-99ae-494c-b44a-1e10b7d4354e,ודבר כל חזון,wp_id:19012,333,True,3,,,True,False,research_package,rule:wp_id:19012,medium,19012_wpid_cluster
a09ce26d-e93d-4cff-bf15-0d8b0ac13cc6,מלכות דויד,wp_id:20584,520,True,3,,,True,False,research_package,rule:wp_id:20584,medium,20584_wpid_cluster
5b1d6ba2-efd1-4cd5-8f2c-faaca22936fa,דוד המלך,auto:תיעוד אירועים wp31911,109,True,2,,,True,True,thematic_corpus,rule:auto:תיעוד אירועים wp31911,high,
368ba632-7d19-41c2-8f1d-af1d90d43fd8,גוג ומגוג,wp_id:36710,70,True,2,,,True,False,research_package,rule:wp_id:36710,medium,36710_wpid_cluster
333ff3c6-dd5c-4282-ac64-2480c79e11a2,רוח אלהים,excel_import | wp_id:6262 מילוי דמילוי שיטת ויו,300,True,2,,,True,False,research_vocabulary,rule:excel_import | wp_id:6262 מילוי דמילוי שיטת ויו,high,
f2abad0a-2702-4ea3-8bb4-4ad0b0489418,הכוכבת,auto:תיעוד אירועים wp29386,453,True,1,,,True,True,thematic_corpus,rule:auto:תיעוד אירועים wp29386,high,
759944a7-d773-43fb-a1a0-5fb8affce631,שלנו,auto:תיעוד אירועים wp29386,386,True,1,,,True,True,thematic_corpus,rule:auto:תיעוד אירועים wp29386,high,
a71500b3-12a7-4c7e-81ed-18a9fb23d196,צער,auto:תיעוד אירועים wp33244,360,True,1,,,True,True,thematic_corpus,rule:auto:תיעוד אירועים wp33244,high,
313e1a82-607c-47aa-be69-0a62423a0a03,מסתתר,auto:תיעוד אירועים wp36103,1100,True,1,,,True,True,thematic_corpus,rule:auto:תיעוד אירועים wp36103,high,
ad6b1ea7-d5d0-43b5-b5d8-99d01d329ecf,אלוני,auto:תיעוד אירועים wp35844,97,True,1,,,True,True,thematic_corpus,rule:auto:תיעוד אירועים wp35844,high,
3a12a248-ccee-4e0f-aac4-67dac187accc,הלוים,auto:תיעוד אירועים wp35827,91,True,1,,,True,True,thematic_corpus,rule:auto:תיעוד אירועים wp35827,high,
9932d070-7b43-46c7-ac10-44440d4883bc,והיה האיש אשר אבחר בו,auto:תיעוד אירועים wp34433,1062,True,3,,,True,True,thematic_corpus,rule:auto:תיעוד אירועים wp34433,high,
813c36a4-a666-425d-a3ac-8301b274eca9,המשוגע,auto:תיעוד אירועים wp35844,424,True,1,,,True,True,thematic_corpus,rule:auto:תיעוד אירועים wp35844,high,
71f61fb0-ec29-4331-9a22-9dd5a38faaf0,אקטואליה,auto:תיעוד אירועים wp36110,162,True,1,,,True,True,thematic_corpus,rule:auto:תיעוד אירועים wp36110,high,
92a9f25a-b046-4d66-81e0-acb73576b121,בגרעין,auto:תיעוד אירועים wp36103,335,True,1,,,True,True,thematic_corpus,rule:auto:תיעוד אירועים wp36103,high,
2a02775b-9121-4b71-82e4-cf769a9e41f9,ההתגלות,auto:תיעוד אירועים wp36207,849,True,1,,,True,True,thematic_corpus,rule:auto:תיעוד אירועים wp36207,high,
0d0ee04b-e71f-46ca-9b70-c378280c71d0,השקרן,auto:תיעוד אירועים wp36103,655,True,1,,,True,True,thematic_corpus,rule:auto:תיעוד אירועים wp36103,high,
b0c0df57-b3e1-412b-a477-9508d3985bbd,ויקמו,auto:תיעוד אירועים wp36110,162,True,1,,,True,True,thematic_corpus,rule:auto:תיעוד אירועים wp36110,high,
2999dabe-3574-4b2b-8991-42ac4f553224,תפארת,auto:תיעוד אירועים wp36481,1081,True,1,,,True,True,thematic_corpus,rule:auto:תיעוד אירועים wp36481,high,
f5eb2bde-a398-47c3-98bb-b2a30b2dd375,הארי,auto:תיעוד אירועים wp36497,216,True,1,,,True,True,thematic_corpus,rule:auto:תיעוד אירועים wp36497,high,
8aefe428-eac0-4cac-97e8-d3840b50c183,כתלעא,auto:תיעוד אירועים wp36207,521,True,1,,,True,True,thematic_corpus,rule:auto:תיעוד אירועים wp36207,high,
b4286dc1-6128-404a-84d9-88310d47ab23,מתקפות,auto:תיעוד אירועים wp36457,1026,True,1,,,True,True,thematic_corpus,rule:auto:תיעוד אירועים wp36457,high,
a861190a-5504-4243-8918-75ba549f0765,דולר,auto:תיעוד אירועים wp4203,240,True,1,,,True,True,thematic_corpus,rule:auto:תיעוד אירועים wp4203,high,
4007f9c9-c371-4f99-b957-c0b799c0a2bd,לטביה,auto:תיעוד אירועים wp4699,56,True,1,,,True,True,thematic_corpus,rule:auto:תיעוד אירועים wp4699,high,
89e0d244-bf91-4b13-8ff7-e1988648d393,סוד דבורים בנתיבות,auto:תיעוד אירועים wp36833,1202,True,3,,,True,True,thematic_corpus,rule:auto:תיעוד אירועים wp36833,high,
d3f21b22-7900-445c-8e15-36c1df07828b,קורנפלקס,auto:תיעוד אירועים wp2779,626,True,1,,,True,True,thematic_corpus,rule:auto:תיעוד אירועים wp2779,high,
4d299ba4-596e-43ef-a3fa-b56b9603b8b6,אתר הגרעין בפורדו,auto:תיעוד אירועים wp35844,1237,True,3,,,True,True,thematic_corpus,rule:auto:תיעוד אירועים wp35844,high,
311965b7-9643-469b-b0f2-fe388a26debb,שב לימיני עד אשית,auto:תיעוד אירועים wp36103,1237,True,3,,,True,True,thematic_corpus,rule:auto:תיעוד אירועים wp36103,high,
49ba0e56-701a-4454-b0c6-3b8c4a4c6b99,דוקסורי,auto:תיעוד אירועים wp27374,386,True,1,,,True,True,thematic_corpus,rule:auto:תיעוד אירועים wp27374,high,
2095c872-a400-4f14-b47f-71dab0f940c7,ומיויצ,auto:תיעוד אירועים wp36110,162,True,1,,,True,True,thematic_corpus,rule:auto:תיעוד אירועים wp36110,high,
2e9431a1-1855-4f28-b662-2ae7c62afc47,יקוםשיח,auto:תיעוד אירועים wp2779,474,True,1,,,True,True,thematic_corpus,rule:auto:תיעוד אירועים wp2779,high,
16d2a6f4-8438-441d-95a8-11c4fe3a4e88,יוהך,auto:תיעוד אירועים wp32380,41,True,1,,,True,True,thematic_corpus,rule:auto:תיעוד אירועים wp32380,high,
00702093-4e2a-40d4-9150-838ccf0046b7,דבר אלהינו יקום,auto:תיעוד אירועים wp36207,464,True,3,,,True,True,thematic_corpus,rule:auto:תיעוד אירועים wp36207,high,
82e8baf8-ff6c-42c2-a3a1-3a6ae9d685de,עם זו,auto:תיעוד אירועים wp16571,123,True,3,,,True,True,thematic_corpus,rule:auto:תיעוד אירועים wp16571,high,
d7b55927-a068-4b46-a568-34378b2aefcc,סנפיר וטיראן,auto:תיעוד אירועים wp9219,676,True,3,,,True,True,thematic_corpus,rule:auto:תיעוד אירועים wp9219,high,
a080525f-258e-4b48-b1b2-86d702ba2642,ארגון פשע,auto:תיעוד אירועים wp32380,710,True,3,,,True,True,thematic_corpus,rule:auto:תיעוד אירועים wp32380,high,
7b6bfb8b-0541-4cde-9406-ed058c76127a,כף טית אדר,auto:תיעוד אירועים wp32852,724,True,3,,,True,True,thematic_corpus,rule:auto:תיעוד אירועים wp32852,high,
bf2ee9d5-2a6e-41ae-baaa-02860c5c677e,דוד קוניו,auto:תיעוד אירועים wp35014,186,True,3,,,True,True,thematic_corpus,rule:auto:תיעוד אירועים wp35014,high,
d39a6f2e-b758-4537-a909-cf42c4ae8501,כתר מלכות,auto:תיעוד אירועים wp35014,1116,True,3,,,True,True,thematic_corpus,rule:auto:תיעוד אירועים wp35014,high,
d8c57fe6-c2ef-41f8-9137-c36ae2ce03ae,גדי מוזס,auto:תיעוד אירועים wp35014,130,True,3,,,True,True,thematic_corpus,rule:auto:תיעוד אירועים wp35014,high,
646ee9b2-e7cd-420e-b834-3284ada8d341,בגדי תפארתך,wp_id:36710,1120,True,3,,,True,False,research_package,rule:wp_id:36710,medium,36710_wpid_cluster
48097bb8-dbf5-4c6f-bedd-2f91bb3d34a3,הפלת השקר,wp_id:36710,1120,True,3,,,True,False,research_package,rule:wp_id:36710,medium,36710_wpid_cluster
c194a02b-be20-48f3-8ecc-1e440cec72cf,יהוה אלהים,wp_id:36710,112,True,3,,,True,False,research_package,rule:wp_id:36710,medium,36710_wpid_cluster
0b7d8cd5-8df9-4086-9b9c-ad36c455d8f3,בקע ים ויעבירם,wp_id:36710,560,True,3,,,True,False,research_package,rule:wp_id:36710,medium,36710_wpid_cluster
13ce56e8-87bc-4363-9771-541c2b41e02b,סיום הגלות,wp_id:36710,560,True,3,,,True,False,research_package,rule:wp_id:36710,medium,36710_wpid_cluster
2b976ec1-7e87-4270-b78a-bbacaa4de90b,שיר הגאולה,wp_id:36710,560,True,3,,,True,False,research_package,rule:wp_id:36710,medium,36710_wpid_cluster
ee4fb230-6779-4e05-904b-f2d988d708de,והיא שעמדה,wp_id:36710,441,True,3,,,True,False,research_package,rule:wp_id:36710,medium,36710_wpid_cluster
eaa1b52d-dacb-4996-97c6-7c8170ea6689,צו השם,wp_id:36710,441,True,3,,,True,False,research_package,rule:wp_id:36710,medium,36710_wpid_cluster
39fe82f3-8ac7-43a6-9cd4-8aab253981bb,שבת הגדול,wp_id:36710,750,True,3,,,True,False,research_package,rule:wp_id:36710,medium,36710_wpid_cluster
933a8292-c295-4324-97e6-afa662994d81,והגדת לבנך,wp_id:36710,520,True,3,,,True,False,research_package,rule:wp_id:36710,medium,36710_wpid_cluster
cb91e3a2-c41b-465b-9c08-cdb29047a64a,אבא ואמא,wp_id:36710,52,True,3,,,True,False,research_package,rule:wp_id:36710,medium,36710_wpid_cluster
c23700bb-c097-4dac-959a-79206929c264,מבשר הגאולה,wp_id:36710,592,True,3,,,True,False,research_package,rule:wp_id:36710,medium,36710_wpid_cluster
85c1642f-5033-41ae-9f39-14de4ab85542,מלאו כיסי בלוז,wp_id:36710,222,True,3,,,True,False,research_package,rule:wp_id:36710,medium,36710_wpid_cluster
e08da090-d659-4c2d-838a-a39d6ec3e708,התנערי קומי,wp_id:36710,891,True,3,,,True,False,research_package,rule:wp_id:36710,medium,36710_wpid_cluster
44ee044f-5319-4c13-90d6-a4a38fdab5a1,שמחה רבה שמחה רבה,wp_id:36710,1120,True,3,,,True,False,research_package,rule:wp_id:36710,medium,36710_wpid_cluster
b8bd9e4a-7f1d-4a97-a26d-78275307e530,רוח חיים חוזרת מגן עדן,wp_id:36710,1120,True,3,,,True,False,research_package,rule:wp_id:36710,medium,36710_wpid_cluster
eb210933-6803-41da-a37a-0c042cd9552f,בני ברק,wp_id:23886,364,True,3,,,True,False,research_package,rule:wp_id:23886,medium,23886_wpid_cluster
fc32117f-286c-447d-a200-26b0372a1a2b,קרובים רחוקים מאוד,wp_id:23886,773,True,3,,,True,False,research_package,rule:wp_id:23886,medium,23886_wpid_cluster
1c4c8a85-7f8b-422b-98d5-c5c6fc869e96,מעשה משיח,wp_id:23886,773,True,3,,,True,False,research_package,rule:wp_id:23886,medium,23886_wpid_cluster
01025755-1dfe-4886-9392-375ae34ea786,השר נתניהו,auto:תיעוד אירועים wp33462,1026,True,3,,,True,True,thematic_corpus,rule:auto:תיעוד אירועים wp33462,high,
fd8a366a-d165-4aed-95e2-a692659ee68e,מפליא לעשות,wp_id:23886,967,True,3,,,True,False,research_package,rule:wp_id:23886,medium,23886_wpid_cluster
8db5172a-b266-4da0-98f0-293ba8bf6e95,מלחמת ששת הימים,auto:תיעוד אירועים wp34433,1623,True,3,,,True,True,thematic_corpus,rule:auto:תיעוד אירועים wp34433,high,
a9465889-022b-4060-8f69-6a30fa6558a4,אדום ישמאעל,auto:תיעוד אירועים wp7429,502,True,3,,,True,True,thematic_corpus,rule:auto:תיעוד אירועים wp7429,high,
b7534c3c-1a95-4f9f-bd3f-94a7dc7fde75,בן דוד,auto:תיעוד אירועים wp9377,66,True,3,,,True,True,thematic_corpus,rule:auto:תיעוד אירועים wp9377,high,
8909f566-666d-4ded-b1fd-64e2dc1abc6d,דונלד טראמפ,auto:תיעוד אירועים wp10874,424,True,2,כללי,,True,True,thematic_corpus,rule:auto:תיעוד אירועים wp10874,high,
3cef4798-8c2a-402e-adfb-bbdbdec72dfa,אלה המשפטים,auto:תיעוד אירועים wp19647,520,True,3,,,True,True,thematic_corpus,rule:auto:תיעוד אירועים wp19647,high,
745e185a-83ff-4540-be74-5b9b9521d162,דיוויד פרידמן,auto:תיעוד אירועים wp10874,424,True,3,,,True,True,thematic_corpus,rule:auto:תיעוד אירועים wp10874,high,
a8387fd8-bec5-47e2-82ef-8c772291439e,חמש שנים,auto:תיעוד אירועים wp32852,748,True,3,,,True,True,thematic_corpus,rule:auto:תיעוד אירועים wp32852,high,
f647072b-c36f-48e8-8388-cdfa933e3870,ראש שנה,auto:תיעוד אירועים wp35642,856,True,3,,,True,True,thematic_corpus,rule:auto:תיעוד אירועים wp35642,high,
c0f49ecf-baf4-4990-bce1-0cdef3877775,בנימן נתניהו,auto:תיעוד אירועים wp35827,673,True,3,,,True,True,thematic_corpus,rule:auto:תיעוד אירועים wp35827,high,
041ec340-1c68-4f90-ab63-69020246c400,המגפה השקטה,auto:תיעוד אירועים wp36088,552,True,3,,,True,True,thematic_corpus,rule:auto:תיעוד אירועים wp36088,high,
f2bcbe98-a744-45b8-a9d0-e045eb80271f,וישוואק קומאר,auto:תיעוד אירועים wp35827,776,True,3,,,True,True,thematic_corpus,rule:auto:תיעוד אירועים wp35827,high,
29eef9c4-cf1e-49d9-9e45-899023c4d929,אורי אחיאלי,auto:תיעוד אירועים wp10937,277,True,3,,,True,True,thematic_corpus,rule:auto:תיעוד אירועים wp10937,high,
1783d71d-24c5-49ed-8dc1-c5eddcdd1701,גילוי אליהו,auto:תיעוד אירועים wp10937,111,True,3,,,True,True,thematic_corpus,rule:auto:תיעוד אירועים wp10937,high,
51610f16-9e4d-41db-82f7-7ac7f726f747,חזקיה בימינו,auto:תיעוד אירועים wp11002,248,True,3,,,True,True,thematic_corpus,rule:auto:תיעוד אירועים wp11002,high,
16b2acbc-86e0-4f07-b144-92a252cf1ae4,מירון בימינו,auto:תיעוד אירועים wp11002,424,True,3,,,True,True,thematic_corpus,rule:auto:תיעוד אירועים wp11002,high,
6d1ced51-3b28-477f-ba3e-bfeaeefe0280,שבעים שנה,auto:תיעוד אירועים wp11082,777,True,3,,,True,True,thematic_corpus,rule:auto:תיעוד אירועים wp11082,high,
51fb90ff-a1e0-482c-bfe2-1ee1a49b9d93,עני ורכוב על חמור,auto:תיעוד אירועים wp11557,718,True,3,,,True,True,thematic_corpus,rule:auto:תיעוד אירועים wp11557,high,
f785917c-bd9d-4307-bdaf-dc19675f8b0f,בית שבע,auto:תיעוד אירועים wp11557,784,True,3,,,True,True,thematic_corpus,rule:auto:תיעוד אירועים wp11557,high,
7a94dfc2-3eda-4bbc-bd87-aa744204cd47,נתניהו טראמפ,auto:תיעוד אירועים wp16294,851,True,3,,,True,True,thematic_corpus,rule:auto:תיעוד אירועים wp16294,high,
70c9bdc6-92be-4963-b9fa-00a5895a3acf,שאול חי,auto:תיעוד אירועים wp16571,355,True,3,,,True,True,thematic_corpus,rule:auto:תיעוד אירועים wp16571,high,
f9059d6d-f986-49d3-a905-1703d16f858b,גוש הימין,auto:תיעוד אירועים wp16571,424,True,3,,,True,True,thematic_corpus,rule:auto:תיעוד אירועים wp16571,high,
2f8ca4cd-bf52-4445-96c0-a0b90af6cd70,ביבי מלך ישראל,auto:תיעוד אירועים wp16571,655,True,3,,,True,True,thematic_corpus,rule:auto:תיעוד אירועים wp16571,high,
f45f23b6-ea54-4a00-96f7-c9bc3eaac40c,איתן בן טל,auto:תיעוד אירועים wp16571,552,True,3,,,True,True,thematic_corpus,rule:auto:תיעוד אירועים wp16571,high,
a61c2776-cb41-4521-b469-0ef43d18c848,סטרזה איטליה,auto:תיעוד אירועים wp16571,346,True,3,,,True,True,thematic_corpus,rule:auto:תיעוד אירועים wp16571,high,
d6f67e74-8190-40a3-977b-f60616a72273,שנת גאולה,auto:תיעוד אירועים wp16571,795,True,3,,,True,True,thematic_corpus,rule:auto:תיעוד אירועים wp16571,high,
ce7021f5-4949-4236-b4b7-3895a00f3aae,בניסן עתידין להיגאל,auto:תיעוד אירועים wp16571,795,True,3,,,True,True,thematic_corpus,rule:auto:תיעוד אירועים wp16571,high,
666fb007-ab62-4f66-ad5a-1235eb7e2f37,ביבי המרסק הלאומי,auto:תיעוד אירועים wp16571,521,True,3,,,True,True,thematic_corpus,rule:auto:תיעוד אירועים wp16571,high,
c8d4cb85-1b0b-4630-9af6-1372085e9dde,חורבן הבית,auto:תיעוד אירועים wp16571,683,True,3,,,True,True,thematic_corpus,rule:auto:תיעוד אירועים wp16571,high,
e89dad9b-63f8-4dec-9d2c-5fef89568370,עשרים כסף,auto:תיעוד אירועים wp16571,780,True,3,,,True,True,thematic_corpus,rule:auto:תיעוד אירועים wp16571,high,
db8a7878-db22-4812-aa02-2e58c2ca158c,אבל אשמים,auto:תיעוד אירועים wp16571,424,True,3,,,True,True,thematic_corpus,rule:auto:תיעוד אירועים wp16571,high,
af002086-65d1-47db-8014-d40722e760a7,בעתה אחישנה,auto:תיעוד אירועים wp16294,851,True,3,,,True,True,thematic_corpus,rule:auto:תיעוד אירועים wp16294,high,
1c2d862b-6579-49dd-b828-2fabbbd242b5,בן אחר,auto:תיעוד אירועים wp16571,261,True,3,,,True,True,thematic_corpus,rule:auto:תיעוד אירועים wp16571,high,
798a060b-7089-4671-af9a-7801622f5226,ביד רמה,auto:תיעוד אירועים wp16571,261,True,3,,,True,True,thematic_corpus,rule:auto:תיעוד אירועים wp16571,high,
9ad4fda0-5449-4460-9049-cf1bbf07204f,הבחירות בפעם הרביעית,auto:תיעוד אירועים wp16571,1520,True,3,,,True,True,thematic_corpus,rule:auto:תיעוד אירועים wp16571,high,
e7f1e95f-1ddf-458d-af7c-24784adcb811,רגלי מבשר,auto:תיעוד אירועים wp16571,785,True,3,,,True,True,thematic_corpus,rule:auto:תיעוד אירועים wp16571,high,
bf94e0c0-f13b-49ea-a39f-2938ed20feac,אחד באפריל,auto:תיעוד אירועים wp36317,336,True,3,,,True,True,thematic_corpus,rule:auto:תיעוד אירועים wp36317,high,
4f07a1f0-6079-4bbb-b952-380dc915d460,איש מלחמה שמו,auto:תיעוד אירועים wp16571,780,True,3,,,True,True,thematic_corpus,rule:auto:תיעוד אירועים wp16571,high,
80d2e8fb-3742-4fdc-b4fc-34109252f03a,ארץ ים המלח,auto:תיעוד אירועים wp19498,424,True,3,,,True,True,thematic_corpus,rule:auto:תיעוד אירועים wp19498,high,
30c97158-a6aa-456a-9de2-398be1d12a22,מרתון ארץ ים המלח,auto:תיעוד אירועים wp19498,1120,True,3,,,True,True,thematic_corpus,rule:auto:תיעוד אירועים wp19498,high,
ccb558c0-6c8e-47f0-97f0-4f4ca6f74c0b,ים גינוסר,auto:תיעוד אירועים wp19498,379,True,3,,,True,True,thematic_corpus,rule:auto:תיעוד אירועים wp19498,high,
45c9de2d-743c-4cd1-9f2b-26d2427089ba,קרית שמונה,auto:תיעוד אירועים wp19498,1111,True,3,,,True,True,thematic_corpus,rule:auto:תיעוד אירועים wp19498,high,
9391c21d-2fc8-42c0-a698-4cd191a4c032,בארה של מרים,auto:תיעוד אירועים wp19498,828,True,3,,,True,True,thematic_corpus,rule:auto:תיעוד אירועים wp19498,high,
e99437f9-711e-498c-bd2f-9a4946ebf75d,עמק ירדן,auto:תיעוד אירועים wp19498,474,True,3,,,True,True,thematic_corpus,rule:auto:תיעוד אירועים wp19498,high,
eefca22d-ecbd-4181-92be-cff3317d7cca,ממשלת מעבר,auto:תיעוד אירועים wp19498,1122,True,3,,,True,True,thematic_corpus,rule:auto:תיעוד אירועים wp19498,high,
a6883752-71e0-429b-a753-a445e479248e,עמק בית שאן,auto:תיעוד אירועים wp19498,973,True,3,,,True,True,thematic_corpus,rule:auto:תיעוד אירועים wp19498,high,
83ac30df-d688-44f7-a235-080d12baf568,סוד הויה,auto:תיעוד אירועים wp19616,96,True,3,,,True,True,thematic_corpus,rule:auto:תיעוד אירועים wp19616,high,
c0033e61-aa96-4048-a91e-5cf98f00e35e,נשיא ברק אובמה,auto:תיעוד אירועים wp3859,717,True,3,,,True,True,thematic_corpus,rule:auto:תיעוד אירועים wp3859,high,
cbe31f54-9f36-4ffe-be80-ce2c417d6f5c,רוני נומה,auto:תיעוד אירועים wp19616,367,True,3,,,True,True,thematic_corpus,rule:auto:תיעוד אירועים wp19616,high,
dfaf9844-4f36-4b34-b8a4-4ff96b35c221,גאולת אמת,auto:תיעוד אירועים wp19616,881,True,3,,,True,True,thematic_corpus,rule:auto:תיעוד אירועים wp19616,high,
d58c070a-958f-4399-8190-8accba87cffe,יום בחירות,auto:תיעוד אירועים wp19647,682,True,3,,,True,True,thematic_corpus,rule:auto:תיעוד אירועים wp19647,high,
4ff642ea-9a9f-4494-80bc-686b304ad2ca,כוכב הירדן,auto:תיעוד אירועים wp19647,317,True,3,,,True,True,thematic_corpus,rule:auto:תיעוד אירועים wp19647,high,
34c384a2-3ca7-4f17-8b96-65c63c92f324,נווה אור,auto:תיעוד אירועים wp19647,274,True,3,,,True,True,thematic_corpus,rule:auto:תיעוד אירועים wp19647,high,
e2b3e099-b156-4a19-a9bf-fa648164f084,שם חי,auto:תיעוד אירועים wp19647,358,True,3,,,True,True,thematic_corpus,rule:auto:תיעוד אירועים wp19647,high,
cdc9e716-8a3c-417c-8d35-07688177ba9f,מלחמת גוג ומגוג,auto:תיעוד אירועים wp16571,588,True,3,,יצחק שחר קנדרו,True,True,thematic_corpus,rule:auto:תיעוד אירועים wp16571,high,
941d9295-d483-439c-845e-46326338ea96,עין הנציב,auto:תיעוד אירועים wp19647,287,True,3,,,True,True,thematic_corpus,rule:auto:תיעוד אירועים wp19647,high,
70a32419-1555-40c2-8918-d91fd0452ac7,שדה אליהו,auto:תיעוד אירועים wp19647,361,True,3,,,True,True,thematic_corpus,rule:auto:תיעוד אירועים wp19647,high,
16410da1-5252-4b62-bb0c-ba3519970d31,וישב על הבאר,auto:תיעוד אירועים wp19647,626,True,3,,,True,True,thematic_corpus,rule:auto:תיעוד אירועים wp19647,high,
c19e87a5-f3da-4584-b89f-4d07becb4b47,בצר להם,auto:תיעוד אירועים wp20502,367,True,3,,,True,True,thematic_corpus,rule:auto:תיעוד אירועים wp20502,high,
7c6f34bc-be81-4e95-bcaf-827a2694f114,המשנה למלך,auto:תיעוד אירועים wp21354,520,True,3,,,True,True,thematic_corpus,rule:auto:תיעוד אירועים wp21354,high,
333dd4a3-464d-42f3-bd48-bf4f9ad60be4,יריב לוין,auto:תיעוד אירועים wp21354,318,True,3,,,True,True,thematic_corpus,rule:auto:תיעוד אירועים wp21354,high,
e7333bde-e06a-425a-abe4-fae4647cb4ed,מם שין יוד חית,auto:תיעוד אירועים wp21354,878,True,3,,,True,True,thematic_corpus,rule:auto:תיעוד אירועים wp21354,high,
7b78b914-36da-4161-86b8-ff8e50879357,ראש הממשלה בנימין נתניהו,auto:תיעוד אירועים wp21354,1604,True,3,,,True,True,thematic_corpus,rule:auto:תיעוד אירועים wp21354,high,
72d03ed4-3062-4e48-b352-ae5363fbfb1c,כח קפלן,auto:תיעוד אירועים wp21354,288,True,3,,,True,True,thematic_corpus,rule:auto:תיעוד אירועים wp21354,high,
92f161ce-dab7-4736-940a-078a144f3ec1,אור פניך,auto:תיעוד אירועים wp21354,367,True,3,,,True,True,thematic_corpus,rule:auto:תיעוד אירועים wp21354,high,
5e3402c6-b2ce-46f4-a488-4bebfc86252d,משיח הויה,auto:תיעוד אירועים wp21847,384,True,3,,,True,True,thematic_corpus,rule:auto:תיעוד אירועים wp21847,high,
578872ef-a184-4b5f-a16d-6f2e6d0aa0ac,ביידן ארבעים ושש,auto:תיעוד אירועים wp22588,1005,True,3,,,True,True,thematic_corpus,rule:auto:תיעוד אירועים wp22588,high,
9c92c019-6e59-4328-80ce-50767f0ff700,צריך שלום בעולם,auto:תיעוד אירועים wp23309,844,True,3,,,True,True,thematic_corpus,rule:auto:תיעוד אירועים wp23309,high,
eadfd82b-73d2-4189-9550-3efdda54dcc3,מיכאל בן דוד,auto:תיעוד אירועים wp26480,167,True,3,,,True,True,thematic_corpus,rule:auto:תיעוד אירועים wp26480,high,
1beb040b-fcb4-4d7e-bcfd-9ebd804813b0,טילים גרעיניים,auto:תיעוד אירועים wp26905,492,True,3,,,True,True,thematic_corpus,rule:auto:תיעוד אירועים wp26905,high,
9ef9fecf-877b-4fcc-b464-5190822ed9eb,קץ אירופה,auto:תיעוד אירועים wp26905,492,True,3,,,True,True,thematic_corpus,rule:auto:תיעוד אירועים wp26905,high,
d73c824e-cca2-45b7-9eae-98df38c6f594,נגיף חדש בתשפ,auto:תיעוד אירועים wp20569,1237,True,3,,,True,True,thematic_corpus,rule:auto:תיעוד אירועים wp20569,high,
a4348057-e1a3-48bc-b321-a4ba95b814ab,בכיה לדורות,auto:תיעוד אירועים wp27374,683,True,3,,,True,True,thematic_corpus,rule:auto:תיעוד אירועים wp27374,high,
2de0d800-1426-4d7b-806c-6483f742ac64,שבעים חמש,auto:תיעוד אירועים wp27754,770,True,3,,,True,True,thematic_corpus,rule:auto:תיעוד אירועים wp27754,high,
ee6c125a-f19a-4512-be67-dccad8e8663b,סדם רעים,auto:תיעוד אירועים wp27754,424,True,3,,,True,True,thematic_corpus,rule:auto:תיעוד אירועים wp27754,high,
aa8e3de4-c23c-4d78-acac-31770986a049,דני אבדיה,auto:תיעוד אירועים wp28180,86,True,3,,,True,True,thematic_corpus,rule:auto:תיעוד אירועים wp28180,high,
c304a226-484c-4e43-a38a-35fe1c20cb58,הרמז סוד,auto:תיעוד אירועים wp28180,322,True,3,,,True,True,thematic_corpus,rule:auto:תיעוד אירועים wp28180,high,
05f8ea43-16f3-424d-b62f-544680df3d84,הברור האחרון,auto:תיעוד אירועים wp28180,683,True,3,,,True,True,thematic_corpus,rule:auto:תיעוד אירועים wp28180,high,
d7b7cb4f-eac4-4466-a7d4-83578158403a,רומן זדורוב,auto:תיעוד אירועים wp28180,521,True,3,,,True,True,thematic_corpus,rule:auto:תיעוד אירועים wp28180,high,
0555e472-69bc-4612-8bed-1e1b8b801ca7,יום הולדתו של ראש הממשלה,auto:תיעוד אירועים wp28180,1758,True,3,,,True,True,thematic_corpus,rule:auto:תיעוד אירועים wp28180,high,
25c969da-b3c2-4fad-8b9f-ebe770d83431,ישאר בשלטון עד ביאת המשיח,auto:תיעוד אירועים wp28180,1758,True,3,,,True,True,thematic_corpus,rule:auto:תיעוד אירועים wp28180,high,
2e133608-7280-4f0d-a6b1-7497df2c6c01,ארגנטינה תשפג,auto:תיעוד אירועים wp28247,1111,True,3,,,True,True,thematic_corpus,rule:auto:תיעוד אירועים wp28247,high,
1e60f45a-6f72-4f9c-9f98-12ccd70071d1,חג חנוכה התשפג,auto:תיעוד אירועים wp28247,888,True,3,,,True,True,thematic_corpus,rule:auto:תיעוד אירועים wp28247,high,
051ce11b-34b6-4696-8c29-8db63acd96dd,מלך המשיח תשפד,auto:תיעוד אירועים wp29114,1237,True,3,,,True,True,thematic_corpus,rule:auto:תיעוד אירועים wp29114,high,
2d0b4d0d-6e81-4932-a444-55258db69600,לעשות נחת רוח ליוצרו,auto:תיעוד אירועים wp28247,1820,True,3,,,True,True,thematic_corpus,rule:auto:תיעוד אירועים wp28247,high,
70d0ef77-e2a1-4ae9-a333-2955391a2b15,חטא מכירת יוסף,auto:תיעוד אירועים wp28315,844,True,3,,,True,True,thematic_corpus,rule:auto:תיעוד אירועים wp28315,high,
c12e3e22-16d8-4ea8-ae60-bdae488a0454,פוטין,איש חדשות,155,True,3,כללי,,False,False,thematic_corpus,rule:איש חדשות,high,
09d438aa-9a32-492a-b119-f4ccb7fb382d,מירב מיכאלי,auto:תיעוד אירועים wp28984,363,True,3,,,True,True,thematic_corpus,rule:auto:תיעוד אירועים wp28984,high,
9d6d834c-bd55-4d31-9149-fb98899e32fe,נשים באדום,auto:תיעוד אירועים wp28984,453,True,3,,,True,True,thematic_corpus,rule:auto:תיעוד אירועים wp28984,high,
e3ace9dd-c583-47b6-83cc-d4d17f440fdc,ביום קראנו,auto:תיעוד אירועים wp29114,415,True,3,,,True,True,thematic_corpus,rule:auto:תיעוד אירועים wp29114,high,
1f82173b-a7f1-423e-a00d-330de951b738,בושה בושה,auto:תיעוד אירועים wp30145,626,True,3,,,True,True,thematic_corpus,rule:auto:תיעוד אירועים wp30145,high,
9cc92af3-46d4-463c-8ad7-7c0da0d37d56,בושה בושה בושה,auto:תיעוד אירועים wp30145,939,True,3,,,True,True,thematic_corpus,rule:auto:תיעוד אירועים wp30145,high,
b3654424-63f1-4042-8865-2b66d780003f,גיל פנצק,auto:תיעוד אירועים wp30421,363,True,3,,,True,True,thematic_corpus,rule:auto:תיעוד אירועים wp30421,high,
58c85a27-f0ae-4a2a-a88b-6d4063b4ab1f,אייל גולן,auto:תיעוד אירועים wp30776,140,True,3,,,True,True,thematic_corpus,rule:auto:תיעוד אירועים wp30776,high,
0b90b0e8-9d8f-48da-be88-b39efff99c26,בנימין אחימאיר,auto:תיעוד אירועים wp30776,432,True,3,,,True,True,thematic_corpus,rule:auto:תיעוד אירועים wp30776,high,
04f334aa-a01c-4c09-b8e8-686abd998295,תהו בהו,auto:תיעוד אירועים wp30856,424,True,3,,,True,True,thematic_corpus,rule:auto:תיעוד אירועים wp30856,high,
7c3c80de-d210-4b6d-ba49-eb7d01367f8b,קרע שטן,auto:תיעוד אירועים wp31911,729,True,3,,,True,True,thematic_corpus,rule:auto:תיעוד אירועים wp31911,high,
9c7cec58-9b65-4f33-9d6a-497983752051,טילי שיוט,auto:תיעוד אירועים wp32380,384,True,3,,,True,True,thematic_corpus,rule:auto:תיעוד אירועים wp32380,high,
65c5886c-ff4c-4753-8597-cc7f268e2f9b,אמינה אלחסוני,auto:תיעוד אירועים wp32380,271,True,3,,,True,True,thematic_corpus,rule:auto:תיעוד אירועים wp32380,high,
a356b803-f2db-4e7c-9a0f-2c7055bcc9ce,בנימין איראן,auto:תיעוד אירועים wp32380,424,True,3,,,True,True,thematic_corpus,rule:auto:תיעוד אירועים wp32380,high,
cdb78175-3287-4ab8-9f42-d5a811d37e62,ביבי המלך,auto:תיעוד אירועים wp32380,119,True,3,,,True,True,thematic_corpus,rule:auto:תיעוד אירועים wp32380,high,
67783f7a-1429-4065-91e0-19c78f89e7b2,סתר הגאולה,auto:תיעוד אירועים wp32380,710,True,3,,,True,True,thematic_corpus,rule:auto:תיעוד אירועים wp32380,high,
7b9b289b-142f-4be4-8ecd-161875d723eb,מה סוד כניסה לרפיח,auto:תיעוד אירועים wp32380,588,True,3,,,True,True,thematic_corpus,rule:auto:תיעוד אירועים wp32380,high,
30bc14e4-54e9-44f4-9f09-bed3e5c93ac6,עד חצי המלכות,auto:תיעוד אירועים wp32380,683,True,3,,,True,True,thematic_corpus,rule:auto:תיעוד אירועים wp32380,high,
9c25612a-6f6f-4a05-be72-6d244ae0fec7,סוד רפח,auto:תיעוד אירועים wp32380,358,True,3,,,True,True,thematic_corpus,rule:auto:תיעוד אירועים wp32380,high,
f2ff35ac-2d3c-4f24-9121-e51aed0027b7,בנים לגבולם,auto:תיעוד אירועים wp32380,213,True,3,,,True,True,thematic_corpus,rule:auto:תיעוד אירועים wp32380,high,
89c12492-bb42-45ca-a382-9e5e3d103567,הדחת ראש ממשלה,auto:תיעוד אירועים wp32380,1333,True,3,,,True,True,thematic_corpus,rule:auto:תיעוד אירועים wp32380,high,
a8eacbc6-387d-4325-92cd-d3a181ab786f,בינה מלאכותית,auto:תיעוד אירועים wp33029,974,True,3,,,True,True,thematic_corpus,rule:auto:תיעוד אירועים wp33029,high,
9e8ae05c-1d4c-4386-a835-5ddf7530de61,ישועות ישראל,auto:תיעוד אירועים wp32380,1333,True,3,,,True,True,thematic_corpus,rule:auto:תיעוד אירועים wp32380,high,
4effd1e5-fe8c-4444-b0e9-7d1556d2c2a4,כי למחיה שלחני,auto:תיעוד אירועים wp32380,521,True,3,,,True,True,thematic_corpus,rule:auto:תיעוד אירועים wp32380,high,
c74bc6bb-e91a-48d1-9dcc-f5c16e0d0f91,בישועות ישראל,auto:תיעוד אירועים wp32380,1335,True,3,,,True,True,thematic_corpus,rule:auto:תיעוד אירועים wp32380,high,
880717e5-1381-46a5-9676-01060950a839,כי מלאכיו יצוה לך,auto:תיעוד אירועים wp32380,298,True,3,,,True,True,thematic_corpus,rule:auto:תיעוד אירועים wp32380,high,
be0a8821-72c1-4fe1-9c96-badb2e9cf0ac,באחרית הימים,auto:תיעוד אירועים wp32852,726,True,3,,,True,True,thematic_corpus,rule:auto:תיעוד אירועים wp32852,high,
b38b5eaa-3af7-420f-a00a-628189a21294,ליקוי חמה טבעתי מלא,auto:תיעוד אירועים wp32852,771,True,3,,,True,True,thematic_corpus,rule:auto:תיעוד אירועים wp32852,high,
713f5fc0-eb32-4227-91b5-b103ac7c18ab,ביאת משיח,auto:תיעוד אירועים wp32852,771,True,3,,,True,True,thematic_corpus,rule:auto:תיעוד אירועים wp32852,high,
48d759ed-46e5-49b9-a9c9-e6716902e5b2,שבע מאות,auto:תיעוד אירועים wp32852,819,True,3,,,True,True,thematic_corpus,rule:auto:תיעוד אירועים wp32852,high,
dc0db68c-1ca4-47aa-8394-7e1ab43a7a12,דוד מלך ישראל חי וקים,auto:תיעוד אירועים wp32852,819,True,3,,,True,True,thematic_corpus,rule:auto:תיעוד אירועים wp32852,high,
819e6e69-0916-4c9c-9c27-190700320930,משיח כבר כאן,auto:תיעוד אירועים wp32852,651,True,3,,,True,True,thematic_corpus,rule:auto:תיעוד אירועים wp32852,high,
ed001b4a-89bc-4ea1-ab57-4a148d502c89,רסל מילואים אדר גבריאל,auto:תיעוד אירועים wp33244,878,True,3,,,True,True,thematic_corpus,rule:auto:תיעוד אירועים wp33244,high,
580af486-9856-4352-a3b4-1cdf57c57f6e,סמל צהל יהונתן אליאס,auto:תיעוד אירועים wp33244,878,True,3,,,True,True,thematic_corpus,rule:auto:תיעוד אירועים wp33244,high,
8e615091-06c0-40ef-8e8e-d3f96c18188b,עולם אצילות,auto:תיעוד אירועים wp33462,683,True,3,,,True,True,thematic_corpus,rule:auto:תיעוד אירועים wp33462,high,
4945daf5-b59f-4e6c-bfb6-2e9e5c092dd9,לירון ויצמן,auto:תיעוד אירועים wp33494,492,True,3,,,True,True,thematic_corpus,rule:auto:תיעוד אירועים wp33494,high,
dd67c8a8-6a85-4d15-8e2c-2bf5ea5134b1,מגדל שמס,auto:תיעוד אירועים wp33494,477,True,3,,,True,True,thematic_corpus,rule:auto:תיעוד אירועים wp33494,high,
a35f054c-a6c1-42af-99c5-d07130119191,נאום יהוה,auto:תיעוד אירועים wp34138,123,True,3,,,True,True,thematic_corpus,rule:auto:תיעוד אירועים wp34138,high,
8d3fe267-fbd3-4d58-87ac-d0f3e9839fa9,השבת חטופים,auto:תיעוד אירועים wp34138,860,True,3,,,True,True,thematic_corpus,rule:auto:תיעוד אירועים wp34138,high,
f2012e09-9745-4225-b5d5-cb0f239b6e9b,עם ישראל,auto:תיעוד אירועים wp32852,651,True,3,,,True,True,thematic_corpus,rule:auto:תיעוד אירועים wp32852,high,
e20649c1-b18f-4fa3-83c6-8736a640ba29,תורה שבכתב,auto:תיעוד אירועים wp32380,1335,True,3,,,True,True,thematic_corpus,rule:auto:תיעוד אירועים wp32380,high,
1613b8da-8923-4b3f-90e6-5e14e54c257d,ענוים הגיע זמן גאולתכם,auto:תיעוד אירועים wp34138,861,True,3,,,True,True,thematic_corpus,rule:auto:תיעוד אירועים wp34138,high,
a467c62a-d28e-450b-82a3-12510114b0b8,קליפת עמלק,auto:תיעוד אירועים wp34138,860,True,3,,,True,True,thematic_corpus,rule:auto:תיעוד אירועים wp34138,high,
3cffe881-602c-4172-9ca9-dd697cba1584,עם אחד,auto:תיעוד אירועים wp34138,123,True,3,,,True,True,thematic_corpus,rule:auto:תיעוד אירועים wp34138,high,
252b3a19-66bc-4602-be74-6ba09c2cd3e2,היום הרת עולם היום,auto:תיעוד אירועים wp34138,873,True,3,,,True,True,thematic_corpus,rule:auto:תיעוד אירועים wp34138,high,
b8c796e4-bf81-4ba3-b62e-e82e3b369ed7,היום הרת עולם,auto:תיעוד אירועים wp34138,812,True,3,,,True,True,thematic_corpus,rule:auto:תיעוד אירועים wp34138,high,
f23f8f95-012d-43ae-a268-bd0b272a61be,היום יעמיד במשפט,auto:תיעוד אירועים wp34138,626,True,3,,,True,True,thematic_corpus,rule:auto:תיעוד אירועים wp34138,high,
c42e4c6e-80ba-4e68-a638-fa21a67e1bec,חטא אדם הראשון,auto:תיעוד אירועים wp34138,625,True,3,,,True,True,thematic_corpus,rule:auto:תיעוד אירועים wp34138,high,
f8e5dd17-5824-4bc8-a370-0d6648d45f98,היום הרת,auto:תיעוד אירועים wp34138,666,True,3,,,True,True,thematic_corpus,rule:auto:תיעוד אירועים wp34138,high,
bf9317d0-f214-4a24-b6a3-dd8e9be6e455,אמחה זכר עמלק,auto:תיעוד אירועים wp34138,521,True,3,,,True,True,thematic_corpus,rule:auto:תיעוד אירועים wp34138,high,
ab983674-72c5-46b0-99db-c8a94f0f5734,אבוא היום,auto:תיעוד אירועים wp34328,71,True,3,,,True,True,thematic_corpus,rule:auto:תיעוד אירועים wp34328,high,
20b5bc2e-d890-4060-b112-9e7f2b7cc3c8,חוסל יחיא סינוואר מנהיג חמאס,auto:תיעוד אירועים wp34348,683,True,3,,,True,True,thematic_corpus,rule:auto:תיעוד אירועים wp34348,high,
b0bf014f-27d9-48b8-8d46-3b5f59932a6d,היסר גוים הלא יוכיח,auto:תיעוד אירועים wp34433,424,True,3,,,True,True,thematic_corpus,rule:auto:תיעוד אירועים wp34433,high,
32f2cf3d-a645-46bd-853f-1827dac39ad0,לידת משיח צדקינו,auto:תיעוד אירועים wp34433,1062,True,3,,,True,True,thematic_corpus,rule:auto:תיעוד אירועים wp34433,high,
420cc084-716b-4d5f-bd03-33db16af9c3d,חיסול יחיא סינוואר ברפיח,auto:תיעוד אירועים wp34348,776,True,3,,,True,True,thematic_corpus,rule:auto:תיעוד אירועים wp34348,high,
2d4a51e9-9733-471b-817f-e9e715f26e4a,בן שני,auto:תיעוד אירועים wp34433,412,True,3,,,True,True,thematic_corpus,rule:auto:תיעוד אירועים wp34433,high,
81cd72b7-466e-420c-9467-fce653a308d2,אנכי אנכי,auto:תיעוד אירועים wp33494,162,True,2,,,True,True,thematic_corpus,rule:auto:תיעוד אירועים wp33494,high,
57b45ec2-db60-498a-86ec-562079215cf9,התיקון הכללי,auto:תיעוד אירועים wp34138,666,True,3,,,True,True,thematic_corpus,rule:auto:תיעוד אירועים wp34138,high,
6e1f82e8-5b31-4faf-b039-3e0cb311bb6a,איש אשר אבחר,auto:תיעוד אירועים wp34433,1023,True,3,,,True,True,thematic_corpus,rule:auto:תיעוד אירועים wp34433,high,
8b74fcd4-18e2-4eb2-a2dd-99940471478c,כלי מחזיק ברכה לישראל,auto:תיעוד אירועים wp34433,1023,True,3,,,True,True,thematic_corpus,rule:auto:תיעוד אירועים wp34433,high,
2234b0df-8923-4d02-8ec7-f20dbb95d9d1,אדום באחרית הימים,auto:תיעוד אירועים wp34433,777,True,3,,,True,True,thematic_corpus,rule:auto:תיעוד אירועים wp34433,high,
85c102b0-3464-4d84-92c8-48928078399d,ארבעים וחמש ימים,auto:תיעוד אירועים wp34433,777,True,3,,,True,True,thematic_corpus,rule:auto:תיעוד אירועים wp34433,high,
063071ac-3510-47b4-90c1-a4580087a0e9,וישבתם בטח,auto:תיעוד אירועים wp34433,777,True,3,,,True,True,thematic_corpus,rule:auto:תיעוד אירועים wp34433,high,
6b7f5f69-2cfa-429f-aa97-4a90684a83f4,שבע השנים,auto:תיעוד אירועים wp34433,777,True,3,,,True,True,thematic_corpus,rule:auto:תיעוד אירועים wp34433,high,
31059606-4508-48b3-9368-ddf68c46c0ef,כתל המערבי,auto:תיעוד אירועים wp34433,777,True,3,,,True,True,thematic_corpus,rule:auto:תיעוד אירועים wp34433,high,
99e2e69a-596a-422f-b518-fa33d21a85f3,תלמוד ירושלמי,auto:תיעוד אירועים wp34433,1076,True,3,,,True,True,thematic_corpus,rule:auto:תיעוד אירועים wp34433,high,
158e736c-5b54-4d66-8d6d-13ce88a854a5,ליל שמורים,auto:תיעוד אירועים wp34820,666,True,3,,,True,True,thematic_corpus,rule:auto:תיעוד אירועים wp34820,high,
c92cd1b3-e012-4212-b92f-cfed5b03df8e,קול התור,auto:תיעוד אירועים wp35497,747,True,3,,,True,True,thematic_corpus,rule:auto:תיעוד אירועים wp35497,high,
cd63d9fc-71ad-4783-9e19-fbadc4d93930,יופי אלהי,auto:תיעוד אירועים wp35615,152,True,3,,,True,True,thematic_corpus,rule:auto:תיעוד אירועים wp35615,high,
f0d0c62a-7009-4f6e-ab19-96804037434e,חק נבצרות,auto:תיעוד אירועים wp35642,856,True,3,,,True,True,thematic_corpus,rule:auto:תיעוד אירועים wp35642,high,
4fb8a9b5-6143-49a7-90a7-8f639f42ec6c,יום העצמאות עז למדינת ישראל,auto:תיעוד אירועים wp35669,1820,True,3,,,True,True,thematic_corpus,rule:auto:תיעוד אירועים wp35669,high,
7581a457-3661-4938-b010-97ed82226d8c,חננאל וצאלה,auto:תיעוד אירועים wp35727,271,True,3,,,True,True,thematic_corpus,rule:auto:תיעוד אירועים wp35727,high,
ad88a0cc-50c7-46c7-a976-45f8cd37908a,תהילה על תהילה,auto:תיעוד אירועים wp35827,1000,True,3,,,True,True,thematic_corpus,rule:auto:תיעוד אירועים wp35827,high,
c127a445-cdf6-4f2c-9b33-4162e74108a9,אתה אשם,auto:תיעוד אירועים wp35827,747,True,3,,,True,True,thematic_corpus,rule:auto:תיעוד אירועים wp35827,high,
0658cbeb-1c27-4579-bd7b-223fe88279b0,הבן יקיר לי אפרים,auto:תיעוד אירועים wp35827,748,True,3,,,True,True,thematic_corpus,rule:auto:תיעוד אירועים wp35827,high,
b250b2dc-3cd5-4d9e-a0cb-ac99bf6639f3,יום השבת,auto:תיעוד אירועים wp35827,763,True,3,,,True,True,thematic_corpus,rule:auto:תיעוד אירועים wp35827,high,
80077970-1be3-404f-ba57-9d22baf576f3,גרעין איראן,auto:תיעוד אירועים wp35827,595,True,3,,,True,True,thematic_corpus,rule:auto:תיעוד אירועים wp35827,high,
9b23313b-449a-4839-b1f6-675b1620cae4,עם הנצח,auto:תיעוד אירועים wp35844,263,True,3,,,True,True,thematic_corpus,rule:auto:תיעוד אירועים wp35844,high,
45c4e6c3-de23-4770-a24a-1e74b57cfe21,ניסים גדולים,auto:תיעוד אירועים wp35844,263,True,3,,,True,True,thematic_corpus,rule:auto:תיעוד אירועים wp35844,high,
6865cba5-094e-450e-9c59-a7b1c4dc8e32,מצעדי הגאווה,auto:תיעוד אירועים wp35844,240,True,3,,,True,True,thematic_corpus,rule:auto:תיעוד אירועים wp35844,high,
6a2af349-eb6e-45dc-b8c1-aef677afdaa0,זמן השבע,auto:תיעוד אירועים wp36007,474,True,3,,,True,True,thematic_corpus,rule:auto:תיעוד אירועים wp36007,high,
9d721ce3-6b84-443c-879b-b6f8e7cb06fa,נס נתניהו,auto:תיעוד אירועים wp36007,631,True,3,,,True,True,thematic_corpus,rule:auto:תיעוד אירועים wp36007,high,
d28f599f-24d1-4865-986c-305d30ae1f0f,קיסר משנה קיסר,auto:תיעוד אירועים wp36103,1135,True,3,,,True,True,thematic_corpus,rule:auto:תיעוד אירועים wp36103,high,
e224f49d-c2b8-4879-bc2b-dd0ad19ad11c,הסתכל באוריתא,auto:תיעוד אירועים wp36103,1135,True,3,,,True,True,thematic_corpus,rule:auto:תיעוד אירועים wp36103,high,
8e9c903c-5f52-4753-9a8d-b9be46d0f0a2,לשרה בן,auto:תיעוד אירועים wp36103,587,True,3,,,True,True,thematic_corpus,rule:auto:תיעוד אירועים wp36103,high,
a5950ed4-5844-4024-b513-233be0d8a7e7,כעת חיה לשרה בן,auto:תיעוד אירועים wp36103,1100,True,3,,,True,True,thematic_corpus,rule:auto:תיעוד אירועים wp36103,high,
d8cde36f-114f-4cc9-a170-b4785b4e0f3a,גלות אדום,auto:תיעוד אירועים wp36103,490,True,3,,,True,True,thematic_corpus,rule:auto:תיעוד אירועים wp36103,high,
3ec17068-a2a2-4593-bd75-ed92c54fae24,ציון במשפט,auto:תיעוד אירועים wp36103,587,True,3,,,True,True,thematic_corpus,rule:auto:תיעוד אירועים wp36103,high,
cb66580b-5a53-4f65-9525-903f1038376e,עד אשית,auto:תיעוד אירועים wp36103,785,True,3,,,True,True,thematic_corpus,rule:auto:תיעוד אירועים wp36103,high,
d7475a57-0607-4a7f-beed-86f140c60433,האיש אשר אבחר,auto:תיעוד אירועים wp36103,1028,True,3,,,True,True,thematic_corpus,rule:auto:תיעוד אירועים wp36103,high,
61c190d2-be64-4fc2-a9a2-3fb1afe63fa1,שנה שבה המשיח בא,auto:תיעוד אירועים wp36103,1028,True,3,,,True,True,thematic_corpus,rule:auto:תיעוד אירועים wp36103,high,
28c4105d-a398-4dbd-9320-5850022efb3d,הקטן יהיה לאלף,auto:תיעוד אירועים wp36103,335,True,3,,,True,True,thematic_corpus,rule:auto:תיעוד אירועים wp36103,high,
9e189106-5e26-4ec3-8980-0ad1c98e8aba,שלש מאות כסף,auto:תיעוד אירועים wp36103,1237,True,3,,,True,True,thematic_corpus,rule:auto:תיעוד אירועים wp36103,high,
c4cd261e-5fee-42c3-9e53-d285ddabcc29,פרה אדמה,auto:תיעוד אירועים wp36103,335,True,3,,,True,True,thematic_corpus,rule:auto:תיעוד אירועים wp36103,high,
b15c8dd9-856e-47b1-9066-4aba6639ce64,שם חם יפת,auto:תיעוד אירועים wp36103,878,True,3,,,True,True,thematic_corpus,rule:auto:תיעוד אירועים wp36103,high,
4e0be79e-1fb6-4e32-8eaf-29049d090ae0,חמש שתים אחד,auto:תיעוד אירועים wp36110,1111,True,3,,,True,True,thematic_corpus,rule:auto:תיעוד אירועים wp36110,high,
11782cb3-2dca-4309-8728-9c47269ad0c0,והאיש משה,auto:תיעוד אירועים wp36114,667,True,3,,,True,True,thematic_corpus,rule:auto:תיעוד אירועים wp36114,high,
f1b5dc8f-3fe5-4337-8ca4-9a6bced265d6,צלצולי פעמונים,auto:תיעוד אירועים wp36207,552,True,3,,,True,True,thematic_corpus,rule:auto:תיעוד אירועים wp36207,high,
49118b29-3536-4c02-927c-9f72a1a79644,משיח צדק,auto:תיעוד אירועים wp36207,552,True,3,,,True,True,thematic_corpus,rule:auto:תיעוד אירועים wp36207,high,
0ab2f39f-21c7-4016-a113-cdf14cd27d57,גואל משיח בן דוד,auto:תיעוד אירועים wp36207,464,True,3,,,True,True,thematic_corpus,rule:auto:תיעוד אירועים wp36207,high,
5776db94-4cdc-4848-ac64-0bbf08360728,מזמור לאסף,auto:תיעוד אירועים wp36207,464,True,3,,,True,True,thematic_corpus,rule:auto:תיעוד אירועים wp36207,high,
2261a4c9-4d81-4f79-a98b-1bbd8fb17869,דודי לי,auto:תיעוד אירועים wp36207,64,True,3,,,True,True,thematic_corpus,rule:auto:תיעוד אירועים wp36207,high,
a362e664-084e-41f0-96a5-c6fff96e51ca,פסגת האש,auto:תיעוד אירועים wp36207,849,True,3,,,True,True,thematic_corpus,rule:auto:תיעוד אירועים wp36207,high,
846acee8-01be-4264-a522-fcc07429d2a3,מלחמה באחרית הימים,auto:תיעוד אירועים wp36207,849,True,3,,,True,True,thematic_corpus,rule:auto:תיעוד אירועים wp36207,high,
ae329954-fdbe-4bfa-b0bf-cceb863b066c,מצב חירום,auto:תיעוד אירועים wp36207,396,True,3,,,True,True,thematic_corpus,rule:auto:תיעוד אירועים wp36207,high,
8f9bdc49-908d-45ba-86bc-c4ff837efb39,הזמן הולך ואוזל לחטופים,auto:תיעוד אירועים wp36207,396,True,3,,,True,True,thematic_corpus,rule:auto:תיעוד אירועים wp36207,high,
1648d78d-0097-474d-9a70-3deebf5ef16a,דף חדש,auto:תיעוד אירועים wp36207,396,True,3,,,True,True,thematic_corpus,rule:auto:תיעוד אירועים wp36207,high,
c8540aa9-d33b-46a5-a430-ec5f54c7a13f,משיח בא יבוא,auto:תיעוד אירועים wp36207,380,True,3,,,True,True,thematic_corpus,rule:auto:תיעוד אירועים wp36207,high,
d967e79b-523a-4db7-91c5-c82dd5362845,כי תצא,auto:תיעוד אירועים wp36207,521,True,3,,,True,True,thematic_corpus,rule:auto:תיעוד אירועים wp36207,high,
2bac1f36-410b-4d75-a4af-50d3ffc74dd9,סיום שעבוד מצרים,auto:תיעוד אירועים wp36317,878,True,3,,,True,True,thematic_corpus,rule:auto:תיעוד אירועים wp36317,high,
6df2156c-f6d5-4c5a-908f-62b223822343,חוק עונש מוות מחבלים,auto:תיעוד אירועים wp36317,1122,True,3,,,True,True,thematic_corpus,rule:auto:תיעוד אירועים wp36317,high,
f4576de0-7445-4482-bd78-47ccb7426177,אחד באפריל תשפו,auto:תיעוד אירועים wp36317,1122,True,3,,,True,True,thematic_corpus,rule:auto:תיעוד אירועים wp36317,high,
de1a2e51-1ae8-464a-bf20-38f84c315e45,גם עבדך נזהר בהם בשמרם עקב רב,community,1404,False,3,,,True,False,research_package,rule:community,medium,torat_haremez_vip_group
54aa99c7-ed4c-4e06-bb9d-d696b7b8ec5a,מבצע שאגת הארי,auto:תיעוד אירועים wp36317,1122,True,3,,,True,True,thematic_corpus,rule:auto:תיעוד אירועים wp36317,high,
0a44588b-23b0-4e71-a688-b0c36ee3eeb5,בשורת ניצחון,auto:תיעוד אירועים wp36317,1122,True,3,,,True,True,thematic_corpus,rule:auto:תיעוד אירועים wp36317,high,
7efbb279-3278-4fed-9e03-0d482ce87988,אחישנה אחישנה אחישנה,auto:תיעוד אירועים wp36317,1122,True,3,,,True,True,thematic_corpus,rule:auto:תיעוד אירועים wp36317,high,
59c4e7d8-8d1d-43e7-9cef-a5e880770135,שמרים לכל עמו,auto:תיעוד אירועים wp36317,786,True,3,,,True,True,thematic_corpus,rule:auto:תיעוד אירועים wp36317,high,
95837767-2a23-40da-bbdb-88ea1513e9dd,מפתח גאולה שחרור החטופים,auto:תיעוד אירועים wp36392,1445,True,3,,,True,True,thematic_corpus,rule:auto:תיעוד אירועים wp36392,high,
8145f516-e83c-4f04-97f4-8996f2a3e651,תודעת אור משיח,auto:תיעוד אירועים wp36392,1445,True,3,,,True,True,thematic_corpus,rule:auto:תיעוד אירועים wp36392,high,
29d4dbe9-d23a-45c1-b6df-a89e82b7e0ad,גאולת עם ישראל בחג הפורים,auto:תיעוד אירועים wp36392,1445,True,3,,,True,True,thematic_corpus,rule:auto:תיעוד אירועים wp36392,high,
4c68d6f5-8a5a-4383-84a5-8260bbeceb26,משיח שומר ישראל,auto:תיעוד אירועים wp36392,1445,True,3,,,True,True,thematic_corpus,rule:auto:תיעוד אירועים wp36392,high,
5d539176-b86f-4a3c-89b6-98d15547c4ba,סוד דני אבדיה,auto:תיעוד אירועים wp36457,156,True,3,,,True,True,thematic_corpus,rule:auto:תיעוד אירועים wp36457,high,
1078e67c-4970-4fe2-93a3-78facc63dd07,אליהו הנביא יתגלה,auto:תיעוד אירועים wp4372,568,True,3,,,True,True,thematic_corpus,rule:auto:תיעוד אירועים wp4372,high,
de3ed8fc-2c7b-4ebc-ba6b-b035151aebb8,דוד מלכא ישראל,community,646,False,3,,,True,False,research_package,rule:community,medium,torat_haremez_vip_group
e9c33a40-eb6a-4645-afb4-e334c9de1ab4,ברכת מגן דוד בקץ הימים,auto:תיעוד אירועים wp36457,1026,True,3,,,True,True,thematic_corpus,rule:auto:תיעוד אירועים wp36457,high,
6258cfd7-f636-4aeb-86cc-0dfa796c4961,ישועתו לעיני הגוים,auto:תיעוד אירועים wp36457,1026,True,3,,,True,True,thematic_corpus,rule:auto:תיעוד אירועים wp36457,high,
49541670-82c8-455d-ad30-841f6781d3b6,יאיר אור משיח,auto:תיעוד אירועים wp36481,786,True,3,,,True,True,thematic_corpus,rule:auto:תיעוד אירועים wp36481,high,
3ed00dee-daea-4063-a045-099fb9b1b402,בלבוש הודי מסורתי,auto:תיעוד אירועים wp36481,1081,True,3,,,True,True,thematic_corpus,rule:auto:תיעוד אירועים wp36481,high,
c7a67511-e671-4321-86b2-21852eea1715,אסתר המלכה ומרדכי היהודי,auto:תיעוד אירועים wp36481,1081,True,3,,,True,True,thematic_corpus,rule:auto:תיעוד אירועים wp36481,high,
04d0159b-314a-4439-92e4-cf0b87de3efe,משתה פורים,auto:תיעוד אירועים wp36481,1081,True,3,,,True,True,thematic_corpus,rule:auto:תיעוד אירועים wp36481,high,
5830b313-d1d5-423b-8ff8-70667884be83,אלוקים הוא טוב,auto:תיעוד אירועים wp36497,216,True,3,,,True,True,thematic_corpus,rule:auto:תיעוד אירועים wp36497,high,
16c83535-951a-4e06-9e37-40527b6a5421,בלעם הרשע,auto:תיעוד אירועים wp3859,717,True,3,,,True,True,thematic_corpus,rule:auto:תיעוד אירועים wp3859,high,
2eb6f463-b9d6-4696-8f91-6e1ada9f4a05,שבעה ילדים נספו,auto:תיעוד אירועים wp3951,667,True,3,,,True,True,thematic_corpus,rule:auto:תיעוד אירועים wp3951,high,
1576d85f-93a6-4e47-8ec9-3438ec8259ab,בזמן הגאולה העתידה,auto:תיעוד אירועים wp4021,643,True,3,,,True,True,thematic_corpus,rule:auto:תיעוד אירועים wp4021,high,
830bb6e4-0eba-40ac-b86d-772ce311d800,ברק אובמה,auto:תיעוד אירועים wp4203,356,True,3,,,True,True,thematic_corpus,rule:auto:תיעוד אירועים wp4203,high,
3e654ced-44ef-41cf-81bd-d428824f5812,ההסכם שלשים לשישי יכשל,auto:תיעוד אירועים wp4561,1820,True,3,,,True,True,thematic_corpus,rule:auto:תיעוד אירועים wp4561,high,
8259a223-b1ba-43e1-9350-cf3661d98e6c,אחזה רעננה,auto:תיעוד אירועים wp4699,396,True,3,,,True,True,thematic_corpus,rule:auto:תיעוד אירועים wp4699,high,
790685d9-a466-477b-8c7a-21f19776e9f4,חברת חשמל,auto:תיעוד אירועים wp4699,988,True,3,,,True,True,thematic_corpus,rule:auto:תיעוד אירועים wp4699,high,
67e22a80-90bb-4fae-b5aa-4fa3b460b2fe,מלחמות יה בעמלק,auto:תיעוד אירועים wp4736,781,True,3,,,True,True,thematic_corpus,rule:auto:תיעוד אירועים wp4736,high,
15ffada8-aa45-4efa-a008-7dbdd0c3c7e4,דויד מלך ישראל ואליהו הנביא,auto:תיעוד אירועים wp4736,781,True,3,,,True,True,thematic_corpus,rule:auto:תיעוד אירועים wp4736,high,
e0abd58f-2930-4b07-9160-73531d88385f,המקדש ירד בימינו,auto:תיעוד אירועים wp4736,781,True,3,,,True,True,thematic_corpus,rule:auto:תיעוד אירועים wp4736,high,
b21da3a2-69c4-4b40-b145-a24a3abad7cd,בסיס רמת דוד,community,786,False,3,,,True,False,research_package,rule:community,medium,torat_haremez_vip_group
0030e1a0-7ce9-4891-b825-362a748bed68,הגירה לאירופה התשעה,auto:תיעוד אירועים wp4941,1335,True,3,,,True,True,thematic_corpus,rule:auto:תיעוד אירועים wp4941,high,
b9b30c00-b7a5-4cbb-9484-6c7d840b69e2,ההגירה ההמונית בשנת התשעה,auto:תיעוד אירועים wp4941,2276,True,3,,,True,True,thematic_corpus,rule:auto:תיעוד אירועים wp4941,high,
8d59967c-1f83-43ea-ac07-ea78e2caac5e,ההגירה ההמונית בשנת הקץ,auto:תיעוד אירועים wp4941,1691,True,3,,,True,True,thematic_corpus,rule:auto:תיעוד אירועים wp4941,high,
cd10f68b-f1f1-4dad-b307-78453fca0b7f,שלמה ארצי,auto:תיעוד אירועים wp5221,676,True,3,,,True,True,thematic_corpus,rule:auto:תיעוד אירועים wp5221,high,
d74cc654-2f25-4fe2-a7d7-e9366c6812e6,מתנת חנם,auto:תיעוד אירועים wp5383,988,True,3,,,True,True,thematic_corpus,rule:auto:תיעוד אירועים wp5383,high,
8da4e5d0-c2db-49d9-91e8-256355f81eff,מלאכי רוזנפלד,auto:תיעוד אירועים wp5383,478,True,3,,,True,True,thematic_corpus,rule:auto:תיעוד אירועים wp5383,high,
d32406b3-3efe-4b0e-94c3-5438b700fa9a,גם ברך יהיה,auto:תיעוד אירועים wp32380,295,True,3,,,True,True,thematic_corpus,rule:auto:תיעוד אירועים wp32380,high,
80a37043-726a-4cbf-999d-9544f23385f8,בראשית ברא אלהים את השמים ואת הארץ,wp_id:26301,2701,True,3,,,True,False,research_package,rule:wp_id:26301,medium,26301_wpid_cluster
37f14782-5c96-4a65-9ba8-11bb78b420d3,שער נון התשפו,גלריית סוד1820 - עדכון 23/4/2026,1467,True,3,,,True,False,research_package,rule:גלריית סוד1820 - עדכון 23/4/2026,high,hidden_1237_hitgalut
2524b181-f562-423d-a341-3f8250f04996,שאגת הארי,מבצע שאגת הארי - גלריית סוד1820,920,True,2,,,True,False,research_package,rule:מבצע שאגת הארי - גלריית סוד1820,high,hidden_1237_hitgalut
c9cb6c8a-ed3f-4fa3-9266-a370afaa7b82,התחלת הגאולה,manual,893,True,2,גאולה,,True,False,public_core,rule:manual,medium,
d2ad1a08-7093-4875-b684-173d1d102938,חד קרן,wp_id:29256,362,True,3,,,True,False,research_package,rule:wp_id:29256,medium,29256_wpid_cluster
5f6d987b-b9ef-4513-9716-88e5f03535f1,צמח דוד,wp_id:20584,152,True,3,,,True,False,research_package,rule:wp_id:20584,medium,20584_wpid_cluster
a0b3d0f6-bdac-4fe8-acf8-9b73c01c412b,יציאה מהסגר,wp_id:20584,424,True,3,,,True,False,research_package,rule:wp_id:20584,medium,20584_wpid_cluster
f8634de9-9716-4355-a536-dbe213357539,הוציאה ממסגר,wp_id:20584,460,True,3,,,True,False,research_package,rule:wp_id:20584,medium,20584_wpid_cluster
034b34b9-cbac-46ef-a45a-9d37d62fe9c0,נרגן מפריד אלוף,wp_id:20584,754,True,3,,,True,False,research_package,rule:wp_id:20584,medium,20584_wpid_cluster
f2cb733e-2974-4199-8df4-6ea6150c6dc8,תדר המשיח האחרון,גלריית סוד1820 - התגלות=1237,1237,True,2,,,True,False,research_package,rule:גלריית סוד1820 - התגלות=1237,high,hidden_1237_hitgalut
2ae054d1-9dfd-4a9d-be71-48ac93591aeb,חמת אש,wp_id:29256,749,True,3,,,True,False,research_package,rule:wp_id:29256,medium,29256_wpid_cluster
4067b32d-fddd-4794-b853-3c00f1a55dec,מספר סימן רמז,wp_id:23886,787,True,3,,,True,False,research_package,rule:wp_id:23886,medium,23886_wpid_cluster
dad7389b-01a0-44fd-9d73-b6e71617a478,פתאם יבוא,wp_id:23886,540,True,3,,,True,False,research_package,rule:wp_id:23886,medium,23886_wpid_cluster
99601c5e-68e7-43f4-8a1b-086fbe2f1c27,מספר סימן,wp_id:23886,540,True,3,,,True,False,research_package,rule:wp_id:23886,medium,23886_wpid_cluster
9fcc9af7-b77d-425f-bbde-55cf1429bd31,רמז פלא,wp_id:23886,358,True,3,,,True,False,research_package,rule:wp_id:23886,medium,23886_wpid_cluster
1b702d00-047e-4fb0-8837-e998960e09d8,יהוה אחד,זכריה יד:ט — ביום ההוא יהיה יהוה אחד ושמו אחד,39,True,3,,,False,False,public_core,rule:זכריה יד:ט — ביום ההוא יהיה יהוה אחד ושמו אחד,high,
0c639f38-6e22-46f8-988d-60e3a3883513,יאיר לפיד,auto:תיעוד אירועים wp27754,345,True,3,,,True,True,thematic_corpus,rule:auto:תיעוד אירועים wp27754,high,
31b70744-7f10-4942-96de-365905b8f668,חרון אף,auto:תיעוד אירועים wp27754,345,True,3,,,True,True,thematic_corpus,rule:auto:תיעוד אירועים wp27754,high,
1c7d22c3-6b5f-4f63-89a7-8fb70a6b66a2,שלום רב,auto:תיעוד אירועים wp27754,578,True,3,,,True,True,thematic_corpus,rule:auto:תיעוד אירועים wp27754,high,
6bc607bc-a98f-440a-b203-ca3b2735962a,שבעת ימי המילואים,auto:תיעוד אירועים wp27754,974,True,3,,,True,True,thematic_corpus,rule:auto:תיעוד אירועים wp27754,high,
831705aa-3d6a-4929-94ef-094885d22b43,יחיד ורבים הלכה,auto:תיעוד אירועים wp32380,350,True,3,,,True,True,thematic_corpus,rule:auto:תיעוד אירועים wp32380,high,
f8e2aaba-11f8-4bff-adfb-33235cde2aee,קץ גרעין איראן,auto:תיעוד אירועים wp35827,785,True,3,,,True,True,thematic_corpus,rule:auto:תיעוד אירועים wp35827,high,
94e9811c-caea-40dc-9913-ccd8f58267d7,טורקיה יון,auto:תיעוד אירועים wp11588,396,True,3,,,True,True,thematic_corpus,rule:auto:תיעוד אירועים wp11588,high,
694f5920-9f68-44a2-9e06-bd1f68efcaf3,שלושים ושלושה,auto:תיעוד אירועים wp16571,1333,True,3,,,True,True,thematic_corpus,rule:auto:תיעוד אירועים wp16571,high,
216bbc81-b069-4b87-b6f9-a882c4df7c8b,מנוע ראשי לא עבד,auto:תיעוד אירועים wp16702,784,True,3,,,True,True,thematic_corpus,rule:auto:תיעוד אירועים wp16702,high,
a5cc40e5-085c-41f0-a1af-9dfc294db0a1,אלף ארבעים וארבע,auto:תיעוד אירועים wp19647,713,True,3,,,True,True,thematic_corpus,rule:auto:תיעוד אירועים wp19647,high,
dcc43bbe-2b9e-4385-b5dd-4b7991912693,כביש אחד,auto:תיעוד אירועים wp19647,345,True,3,,,True,True,thematic_corpus,rule:auto:תיעוד אירועים wp19647,high,
4a8118bc-e8ba-4e02-ad1f-95210bcea2de,גשר אלנבי,auto:תיעוד אירועים wp19647,596,True,3,,,True,True,thematic_corpus,rule:auto:תיעוד אירועים wp19647,high,
ee8e9349-d75a-4f13-af9d-690263f9d3da,אריה מכלוף דרעי,auto:תיעוד אירועים wp21354,676,True,3,,,True,True,thematic_corpus,rule:auto:תיעוד אירועים wp21354,high,
66dd4365-469e-4b94-be41-66b498de4161,נפתלי בנט,auto:תיעוד אירועים wp26523,631,True,3,,,True,True,thematic_corpus,rule:auto:תיעוד אירועים wp26523,high,
7f9e8404-2774-4a30-9efd-f244f4b0855e,שר התורה,auto:תיעוד אירועים wp26762,1116,True,3,,,True,True,thematic_corpus,rule:auto:תיעוד אירועים wp26762,high,
98a1e3be-aaaf-47d2-b3a3-087f8a5ed66a,ארבע עשרה תינוקות,auto:תיעוד אירועים wp27374,1820,True,3,,,True,True,thematic_corpus,rule:auto:תיעוד אירועים wp27374,high,
1bf2f73a-50c7-4f64-90df-b7cbb64c6e77,מקנה לוט,auto:תיעוד אירועים wp27754,240,True,3,,,True,True,thematic_corpus,rule:auto:תיעוד אירועים wp27754,high,
047bed84-b6d2-41b2-a53c-89806c22159b,ואם הימין,auto:תיעוד אירועים wp27754,162,True,3,,,True,True,thematic_corpus,rule:auto:תיעוד אירועים wp27754,high,
8bf2a4d1-d0ec-4298-9355-0b9eed267d9e,גם זו לטובה,auto:תיעוד אירועים wp28247,108,True,3,,,True,True,thematic_corpus,rule:auto:תיעוד אירועים wp28247,high,
4557e3c1-5930-41b8-adc7-a8ec8dc9db56,גן עדן,wp_id:36710,177,True,3,,,True,False,research_package,rule:wp_id:36710,medium,36710_wpid_cluster
bea9262d-f13a-4802-be7a-a6627ce7372a,בשערי צדק,auto:תיעוד אירועים wp27374,776,True,3,,,True,True,thematic_corpus,rule:auto:תיעוד אירועים wp27374,high,
7f260ea7-b584-4648-a1cb-433ad9675fbb,מוצאי שביעית,auto:תיעוד אירועים wp21354,939,True,3,,,True,True,thematic_corpus,rule:auto:תיעוד אירועים wp21354,high,
c8b9185c-e465-4888-b421-84589d263bf8,תעלת לדה,auto:תיעוד אירועים wp21354,939,True,3,,,True,True,thematic_corpus,rule:auto:תיעוד אירועים wp21354,high,
a5cab0fd-3d12-4b76-8c6b-58281522b494,קטאר דוחה,auto:תיעוד אירועים wp28247,333,True,3,,,True,True,thematic_corpus,rule:auto:תיעוד אירועים wp28247,high,
a9780035-fa64-4d93-ad61-7508a0038491,בן אוני,auto:תיעוד אירועים wp32380,119,True,3,,,True,True,thematic_corpus,rule:auto:תיעוד אירועים wp32380,high,
a403a642-5572-4fd2-a72c-fb7a9abf382f,שרה נתניהו,auto:תיעוד אירועים wp33462,1026,True,3,,,True,True,thematic_corpus,rule:auto:תיעוד אירועים wp33462,high,
a71ca8ae-bbb4-447a-a8ee-b3ab12024eeb,כטבם צימד שלוש,auto:תיעוד אירועים wp33462,851,True,3,,,True,True,thematic_corpus,rule:auto:תיעוד אירועים wp33462,high,
0f976414-bddd-49c9-98b7-f3f1f10765b0,בתי זיקוק לנפט חודיידה,auto:תיעוד אירועים wp33462,851,True,3,,,True,True,thematic_corpus,rule:auto:תיעוד אירועים wp33462,high,
ec85d68d-ed76-4952-9bcf-76dc112da35b,הקטן יהיה,auto:תיעוד אירועים wp36103,194,True,3,,,True,True,thematic_corpus,rule:auto:תיעוד אירועים wp36103,high,
f0ea34e7-3178-4c0c-92b8-97813301c681,המטריקס,ai,424,False,3,,,True,False,thematic_corpus,rule:ai,medium,
bb0a10eb-1c90-43ab-9c44-add74b9605af,ניאו,ai,67,False,3,,,True,False,thematic_corpus,rule:ai,medium,
6cc53173-af06-43e4-88b8-b18f59782afb,ליהודה נחשון בן עמינדב,community,702,False,3,,,True,False,research_package,rule:community,medium,torat_haremez_vip_group
34c87867-f472-47b2-af8c-894cb3ba5104,את הפסח בארבעה עשר,community,1404,False,3,,,True,False,research_package,rule:community,medium,torat_haremez_vip_group
91f953a1-e672-4c3a-a9f1-29140532d9d6,שבע יפול צדיק,community,702,False,3,,,True,False,research_package,rule:community,medium,torat_haremez_vip_group
0c958aa2-4881-4bb5-a0f9-e7700f97e96a,נתניהו אחרון,community,786,False,3,,,True,False,research_package,rule:community,medium,torat_haremez_vip_group
5bc730d9-7147-457d-b54a-526e322631fa,זולתי כלב בן יפנה,community,702,False,3,,,True,False,research_package,rule:community,medium,torat_haremez_vip_group
d6681fc3-ee83-4742-8daf-fa303b9e2225,נשיא דונאלד טראמפ,community,786,False,3,,,True,False,research_package,rule:community,medium,torat_haremez_vip_group
1009b0d6-db6a-47ea-86da-06d4478cdddf,ועתיק יומין,community,702,False,3,,,True,False,research_package,rule:community,medium,torat_haremez_vip_group
2fb5ef6d-ad2f-442b-ba8e-dd11fde84b7b,אין לך בושה,community,424,False,3,,,True,False,research_package,rule:community,medium,torat_haremez_vip_group
4b363eac-d83a-4845-b6d9-bcefa737b06c,מישהוא היה צריך,community,702,False,3,,,True,False,research_package,rule:community,medium,torat_haremez_vip_group
77b296e8-81f6-47d2-b69c-783fa617ca0e,והצליח אשר שלחתיו,community,1404,True,3,,,True,False,research_package,rule:community,medium,torat_haremez_vip_group
ac4b0770-4dd7-41c6-84cd-529309160ada,בבלי וירושלמי,community,646,True,3,,,True,False,research_package,rule:community,medium,torat_haremez_vip_group
4328991e-d09c-476d-9cd8-a27164500a6d,חמה מנרתיקה,chiddush,858,True,3,חידוש גימטריה,סלי מור,True,False,research_package,rule:chiddush,high,seli_mor_858_series
ede5fb4c-00b7-4b6b-b60a-ae0542a428e6,ניצוץ האדם הראשון,chiddush,858,True,3,חידוש גימטריה,סלי מור,True,False,research_package,rule:chiddush,high,seli_mor_858_series
abfcc7ca-f7d6-4124-a978-c417ab9dbc15,ודודי לי,chiddush,70,True,3,חידוש גימטריה,סלי מור,True,False,research_package,rule:chiddush,high,seli_mor_858_series
50c1e39d-ead6-458f-845d-18fcc9c7ceef,אני לדודי,chiddush,115,True,3,חידוש גימטריה,סלי מור,True,False,research_package,rule:chiddush,high,seli_mor_858_series
7ce1e2e7-b58e-4595-954c-484e8d29cdd4,בצלם אלהים ברא אתו,chiddush,858,True,3,חידוש גימטריה,סלי מור,True,False,research_package,rule:chiddush,high,seli_mor_858_series
eb6113fd-b675-4f18-a94e-fea1bdf1586a,צפון ברך הלל נרצה,chiddush,858,True,3,חידוש גימטריה,סלי מור,True,False,research_package,rule:chiddush,high,seli_mor_858_series
9505fa98-c614-4b70-a93d-052d44ec5194,אלול התשפו,chiddush,858,True,3,חידוש גימטריה,סלי מור,True,False,research_package,rule:chiddush,high,seli_mor_858_series
fde27be6-0362-4287-9ffe-12dc839f841d,החזרת העולם למוטב,chiddush,858,True,3,חידוש גימטריה,סלי מור,True,False,research_package,rule:chiddush,high,seli_mor_858_series
9756f1e7-db64-4656-a5e2-c2d5b4b48776,יהוה מלך גאות לבש,chiddush,858,True,3,חידוש גימטריה,סלי מור,True,False,research_package,rule:chiddush,high,seli_mor_858_series
a598b1eb-9f13-45a4-abdc-e866e4748c12,זבח לאלהים תודה ושלם לעליון נדריך,community,1404,False,3,,,True,False,research_package,rule:community,medium,torat_haremez_vip_group
bbfacbd7-2b28-4b25-937c-554ca21dd9b2,ימנו בנימין זלקה נדקר למוות ביום העצמאות עח מדינת ישראל,ai,3039,False,3,,שחר יצחק קנדרו,True,False,research_package,rule:ai,medium,shachar_kandro_amos_gueta
dff490db-a631-4cbd-9142-b04bba490317,פיתוח עצמאות,manual,1111,True,3,גימטריה,,True,False,research_package,rule:manual,medium,yaniv_1820_cluster
f5b85e9c-0439-469f-a89f-8c96de48cafb,מספר שמות יהוה בכל התורה,golden_seed_v1,1820,True,3,אוצרות הגילוי,,True,False,public_core,rule:golden_seed_v1,high,
63672edb-0928-4165-9e6b-1cccdfa7a2d4,הנני עשה חדשה עתה תצמח,אוצרות הגילוי · צוריאל,1820,True,3,אוצרות הגילוי,,True,False,public_core,rule:אוצרות הגילוי · צוריאל,high,
d1e2eaec-d0e0-4bf9-91d7-4f044cec53a6,פרס תיפול השנה,אוצרות הגילוי · גלריית 1820,1226,True,3,אוצרות הגילוי,,False,False,thematic_corpus,rule:אוצרות הגילוי · גלריית 1820,high,
06f91ba0-a34e-430c-86f8-d4028e329c14,שפל,auto:תיעוד אירועים wp26762,410,True,1,,OPOC1 OPOC1,True,True,thematic_corpus,rule:auto:תיעוד אירועים wp26762,high,
78e8f7cb-f04d-4c2f-9b5a-f22495920852,תשעה באב,auto:תיעוד אירועים wp4561,780,True,3,,OPOC1 OPOC1,True,True,thematic_corpus,rule:auto:תיעוד אירועים wp4561,high,
0672b3cf-2449-4505-b5b7-9c4c9804eb3b,גיהנם,wp_id:26967,108,True,1,מילה,שמעון חיימוב,True,False,research_package,rule:wp_id:26967,medium,26967_wpid_cluster
c19a1d79-90bd-49ac-980e-dba2cdb95dd0,למה,wp_id:36710,75,True,1,,OPOC1 OPOC1,True,False,research_package,rule:wp_id:36710,medium,36710_wpid_cluster
0ab7b45a-16d3-4340-b83c-d437185dd113,הרב עמוס גואטה נרצח ארבע דקירות סכין בחזה,shachar-kandro,1910,True,3,רמזי הצדיק רבי עמוס גואטה,שחר יצחק קנדרו,True,False,research_package,rule:shachar-kandro,high,shachar_kandro_amos_gueta
28d6ec8b-d7bd-4daa-9b8f-0879b3253c3d,צור ישראל קומה לעזרת ישראל ופדה כנאמך יהודה וישראל,shachar-kandro,3039,True,3,רמזי הצדיק רבי עמוס גואטה,שחר יצחק קנדרו,True,False,research_package,rule:shachar-kandro,high,shachar_kandro_amos_gueta
e6a51ac3-406f-48e0-b6f0-7ed31b5d1948,עזר,auto:תיעוד אירועים wp10937,277,True,1,,שמעון חיימוב,True,True,thematic_corpus,rule:auto:תיעוד אירועים wp10937,high,
75af1dd1-f74f-430b-8a76-d92f5105f431,אליעזר,auto:תיעוד אירועים wp16571,318,True,1,,שמעון חיימוב,True,True,thematic_corpus,rule:auto:תיעוד אירועים wp16571,high,
8675bb7b-8500-4577-898a-deec28067980,שפה,auto:תיעוד אירועים wp35669,385,True,1,,שמעון חיימוב,True,True,thematic_corpus,rule:auto:תיעוד אירועים wp35669,high,
05e4b681-68a3-4369-9b1e-d1d09ee952ca,שנאה,auto:תיעוד אירועים wp4203,356,True,1,,שמעון חיימוב,True,True,thematic_corpus,rule:auto:תיעוד אירועים wp4203,high,
6c4676be-d033-4492-8cd9-34a032f06c56,יהוה מציון ישאג ומירושלם יתן קולו ורעשו שמים וארץ,ai,3039,False,3,,שחר יצחק קנדרו,True,False,research_package,rule:ai,medium,shachar_kandro_amos_gueta
604c02e4-4f3c-4a45-983f-9436b76ef7ff,יהוה אלהיך לא ירפך ולא ישחיתך ולא ישכח את ברית אבתיך,ai,3039,False,3,,שחר יצחק קנדרו,True,False,research_package,rule:ai,medium,shachar_kandro_amos_gueta
5a4701fd-a5cb-49d4-9be7-ab6b8760ed4c,הרב המקובל עמוס גואטה נדקר למוות בתוך הישיבה שלו בנתניה,ai,3039,False,3,,שחר יצחק קנדרו,True,False,research_package,rule:ai,medium,shachar_kandro_amos_gueta
d8eb83c0-b7a7-4972-bc07-016b077a4e86,כתר,auto:תיעוד אירועים wp26480,620,True,1,,OPOC1 OPOC1,True,True,thematic_corpus,rule:auto:תיעוד אירועים wp26480,high,
2b89e7da-6a50-47ba-9ec1-856abe00f2f6,עשרים,auto:תיעוד אירועים wp16571,620,True,1,,OPOC1 OPOC1,True,True,thematic_corpus,rule:auto:תיעוד אירועים wp16571,high,
60e9e588-8fdf-423c-828c-2985d22a3dc6,חק,wp_id:26967,108,True,1,מילה,שמעון חיימוב,True,False,research_package,rule:wp_id:26967,medium,26967_wpid_cluster
285b7570-db82-4eb2-9ac0-7bfb59667b53,משה בן עמרם,auto:תיעוד אירועים wp35497,747,True,3,,שמעון חיימוב,True,True,thematic_corpus,rule:auto:תיעוד אירועים wp35497,high,
6d46f0b0-1acf-44ab-807b-f08668cf7b48,אמריקה,auto:תיעוד אירועים wp22226,356,True,1,,שמעון חיימוב,True,True,thematic_corpus,rule:auto:תיעוד אירועים wp22226,high,
4f6cfaec-e514-4df6-9297-52944053c31c,ברכה,excel_import wp_id:9398,227,True,1,,שמעון חיימוב,True,False,research_package,rule:excel_import wp_id:9398,high,9398_wpid_cluster
285fded5-1fea-4f6b-82ba-fbeb67b5c5d9,שיח,auto:תיעוד אירועים wp16571,318,True,1,,שמעון חיימוב,True,True,thematic_corpus,rule:auto:תיעוד אירועים wp16571,high,
03969ab9-d8ba-43ac-aca0-00c429aa3a97,גאולה ברחמים,auto:תיעוד אירועים wp30997,345,True,3,,OPOC1 OPOC1,True,True,thematic_corpus,rule:auto:תיעוד אירועים wp30997,high,
534f0035-0617-4036-9a57-f58692b3164e,משיח,manual,358,True,1,משיח,,True,False,public_core,rule:manual,medium,
ddcd12fa-5bf2-4c9b-be77-fdad6826e262,ראמש,auto:תיעוד אירועים wp35827,541,True,1,,,True,True,thematic_corpus,rule:auto:תיעוד אירועים wp35827,high,
d2c5ff07-2825-452e-99f7-79631dc2ffdb,קורבן,auto:תיעוד אירועים wp19498,358,True,1,,,True,True,thematic_corpus,rule:auto:תיעוד אירועים wp19498,high,
e528c57d-7feb-49bc-aa30-98c38d155cfe,חשך ואור,auto:תיעוד אירועים wp27263,541,True,3,,,True,True,thematic_corpus,rule:auto:תיעוד אירועים wp27263,high,
9f8c2431-9c03-4979-a052-fae3aebd4258,רכושם,auto:תיעוד אירועים wp27754,566,True,1,,,True,True,thematic_corpus,rule:auto:תיעוד אירועים wp27754,high,
0bab5fa7-eaa2-41d0-bc9b-8e24f63a260b,יוסף קדוש,auto:תיעוד אירועים wp35642,566,True,3,,,True,True,thematic_corpus,rule:auto:תיעוד אירועים wp35642,high,
62022577-729e-4802-9112-663e5517232c,מתוה העם,auto:תיעוד אירועים wp27754,566,True,3,,,True,True,thematic_corpus,rule:auto:תיעוד אירועים wp27754,high,
d610dfc0-6e7a-4dc7-96da-7aff21b47bc2,ערמונית,auto:תיעוד אירועים wp28180,776,True,1,,,True,True,thematic_corpus,rule:auto:תיעוד אירועים wp28180,high,
b8cf4b45-0569-4544-a405-baa6316a04ef,שבעים וחמש,auto:תיעוד אירועים wp16571,776,True,2,,,True,True,thematic_corpus,rule:auto:תיעוד אירועים wp16571,high,
b845bef1-34bf-48c9-85f8-093e97a38460,בשתי ידים,wp_id:23886,776,True,3,,,True,False,research_package,rule:wp_id:23886,medium,23886_wpid_cluster
25c57fbb-efa7-4174-9881-a4ea49556f02,האזינו השמים והארץ,auto:תיעוד אירועים wp6684,776,True,3,,,True,True,thematic_corpus,rule:auto:תיעוד אירועים wp6684,high,
f00d1f61-28ab-4714-9666-9e33fc241756,מאה ארבעים ושמונה,auto:תיעוד אירועים wp9298,776,True,3,,,True,True,thematic_corpus,rule:auto:תיעוד אירועים wp9298,high,
a309def0-ab0f-4430-aef4-06f28f862511,תאריך כניסה,auto:תיעוד אירועים wp32380,776,True,3,,,True,True,thematic_corpus,rule:auto:תיעוד אירועים wp32380,high,
8ae79125-5b85-4fc2-9246-c1451bcf6e6f,טיל מתפזר,auto:תיעוד אירועים wp36497,776,True,3,,,True,True,thematic_corpus,rule:auto:תיעוד אירועים wp36497,high,
722051b6-5d8d-48b2-9816-bee5685727ca,בני עמלק ערב רב,auto:תיעוד אירועים wp3859,776,True,3,,,True,True,thematic_corpus,rule:auto:תיעוד אירועים wp3859,high,
a99c98df-0f79-43c9-8f0f-9b0ad3b8b4c7,ההסכם הרע עם אירן,auto:תיעוד אירועים wp3951,776,True,3,,,True,True,thematic_corpus,rule:auto:תיעוד אירועים wp3951,high,
bb12735d-1945-4215-85bd-24b479df74fa,תדמור יפול,auto:תיעוד אירועים wp4699,776,True,3,,,True,True,thematic_corpus,rule:auto:תיעוד אירועים wp4699,high,
70c0c231-dd6e-4963-9a78-6d5d90cf5037,האות יוד של דוד,excel_import + verified,776,True,3,כללי,,True,False,public_core,rule:excel_import + verified,high,
da3da7e0-af7e-40c2-a906-50194bb1727a,שובו בנים שובבים,auto:תיעוד אירועים wp28180,776,True,3,,,True,True,thematic_corpus,rule:auto:תיעוד אירועים wp28180,high,
96530e03-b0da-4429-bc51-36357782f779,שובו אלי ואשובה אליכם,auto:תיעוד אירועים wp28180,776,True,3,,,True,True,thematic_corpus,rule:auto:תיעוד אירועים wp28180,high,
3ae86d01-4d00-4bc9-958e-1e4bd3a7513a,הכל מתחבר כאן,excel_import + verified,776,True,3,כללי,,True,False,public_core,rule:excel_import + verified,high,
3194fafe-f11b-4bc3-8df7-860edbea7b06,נקודה אמצעית,auto:תיעוד אירועים wp28180,776,True,3,,,True,True,thematic_corpus,rule:auto:תיעוד אירועים wp28180,high,
10325eaa-f084-40db-9558-26f437d487a8,שלמות,wp_id:23886,776,True,1,,,True,False,research_package,rule:wp_id:23886,medium,23886_wpid_cluster
aa422d8a-9cd9-4cae-90d6-84d01b92ab9c,תיקון עצמי,auto:תיעוד אירועים wp36436,776,True,3,,,True,True,thematic_corpus,rule:auto:תיעוד אירועים wp36436,high,
8f6cbd8f-c06d-4b56-841f-041ba4fea791,פריעת חוב,auto:תיעוד אירועים wp4699,776,True,3,,,True,True,thematic_corpus,rule:auto:תיעוד אירועים wp4699,high,
d807aaf2-e7ce-46bd-aca0-cf36b9a59391,תשלום,auto:תיעוד אירועים wp4699,776,True,1,,,True,True,thematic_corpus,rule:auto:תיעוד אירועים wp4699,high,
dbf71412-9f6c-404e-9fbe-841fcb7ec636,גאולת פורים,auto:תיעוד אירועים wp32380,776,True,2,,,True,True,thematic_corpus,rule:auto:תיעוד אירועים wp32380,high,
9df2ea35-1c8d-43dd-85bd-4e85305e7132,אריה,auto:תיעוד אירועים wp28180,216,True,1,,שמעון חיימוב,True,True,thematic_corpus,rule:auto:תיעוד אירועים wp28180,high,
be525d6d-c3b6-4bc3-afd6-c9ff6ec0f623,אגוז לוז עצם לחיים,wp_id:36710,358,True,3,,,True,False,research_package,rule:wp_id:36710,medium,36710_wpid_cluster
027134d3-4116-4f10-b1bc-d5dff7cede41,קרב יום,auto:תיעוד אירועים wp27374,358,True,3,,,True,True,thematic_corpus,rule:auto:תיעוד אירועים wp27374,high,
b4bf4973-1f65-4a0d-a7ad-4fa1d25c4032,אור העולם,auto:תיעוד אירועים wp28247,358,True,3,,,True,True,thematic_corpus,rule:auto:תיעוד אירועים wp28247,high,
198e080a-e493-4a74-9aac-54d5ffacd9a0,התגלות השכינה,auto:תיעוד אירועים wp11557,1234,True,2,,,True,True,thematic_corpus,rule:auto:תיעוד אירועים wp11557,high,
31db281b-446e-473d-ad50-4b4408fbf8f8,מייביס וונזיק אחות בבית חולים,auto:תיעוד אירועים wp11877,1234,True,3,,,True,True,thematic_corpus,rule:auto:תיעוד אירועים wp11877,high,
8b09b2c2-7d67-4eb1-b1c5-4e0428345582,רשת האינטרנט,auto:תיעוד אירועים wp26905,1234,True,2,,,True,True,thematic_corpus,rule:auto:תיעוד אירועים wp26905,high,
e9bc6717-7d43-41fc-a6be-3af426462564,התגלות יהוה ומשיח,auto:תיעוד אירועים wp11557,1234,True,3,,,True,True,thematic_corpus,rule:auto:תיעוד אירועים wp11557,high,
993d2c17-0165-45f8-a330-b474dbc4a2ef,ולמען ספר שמי בכל הארץ,auto:תיעוד אירועים wp16571,1234,True,3,,,True,True,thematic_corpus,rule:auto:תיעוד אירועים wp16571,high,
fecf88bf-107f-4434-9d34-f73583065809,לפתח חטאת רובץ,auto:תיעוד אירועים wp19647,1234,True,3,,,True,True,thematic_corpus,rule:auto:תיעוד אירועים wp19647,high,
ce52b2d6-fef6-40ab-ad74-314b94756c3b,גאולה פרטית כללית,auto:תיעוד אירועים wp28247,1234,True,3,,,True,True,thematic_corpus,rule:auto:תיעוד אירועים wp28247,high,
0b49557e-cd73-49d9-8b1b-db655b5ade45,התגלות הויה ומשיח,auto:תיעוד אירועים wp11557,1234,True,3,,,True,True,thematic_corpus,rule:auto:תיעוד אירועים wp11557,high,
409ccf02-ab56-4e1c-b428-6eb8cae17b0f,שער נון,manual,676,True,2,שערים,,True,False,public_core,rule:manual,medium,
3219908b-7b5a-4e4e-a1de-b7a9bc0439df,מגנומיטר,auto:תיעוד אירועים wp11588,358,True,1,,,True,True,thematic_corpus,rule:auto:תיעוד אירועים wp11588,high,
bcac793a-b7e0-4143-ab39-91f0a5e7b40c,רקבון,auto:תיעוד אירועים wp28180,358,True,1,,,True,True,thematic_corpus,rule:auto:תיעוד אירועים wp28180,high,
0f73a5c0-3e7c-4b51-89cc-5204bdcae266,סערות תימן,אוצרות הגילוי · גלריית 1820,1236,True,3,אוצרות הגילוי,,False,False,thematic_corpus,rule:אוצרות הגילוי · גלריית 1820,high,
ec3317af-a596-42b0-a6ea-a2d027091350,המן על העץ,אוצרות הגילוי · גלריית 1820,360,True,3,אוצרות הגילוי,,False,False,thematic_corpus,rule:אוצרות הגילוי · גלריית 1820,high,
3d8eb531-65a8-4185-868a-0751d69d943b,הערפל,auto:תיעוד אירועים wp30856,385,True,1,,,True,True,thematic_corpus,rule:auto:תיעוד אירועים wp30856,high,
63f8ce57-74eb-4f5e-beaf-25f1d1b81097,אש המשיח,סלי מור,664,True,3,תשעה באב תשפו,,True,False,research_package,rule:סלי מור,high,seli_mor_tisha_bav
572e0d4d-99fd-4379-9170-49ebb05b9bc5,מגילת איכה,סלי מור,519,True,3,תשעה באב תשפו,,True,False,research_package,rule:סלי מור,high,seli_mor_tisha_bav
5d712751-faf6-4725-a9ce-79b4c78ac074,זמן גאולתנו,post:5007,593,True,3,גאולה,,True,False,public_core,rule:post:5007,high,
e766526f-a6d1-46fb-a6a4-719be22ae336,לגוזר ים סוף לגזרים כי לעלם חסדו,תהלים קלו:יג,1010,True,3,פסוק,,True,False,public_core,rule:תהלים קלו:יג,high,
3070bc34-12d3-4f77-b9b6-71bccf05102f,היום ט באב תשפו,סלי מור,861,True,3,תשעה באב תשפו,,True,False,research_package,rule:סלי מור,high,seli_mor_tisha_bav
ee8afcb4-c438-4bd5-9cbb-9e24542a9c95,חסד ודין בערבוב,סלי מור,424,True,3,תשעה באב תשפו,,True,False,research_package,rule:סלי מור,high,seli_mor_tisha_bav
8e10f155-b248-4a2d-a3d8-323128519120,מקדש יורד משמים,סלי מור,1094,True,3,תשעה באב תשפו,,True,False,research_package,rule:סלי מור,high,seli_mor_tisha_bav
d6c8af8a-dd2a-4e8f-a0eb-68c6246bb148,מקדש שלישי,סלי מור,1094,True,3,תשעה באב תשפו,,True,False,research_package,rule:סלי מור,high,seli_mor_tisha_bav
92e9dd33-9afb-4cf5-b86f-1f0f695705df,מקדש יורד,סלי מור,664,True,3,תשעה באב תשפו,,True,False,research_package,rule:סלי מור,high,seli_mor_tisha_bav
10cde802-3da9-4fb2-9687-52fd539be957,גירוש,סלי מור,519,True,3,תשעה באב תשפו,,True,False,research_package,rule:סלי מור,high,seli_mor_tisha_bav
702a18f6-57be-48a8-8812-6aba8d8b90ec,יונה,auto:תיעוד אירועים wp30776,71,True,1,,,True,True,thematic_corpus,rule:auto:תיעוד אירועים wp30776,high,
3ca73812-0ade-444d-a5af-a703be1c18f1,תרנגול,auto:תיעוד אירועים wp16924,689,True,1,,,True,True,thematic_corpus,rule:auto:תיעוד אירועים wp16924,high,
0960d374-92d9-4515-bfbc-6a9622a8dbae,גול,wp_id:9398,39,True,1,מילה,,True,False,research_package,rule:wp_id:9398,medium,9398_wpid_cluster
aac3c9d9-e78c-4cf4-9d59-93715f6ebb31,בכר,wp_id:9398,222,True,1,מילה,,True,False,research_package,rule:wp_id:9398,medium,9398_wpid_cluster
d88ea40a-153a-4116-8870-71fecc52343b,ברוך מחיה המתים,צבי (OPOC),786,True,3,רמזי צבי,,True,False,research_package,rule:צבי (OPOC),high,tzvi_opoc_direct_599_656_610
a25bf129-bf14-4f9e-8b7d-c7b363c1b68d,חבד,wp_id:36710,14,True,1,,,True,False,research_package,rule:wp_id:36710,medium,36710_wpid_cluster
ee83a913-f578-4526-a47a-442f8f654bd4,דת,wp_id:36710,404,True,1,,,True,False,research_package,rule:wp_id:36710,medium,36710_wpid_cluster
62ac0dd7-6e44-422e-af8d-6d283c5dbc11,שופט צדיק,צבי (OPOC),599,True,3,רמזי צבי,,True,False,research_package,rule:צבי (OPOC),high,tzvi_opoc_direct_599_656_610
29227343-7f65-4d46-950d-7b8d0fce231b,אדם,wp_id:26967,45,True,1,מילה,,True,False,research_package,rule:wp_id:26967,medium,26967_wpid_cluster
badd1850-77b3-443c-9097-fcea5d2698fe,בן,wp_id:36710,52,True,1,,,True,False,research_package,rule:wp_id:36710,medium,36710_wpid_cluster
725514d8-a49c-46f1-b61a-2163a881939d,מגלגלין זכות,צבי (OPOC),599,True,3,רמזי צבי,,True,False,research_package,rule:צבי (OPOC),high,tzvi_opoc_direct_599_656_610
d60d8c57-9d97-4b6c-a213-16a42828e80d,מודה אני לפניך,צבי (OPOC),306,True,3,רמזי צבי,,True,False,research_package,rule:צבי (OPOC),high,tzvi_opoc_direct_599_656_610
18f0aba4-159f-4c74-b4a0-09ffa308f290,הפתעה,wp_id:36710,560,True,1,,,True,False,research_package,rule:wp_id:36710,medium,36710_wpid_cluster
92702ead-cbfe-46c1-8e3f-a7bc949b6b2e,אליהו,wp_id:36710,52,True,1,,,True,False,research_package,rule:wp_id:36710,medium,36710_wpid_cluster
78bd016a-2325-45c1-b2eb-310c310a7942,בינה,wp_id:36710,67,True,1,,,True,False,research_package,rule:wp_id:36710,medium,36710_wpid_cluster
73eefdd9-8d2d-409d-9ef9-1b32f7713171,עבד יהוה,צבי (OPOC),102,True,3,רמזי צבי,,True,False,research_package,rule:צבי (OPOC),high,tzvi_opoc_direct_599_656_610
b74365ed-4d86-4f0c-af55-165d2b5c2955,יפול צדיק וקם,צבי (OPOC),476,True,3,רמזי צבי,,True,False,research_package,rule:צבי (OPOC),high,tzvi_opoc_direct_599_656_610
f6b3c799-ae8e-484c-9b28-43e2901aa046,צבי לצדיק,צבי (OPOC),336,True,3,רמזי צבי,,True,False,research_package,rule:צבי (OPOC),high,tzvi_opoc_direct_599_656_610
57158340-4a63-4fce-b438-83e1f0262829,יין,wp_id:31540,70,True,1,,,True,False,research_package,rule:wp_id:31540,medium,31540_wpid_cluster
c7b9355b-5467-42b5-9493-339451c59eef,מצאתי חן,צבי (OPOC),599,True,3,רמזי צבי,,True,False,research_package,rule:צבי (OPOC),high,tzvi_opoc_direct_599_656_610
0d28ab2c-38ca-4afd-865a-eafeba0d7e90,והיה אור הלבנה כאור החמה,צבי (OPOC),610,True,3,רמזי צבי,,True,False,research_package,rule:צבי (OPOC),high,tzvi_opoc_direct_599_656_610
f88db1c7-6fc9-4162-b771-ffbfece138a4,ומחץ מכתו,צבי (OPOC),610,True,3,רמזי צבי,,True,False,research_package,rule:צבי (OPOC),high,tzvi_opoc_direct_599_656_610
1430f5bb-07c6-4977-86f1-6c279692459f,חזון,wp_id:19012,71,True,1,,,True,False,research_package,rule:wp_id:19012,medium,19012_wpid_cluster
cca02aad-66b8-4afe-afd7-c14d21a39f73,חנניה בן עקשיא,צבי (OPOC),656,True,3,רמזי צבי,,True,False,research_package,rule:צבי (OPOC),high,tzvi_opoc_direct_599_656_610
7f0aafbf-2c18-4728-ad80-b72f6b358d8f,אבות העולם,צבי (OPOC),560,True,3,רמזי צבי,,True,False,research_package,rule:צבי (OPOC),high,tzvi_opoc_direct_599_656_610
a5ce8f9d-c87e-408f-b63a-d60e6822b2de,כרמים,צבי (OPOC),310,True,3,רמזי צבי,,True,False,research_package,rule:צבי (OPOC),high,tzvi_opoc_direct_599_656_610
4d3d1c57-551b-468c-9b4d-a05ac29b54f9,וימשש,צבי (OPOC),656,True,3,רמזי צבי,,True,False,research_package,rule:צבי (OPOC),high,tzvi_opoc_direct_599_656_610
a790f4b7-a2ce-4606-9be9-f4abdeb79e3f,אביונים,צבי (OPOC),119,True,3,רמזי צבי,,True,False,research_package,rule:צבי (OPOC),high,tzvi_opoc_direct_599_656_610
ed2c9cb7-5d02-4375-8f13-6f4624badba4,אם עד תכלית שדי תמצא,manual,1820,True,3,פסוק,,True,False,research_package,rule:manual,medium,yaniv_1820_cluster
afc08b38-5f1c-44a3-8b83-ee72d4613dd7,קרח ועדתו,ציון סיבוני,794,True,3,רמזי כתבים,,True,False,duplicate_normalized,rule:ציון סיבוני,high,
3f51afa6-3137-4625-8526-4a9a08398a61,בי נשבעתי,ציון סיבוני,844,True,3,רמזי כתבים,,True,False,duplicate_normalized,rule:ציון סיבוני,high,
52fdaede-d1a3-47a1-8be0-7498535ba760,שנאורסון,auto:תיעוד אירועים wp35827,673,True,1,,,True,True,thematic_corpus,rule:auto:תיעוד אירועים wp35827,high,
9e0e9874-1895-42ee-bae8-4d0fec2dc85f,עדן,wp_id:20584,124,True,1,,,True,False,research_package,rule:wp_id:20584,medium,20584_wpid_cluster
4b3aefbf-6410-415e-a166-4bfb27120e69,רגל,auto:תיעוד אירועים wp35014,233,True,1,,,True,True,thematic_corpus,rule:auto:תיעוד אירועים wp35014,high,
1400a8c5-7773-4aac-b595-2f3dd0ebbae4,שני,auto:תיעוד אירועים wp33173,360,True,1,,,True,True,thematic_corpus,rule:auto:תיעוד אירועים wp33173,high,
dae04973-1a45-40c4-9ec3-3c4073848bb2,שפע,auto:תיעוד אירועים wp28180,450,True,1,,,True,True,thematic_corpus,rule:auto:תיעוד אירועים wp28180,high,
18b71d90-03ce-4d97-9be4-3d5ac6cf46ac,צים,auto:תיעוד אירועים wp27374,140,True,1,,,True,True,thematic_corpus,rule:auto:תיעוד אירועים wp27374,high,
1eddf7c7-6805-421e-a5a9-d84f8fa2ab14,נסראללה,צוריאל,376,True,3,גאולה ומשיח,,True,False,public_core,rule:צוריאל,high,
ac26ad9f-bf8d-499c-b9ba-eab888bbaae5,קרן,wp_id:29256,350,True,1,,,True,False,research_package,rule:wp_id:29256,medium,29256_wpid_cluster
475e9e49-8324-4f9d-88f4-18e0733e2eea,מתחם,auto:תיעוד אירועים wp16668,488,True,1,,,True,True,thematic_corpus,rule:auto:תיעוד אירועים wp16668,high,
f590ec67-5f04-40fa-a324-4ce50f6886ad,יחידה,wp_id:29256,37,True,1,,,True,False,research_package,rule:wp_id:29256,medium,29256_wpid_cluster
8d634337-82db-4966-83c6-57ac8589f2e2,חותים,auto:תיעוד אירועים wp36207,464,True,1,,,True,True,thematic_corpus,rule:auto:תיעוד אירועים wp36207,high,
ddd5d0f4-ce26-48d7-8b7a-ee788b1dea1e,שריון,auto:תיעוד אירועים wp35497,566,True,1,,,True,True,thematic_corpus,rule:auto:תיעוד אירועים wp35497,high,
dfff05d6-960b-41b6-adf4-29850e734e6f,דויד מלך ישראל,auto:תיעוד אירועים wp16571,655,True,3,,,True,True,thematic_corpus,rule:auto:תיעוד אירועים wp16571,high,
88ecbe2e-b5cf-4d7d-829a-694699db41d9,אלף,auto:תיעוד אירועים wp16294,111,True,1,,,True,True,thematic_corpus,rule:auto:תיעוד אירועים wp16294,high,
177e7f27-0b98-42db-98d4-a335c1cce051,ירושלים,auto:תיעוד אירועים wp16166,596,True,1,,,True,True,thematic_corpus,rule:auto:תיעוד אירועים wp16166,high,
94951514-aaec-40e8-b8a8-36a398802a9f,ציון,auto:תיעוד אירועים wp36103,156,True,1,,,True,True,thematic_corpus,rule:auto:תיעוד אירועים wp36103,high,
4f284982-26a5-4990-94ec-046f597eab80,צוריאל,self,337,False,3,,,True,False,public_core,rule:self,low,
70b80f32-5983-4645-9c67-c60a95716e14,שש קצוות,סשן 23.7.2026,1202,True,3,,,True,False,archival_raw,rule:סשן 23.7.2026,high,
4cc3b2d8-6bf1-4e98-a300-1814468cdec0,דיבור,wp_id:9398,222,True,1,מילה,,True,False,research_package,rule:wp_id:9398,medium,9398_wpid_cluster
2394ce32-3db9-47ca-90b2-c5ead03ff479,שמי,wp_id:29256,350,True,1,,,True,False,research_package,rule:wp_id:29256,medium,29256_wpid_cluster
cd2d4515-0066-4a15-b125-7fd29d32aefa,נחמן,wp_id:36710,148,True,1,,,True,False,research_package,rule:wp_id:36710,medium,36710_wpid_cluster
ab4d035c-3540-453a-bd82-3d17d73fce57,פורים,wp_id:31540,336,True,1,,,True,False,research_package,rule:wp_id:31540,medium,31540_wpid_cluster
8a68d2c6-cdda-4ca7-b87a-88417217eb9c,ערפדים,wp_id:36710,404,True,1,,,True,False,research_package,rule:wp_id:36710,medium,36710_wpid_cluster
08ab5a52-45bb-4f80-a831-2fff28a7beea,תמוז,wp_id:36710,453,True,1,,,True,False,research_package,rule:wp_id:36710,medium,36710_wpid_cluster
147551ab-d1b7-474c-83d0-d774bd1db300,אלול,auto:תיעוד אירועים wp27541,67,True,1,,,True,True,thematic_corpus,rule:auto:תיעוד אירועים wp27541,high,
c280c450-1ca0-499a-8e1b-790bb9abf02b,רמאדן,auto:תיעוד אירועים wp32852,295,True,1,,,True,True,thematic_corpus,rule:auto:תיעוד אירועים wp32852,high,
65fcf3ae-7e8a-424d-b3ed-04f60ac154ea,פתאם,auto:תיעוד אירועים wp32380,521,True,1,,,True,True,thematic_corpus,rule:auto:תיעוד אירועים wp32380,high,
a9385f6a-4557-4194-86f3-12c6a34e5861,רחוקים,wp_id:23886,364,True,1,,,True,False,research_package,rule:wp_id:23886,medium,23886_wpid_cluster
9a24fe38-fe6b-49dd-aa1b-05e2fb19360c,ציון במשפט תפדה,auto:תיעוד אירועים wp34433,1076,True,3,,,True,False,thematic_corpus,rule:auto:תיעוד אירועים wp34433,high,
243002ba-3810-472a-8ee6-7daa4e109a9d,כרבים,auto:תיעוד אירועים wp32380,272,True,1,,,True,True,thematic_corpus,rule:auto:תיעוד אירועים wp32380,high,
fbe9b381-2251-452c-8a4c-63a86b500fbd,צמצום,auto:תיעוד אירועים wp16702,266,True,1,,,True,True,thematic_corpus,rule:auto:תיעוד אירועים wp16702,high,
3e31b202-c8b8-4186-8439-2ea608ebd326,פסק,auto:תיעוד אירועים wp19498,240,True,1,,,True,True,thematic_corpus,rule:auto:תיעוד אירועים wp19498,high,
f12ffe72-85c5-4e21-92d2-4c3425857786,קרובים,wp_id:23886,358,True,1,,,True,False,research_package,rule:wp_id:23886,medium,23886_wpid_cluster
2168d9ac-722b-43a1-840c-d182fc65ee81,סימן,wp_id:23886,160,True,1,,,True,False,research_package,rule:wp_id:23886,medium,23886_wpid_cluster
aedc0690-9233-4783-89fe-25da3ed1a3f0,ביג,auto:תיעוד אירועים wp6106,15,True,1,,,True,True,thematic_corpus,rule:auto:תיעוד אירועים wp6106,high,
d18ae9db-aa0e-4287-9a95-cb2c88d52452,ספינרים,auto:תיעוד אירועים wp10937,450,True,1,,,True,True,thematic_corpus,rule:auto:תיעוד אירועים wp10937,high,
7b9a44c6-f4cd-4054-ae8e-a73fee2202a1,המכבייה,auto:תיעוד אירועים wp11545,92,True,1,,,True,True,thematic_corpus,rule:auto:תיעוד אירועים wp11545,high,
fde93d65-4ef1-4960-8ca5-c065b3f862b0,קמח,wp_id:36710,148,True,1,,,True,False,research_package,rule:wp_id:36710,medium,36710_wpid_cluster
c4edd5fb-e47a-4143-ab15-cbd2b20293e0,נסתר,wp_id:31540,710,True,1,,,True,False,research_package,rule:wp_id:31540,medium,31540_wpid_cluster
21cdce6c-1ecc-4746-98b8-63eb9f213ebe,דין,wp_id:23886,64,True,1,,,True,False,research_package,rule:wp_id:23886,medium,23886_wpid_cluster
221d280a-158a-4fae-b9d9-a6b47346909c,נצח,wp_id:36710,148,True,1,,,True,False,research_package,rule:wp_id:36710,medium,36710_wpid_cluster
65356f8a-cf51-41f9-898c-6f988bddeecf,טוב,wp_id:23886,17,True,1,,,True,False,research_package,rule:wp_id:23886,medium,23886_wpid_cluster
97ea4d25-8f57-4512-b735-106753a609d8,מאוד,wp_id:23886,51,True,1,,,True,False,research_package,rule:wp_id:23886,medium,23886_wpid_cluster
89532b1f-1bd3-4e88-a4be-4edf426b345d,מעשה,wp_id:23886,415,True,1,,,True,False,research_package,rule:wp_id:23886,medium,23886_wpid_cluster
4acc0be8-6219-4e2c-bccf-fe71be4428ca,תשע,wp_id:36710,770,True,1,,,True,False,research_package,rule:wp_id:36710,medium,36710_wpid_cluster
807006b7-176d-435a-99d0-5dac1ed65bf6,קורונה,wp_id:20584,367,True,1,,,True,False,research_package,rule:wp_id:20584,medium,20584_wpid_cluster
0c37d423-82aa-4e61-8070-f3e61c94e617,רמז,wp_id:20584,247,True,1,,,True,False,research_package,rule:wp_id:20584,medium,20584_wpid_cluster
0e764b76-3c14-4f07-aec0-6f274e1642f0,וישב בחברון,auto:תיעוד אירועים wp27754,586,True,3,,,True,True,thematic_corpus,rule:auto:תיעוד אירועים wp27754,high,
3679979e-def5-4391-970f-982a4c5927ce,אברהם אבינו,auto:תיעוד אירועים wp16571,317,True,3,,,True,True,thematic_corpus,rule:auto:תיעוד אירועים wp16571,high,
d86f6272-c9bc-4814-a6fc-8fd394bd1a01,הגאולה,auto:תיעוד אירועים wp9460,50,True,1,,,True,True,thematic_corpus,rule:auto:תיעוד אירועים wp9460,high,
b3eff75f-8e20-494c-936c-0001f416e63e,סין,auto:תיעוד אירועים wp10937,120,True,1,,,True,True,thematic_corpus,rule:auto:תיעוד אירועים wp10937,high,
d47b0ba1-c3cb-48eb-9df1-d8e6025dc537,סגר,auto:תיעוד אירועים wp16571,263,True,1,,,True,True,thematic_corpus,rule:auto:תיעוד אירועים wp16571,high,
